codigo_municipio,nome_municipio,uf,qtd_inscritos,qtd_treineiros,indice_vulnerabilidade_medio,pct_sem_computador,pct_sem_internet,pct_escola_publica,pct_sem_renda_familiar,pct_pais_baixa_escolaridade,pct_baixa_vulnerabilidade,pct_media_vulnerabilidade,pct_alta_vulnerabilidade,nota_media_cn,nota_media_ch,nota_media_lc,nota_media_mt,nota_media_redacao,nota_media_geral,n_efetivo_nota,taxa_ausencia_pct,pct_treineiros,peso_estatistico,regiao
1100015,Alta Floresta D'Oeste,RO,601,117,2.131447587354409,61.39767054908486,6.4891846921797,97.67054908485858,7.820299500831947,39.767054908485854,27.454242928452576,66.55574043261231,5.990016638935108,478.2917948717948,488.2592307692308,501.75307692307695,474.4423076923077,564.5641025641025,501.46210256410257,390,35.108153078202996,19.467554076539102,390,Norte
1100023,Ariquemes,RO,3497,518,1.8627394909922792,51.186731484129254,10.523305690591936,90.47755218758937,6.090935087217615,27.99542464969974,38.89047755218759,55.24735487560767,5.862167572204747,487.624118207817,497.43260247855096,515.9279790276453,491.18446139180173,547.6549094375596,507.9648141086749,2098,40.00571918787532,14.812696597083214,2098,Norte
1100049,Cacoal,RO,3150,558,1.6571428571428573,47.14285714285714,5.936507936507937,78.60317460317461,5.2063492063492065,28.825396825396826,46.507936507936506,49.39682539682539,4.095238095238096,494.4118257261411,503.1855809128631,522.9086618257262,507.0167531120332,570.9128630705394,519.6871369294606,1928,38.79365079365079,17.71428571428571,1928,Norte
1100056,Cerejeiras,RO,480,93,1.8145833333333334,50.83333333333333,3.125,94.16666666666667,3.5416666666666665,29.791666666666668,41.041666666666664,56.458333333333336,2.5,482.90607028753993,492.2968051118211,510.4952076677316,479.92907348242807,548.370607028754,502.79955271565495,313,34.791666666666664,19.375,313,Norte
1100064,Colorado do Oeste,RO,578,90,1.657439446366782,38.581314878892734,3.1141868512110724,97.23183391003461,2.941176470588235,23.875432525951556,51.21107266435986,47.2318339100346,1.5570934256055362,497.3528967254408,502.1352644836272,518.115113350126,502.4181360201511,553.2997481108313,514.6642317380353,397,31.314878892733567,15.570934256055363,397,Norte
1100080,Costa Marques,RO,302,57,2.1589403973509933,65.56291390728477,8.609271523178808,97.35099337748345,12.582781456953644,31.788079470198678,28.807947019867548,62.251655629139066,8.940397350993377,466.3908653846154,477.72596153846155,500.0264423076923,470.69615384615383,499.90384615384613,482.9486538461539,208,31.12582781456954,18.874172185430464,208,Norte
1100098,Espigão D'Oeste,RO,746,111,1.9664879356568365,55.49597855227882,5.227882037533512,88.73994638069705,5.898123324396782,41.28686327077748,33.10991957104557,61.52815013404825,5.361930294906166,491.0305239179954,491.7993166287016,507.63097949886105,498.2095671981777,555.7630979498861,508.8866970387244,439,41.15281501340483,14.87935656836461,439,Norte
1100106,Guajará-Mirim,RO,2026,326,2.186574531095755,62.58637709772952,11.204343534057255,94.71865745310957,16.189536031589338,33.95853899308983,28.381046396841064,60.26653504442251,11.352418558736426,461.8030794165316,468.35307941653156,486.4144246353323,442.7951377633711,485.8833063209076,469.04980551053484,1234,39.09180651530109,16.090819348469893,1234,Norte
1100114,Jaru,RO,1743,272,1.8904188181296615,52.89730349971313,6.024096385542169,92.82845668387837,6.138841078600115,31.153184165232357,37.46414228341939,58.23293172690763,4.3029259896729775,486.7662024141133,497.0257195914577,515.4561745589601,491.31810584958214,556.9730733519034,509.5078551532033,1077,38.20998278829604,15.605278255880666,1077,Norte
1100122,Ji-Paraná,RO,3368,528,1.7108076009501187,47.29809976247031,6.0570071258907365,88.27197149643705,5.10688836104513,24.346793349168646,44.388361045130644,51.78147268408551,3.8301662707838484,490.9636915887851,500.4250934579439,519.6056542056075,502.9380841121495,572.4953271028037,517.285570093458,2140,36.46080760095012,15.676959619952493,2140,Norte
1100130,Machadinho D'Oeste,RO,689,124,2.0986937590711174,62.11901306240929,12.336719883889694,91.43686502177069,7.111756168359943,36.86502177068215,30.76923076923077,59.21625544267054,10.014513788098693,481.4278325123153,481.6588669950739,503.53620689655173,473.9985221674877,530.5911330049261,494.2425123152709,406,41.07402031930334,17.99709724238026,406,Norte
1100148,Nova Brasilândia D'Oeste,RO,347,58,2.048991354466859,62.2478386167147,6.9164265129683,95.10086455331412,7.204610951008646,33.429394812680115,30.835734870317005,63.40057636887608,5.763688760806916,484.97341772151896,492.89198312236283,505.66708860759496,496.7270042194093,603.6286919831224,516.7776371308017,237,31.70028818443804,16.714697406340058,237,Norte
1100155,Ouro Preto do Oeste,RO,998,185,1.7885771543086173,50.0,5.410821643286573,91.98396793587175,4.108216432865731,27.354709418837675,42.985971943887776,53.707414829659314,3.306613226452906,497.14968253968254,497.5919047619048,518.4520634920635,500.9844444444445,560.9206349206349,515.0197460317461,630,36.873747494989985,18.537074148296593,630,Norte
1100189,Pimenta Bueno,RO,1097,207,1.84412032816773,53.23609845031905,3.919781221513218,95.9890610756609,4.102096627164995,27.164995442114858,39.106654512306285,57.064721969006385,3.828623518687329,484.946347941567,487.1847277556441,507.4828685258964,482.0525896414342,531.0225763612218,498.5378220451527,753,31.35824977210574,18.86964448495898,753,Norte
1100205,Porto Velho,RO,17893,3337,1.7985804504554854,51.66266137595707,12.809478567037388,83.14983513105683,9.914491700665065,22.32157827083217,41.80964623036942,50.62314871737551,7.567205052255072,487.23518112446277,497.5518638715902,518.2495395140777,487.3860363126042,557.0651697219542,509.4975581089378,11401,36.28234505113732,18.649751299390825,11401,Norte
1100254,Presidente Médici,RO,533,101,2.026266416510319,59.849906191369605,5.065666041275797,96.24765478424015,7.5046904315197,33.95872420262664,34.146341463414636,60.0375234521576,5.816135084427768,485.9445040214477,498.06005361930295,511.3573726541555,490.8895442359249,563.5924932975871,509.9687935656837,373,30.0187617260788,18.94934333958724,373,Norte
1100288,Rolim de Moura,RO,2174,391,1.8684452621895125,51.057957681692734,5.47378104875805,93.83624655013799,6.025758969641214,30.45078196872125,38.86844526218951,57.03771849126035,4.093836246550138,485.9953146853147,494.97538461538466,511.958041958042,489.34566433566437,549.6223776223776,506.37935664335663,1430,34.22263109475621,17.985280588776448,1430,Norte
1100304,Vilhena,RO,3045,491,1.5878489326765188,41.18226600985221,6.830870279146141,83.11986863711002,3.842364532019704,23.809523809523807,50.3448275862069,46.23973727422003,3.4154351395730704,495.45688073394496,502.6088876146789,525.297993119266,504.1659403669725,580.9862385321101,521.7031880733945,1744,42.72577996715927,16.1247947454844,1744,Norte
1100320,São Miguel do Guaporé,RO,672,104,2.107142857142857,61.16071428571429,5.803571428571429,96.42857142857143,8.035714285714286,39.285714285714285,28.57142857142857,65.17857142857143,6.25,478.8345403899722,482.1292479108635,495.60250696378824,463.59470752089135,529.4150417827298,489.915208913649,359,46.577380952380956,15.476190476190476,359,Norte
1100346,Alvorada D'Oeste,RO,485,95,2.0948453608247424,61.649484536082475,4.742268041237113,95.25773195876288,9.072164948453608,38.76288659793815,28.659793814432987,66.59793814432989,4.742268041237113,463.1145061728395,477.11913580246915,497.48641975308647,458.925,542.1604938271605,487.7611111111111,324,33.1958762886598,19.587628865979383,324,Norte
1100403,Alto Paraíso,RO,288,33,2.2534722222222223,73.95833333333334,6.25,97.91666666666666,6.597222222222222,40.625,18.055555555555554,73.61111111111111,8.333333333333332,475.52392638036804,475.8312883435583,494.6754601226994,469.31840490797543,509.69325153374234,485.0084662576687,163,43.40277777777778,11.458333333333332,163,Norte
1100452,Buritis,RO,900,133,2.1444444444444444,60.44444444444444,5.888888888888888,97.55555555555556,7.777777777777778,42.77777777777778,29.444444444444446,64.33333333333333,6.222222222222222,472.1606060606061,484.59777777777776,502.5543434343434,476.87919191919195,531.5555555555555,493.54949494949494,495,44.99999999999999,14.777777777777779,495,Norte
1101302,Mirante da Serra,RO,470,129,1.8340425531914895,58.29787234042553,4.680851063829787,80.0,4.25531914893617,36.17021276595745,37.659574468085104,57.87234042553191,4.468085106382979,474.94520958083837,479.23592814371256,500.06676646706586,476.62485029940126,575.6287425149701,501.30029940119755,334,28.936170212765955,27.4468085106383,334,Norte
1101401,Monte Negro,RO,338,80,2.1420118343195265,63.905325443786985,8.579881656804734,97.33727810650888,4.733727810650888,39.64497041420118,28.106508875739642,63.609467455621306,8.284023668639055,475.74162679425837,490.7497607655502,504.66124401913873,468.7995215311005,534.5454545454545,494.8995215311005,209,38.165680473372774,23.668639053254438,209,Norte
1101492,São Francisco do Guaporé,RO,378,84,2.044973544973545,62.698412698412696,5.026455026455026,94.97354497354497,7.671957671957672,34.12698412698413,28.306878306878307,67.1957671957672,4.497354497354497,474.8287610619469,477.01681415929204,500.72566371681415,473.2721238938053,546.0176991150443,494.37221238938054,226,40.21164021164021,22.22222222222222,226,Norte
1200013,Acrelândia,AC,511,82,2.4187866927592956,71.81996086105676,12.32876712328767,98.23874755381604,16.43835616438356,43.05283757338552,18.003913894324853,68.10176125244618,13.894324853228962,464.87371794871797,470.5375,497.23301282051284,451.18878205128203,496.6025641025641,476.08711538461534,312,38.94324853228963,16.046966731898237,312,Norte
1200104,Brasiléia,AC,946,136,2.2790697674418605,65.01057082452432,18.921775898520085,95.03171247357294,18.49894291754757,30.443974630021142,26.849894291754755,58.985200845665965,14.16490486257928,467.3380281690141,482.000234741784,501.7028169014084,468.4424882629108,507.69953051643193,485.4366197183099,426,54.96828752642706,14.376321353065538,426,Norte
1200203,Cruzeiro do Sul,AC,4362,671,2.5960568546538285,70.38055937643283,38.239339752407155,94.97936726272353,18.04218248509858,37.964236588720766,22.054103622191658,52.70518110958275,25.240715268225582,472.6040626164741,486.69258292955647,509.49049571375326,464.57849422288484,568.9153932165486,500.4562057398435,2683,38.491517652453,15.382851902796881,2683,Norte
1200302,Feijó,AC,698,136,2.812320916905444,77.36389684813754,38.25214899713467,98.56733524355302,21.63323782234957,45.41547277936962,16.475644699140403,52.14899713467048,31.37535816618911,452.7182336182336,469.9928774928775,495.17350427350425,446.65527065527067,502.6210826210826,473.43219373219375,351,49.713467048710605,19.484240687679083,351,Norte
1200328,Jordão,AC,152,15,3.2039473684210527,76.31578947368422,68.42105263157895,97.36842105263158,30.263157894736842,48.026315789473685,15.789473684210526,36.84210526315789,47.368421052631575,447.67083333333335,464.3013888888888,478.1111111111111,436.37916666666666,430.0,451.2925,72,52.63157894736843,9.868421052631579,72,Norte
1200336,Mâncio Lima,AC,638,119,2.75705329153605,78.99686520376176,39.0282131661442,97.96238244514106,23.35423197492163,36.36363636363637,15.203761755485893,59.87460815047022,24.921630094043888,452.2797647058823,464.5962352941176,480.99388235294117,441.216705882353,537.6,475.33731764705885,425,33.38557993730408,18.65203761755486,425,Norte
1200351,Marechal Thaumaturgo,AC,337,48,3.3620178041543025,81.89910979228486,67.95252225519289,100.0,32.34421364985163,54.00593471810089,9.495548961424333,40.652818991097924,49.85163204747774,453.3632183908046,477.51666666666665,477.4373563218391,426.61206896551727,515.2873563218391,470.0433333333334,174,48.367952522255194,14.243323442136498,174,Norte
1200385,Plácido de Castro,AC,298,44,2.4060402684563758,66.77852348993288,23.154362416107382,97.6510067114094,16.10738255033557,36.91275167785235,24.161073825503358,58.7248322147651,17.114093959731544,464.1909523809524,471.2342857142857,499.61619047619047,454.39619047619044,515.8095238095239,481.0494285714286,210,29.53020134228188,14.76510067114094,210,Norte
1200393,Porto Walter,AC,239,15,3.4435146443514646,92.46861924686193,73.22175732217573,99.581589958159,25.523012552301257,53.55648535564853,2.928870292887029,43.93305439330544,53.13807531380753,437.0207547169811,462.28018867924527,474.82264150943394,437.5415094339623,538.4905660377359,470.0311320754717,106,55.64853556485356,6.2761506276150625,106,Norte
1200401,Rio Branco,AC,17124,2679,2.0264540995094604,59.24433543564588,20.071245036206495,84.29689324924084,11.282410651716889,27.75052557813595,34.664797944405514,53.12427003036674,12.210932025227752,490.117454275369,507.17002135363475,526.103917927769,492.91932039736326,581.5058954600315,519.5633218828335,10771,37.09997664097173,15.644709180098108,10771,Norte
1200435,Santa Rosa do Purus,AC,58,10,2.603448275862069,70.6896551724138,39.6551724137931,98.27586206896551,20.689655172413794,31.03448275862069,20.689655172413794,58.620689655172406,20.689655172413794,440.3433333333333,456.18333333333334,477.88666666666666,423.5733333333334,501.3333333333333,459.864,30,48.275862068965516,17.24137931034483,30,Norte
1200450,Senador Guiomard,AC,815,177,2.5828220858895707,77.54601226993864,28.957055214723926,96.68711656441718,18.03680981595092,37.05521472392638,17.42331288343558,61.59509202453988,20.98159509202454,463.5374031007752,476.56744186046507,500.19651162790694,462.57713178294574,534.1085271317829,487.3974031007752,516,36.687116564417174,21.717791411042946,516,Norte
1200500,Sena Madureira,AC,1151,137,2.594265855777585,73.7619461337967,23.71850564726325,98.78366637706343,21.720243266724587,41.44222415291051,19.02693310165074,59.33970460469157,21.63336229365769,466.2561815336463,483.6098591549296,501.3062597809077,462.03740219092333,550.547730829421,492.7514866979656,639,44.483058210251954,11.902693310165075,639,Norte
1200609,Tarauacá,AC,1029,168,2.7269193391642372,77.16229348882409,36.054421768707485,97.47327502429543,22.060252672497572,39.94169096209912,17.006802721088434,57.04567541302236,25.94752186588921,460.31018181818183,477.1430909090909,492.8501818181818,451.33745454545453,515.4909090909091,479.42636363636365,550,46.55004859086491,16.3265306122449,550,Norte
1200708,Xapuri,AC,258,40,2.372093023255814,71.31782945736434,22.093023255813954,96.51162790697676,11.627906976744185,35.65891472868217,22.868217054263564,60.85271317829457,16.27906976744186,488.1394736842105,500.875,516.5677631578948,465.84473684210525,550.2631578947369,504.3380263157895,152,41.08527131782945,15.503875968992247,152,Norte
1200807,Porto Acre,AC,341,33,2.832844574780059,84.1642228739003,31.378299120234605,98.82697947214076,22.28739002932551,46.62756598240469,10.850439882697946,64.22287390029325,24.926686217008797,458.54595959595963,472.2641414141414,493.9944444444444,444.9464646464646,520.0,477.950202020202,198,41.93548387096774,9.67741935483871,198,Norte
1300029,Alvarães,AM,269,12,3.100371747211896,77.32342007434944,67.28624535315984,99.25650557620817,21.933085501858738,44.237918215613384,9.66542750929368,49.07063197026022,41.2639405204461,434.2991666666667,460.68583333333333,474.3775,408.64000000000004,452.5,446.10049999999995,120,55.39033457249071,4.4609665427509295,120,Norte
1300060,Amaturá,AM,320,21,3.54375,85.0,75.3125,100.0,50.9375,43.125,6.25,40.625,53.125,429.4284722222222,449.6652777777778,439.6340277777778,409.5909722222222,328.3333333333333,411.3304166666667,144,55.00000000000001,6.5625,144,Norte
1300086,Anamã,AM,259,51,2.7335907335907335,79.53667953667953,40.92664092664093,99.61389961389962,20.077220077220076,33.204633204633204,13.513513513513514,62.16216216216216,24.324324324324326,445.2487012987013,457.5954545454545,470.2344155844156,419.72597402597404,452.5974025974026,449.08038961038966,154,40.54054054054054,19.69111969111969,154,Norte
1300102,Anori,AM,283,10,2.802120141342756,81.62544169611307,36.74911660777385,97.52650176678446,28.621908127208478,35.68904593639576,12.36749116607774,60.07067137809188,27.56183745583039,453.31615384615384,467.7,484.26153846153846,434.93,511.84615384615387,470.41076923076923,130,54.06360424028269,3.53356890459364,130,Norte
1300144,Apuí,AM,309,48,2.6699029126213594,75.08090614886731,39.482200647249186,96.11650485436894,17.475728155339805,38.83495145631068,17.475728155339805,59.54692556634305,22.97734627831715,474.66776315789474,469.96776315789475,489.4335526315789,454.5486842105263,466.8421052631579,471.0919736842105,152,50.809061488673144,15.53398058252427,152,Norte
1300300,Autazes,AM,677,94,2.757754800590842,80.20679468242245,39.7341211225997,98.52289512555392,27.326440177252586,29.98522895125554,12.259970457902511,62.481536189069416,25.258493353028065,449.1421568627451,458.28921568627453,473.63823529411764,423.252614379085,444.83660130718954,449.83176470588234,306,54.800590841949784,13.884785819793205,306,Norte
1300409,Barcelos,AM,241,23,2.4937759336099585,75.93360995850622,36.51452282157676,98.3402489626556,13.278008298755188,25.311203319502074,17.42738589211618,67.21991701244814,15.352697095435685,468.09565217391304,483.58115942028985,493.8927536231884,451.8289855072464,495.6521739130435,478.6101449275362,138,42.73858921161826,9.54356846473029,138,Norte
1300508,Barreirinha,AM,939,74,3.3482428115015974,89.56336528221513,77.209797657082,99.2545260915868,30.77742279020234,38.019169329073485,4.579339723109691,50.26624068157615,45.15441959531417,447.2098532494759,458.3964360587002,467.93186582809227,414.9494758909853,454.5492662473795,448.6073794549266,477,49.201277955271564,7.880724174653888,477,Norte
1300607,Benjamin Constant,AM,1494,128,3.2918340026773762,85.54216867469879,70.81659973226239,99.26372155287818,34.404283801874165,39.1566265060241,6.961178045515395,47.52342704149933,45.51539491298527,425.2795711060948,436.4397291196388,446.836230248307,404.6338600451467,400.58690744920995,422.7552595936795,886,40.696117804551534,8.56760374832664,886,Norte
1300631,Beruri,AM,287,28,2.9547038327526134,84.66898954703834,47.386759581881535,98.95470383275261,29.965156794425084,34.494773519163765,10.452961672473867,55.400696864111495,34.146341463414636,434.3992424242424,438.719696969697,464.56363636363636,412.15833333333336,389.24242424242425,427.81666666666666,132,54.00696864111498,9.75609756097561,132,Norte
1300680,Boa Vista do Ramos,AM,508,17,2.968503937007874,81.69291338582677,57.48031496062992,99.60629921259843,23.228346456692915,34.84251968503937,9.645669291338582,59.251968503937,31.10236220472441,445.16413043478263,458.81485507246373,466.5829710144927,413.09565217391304,448.9130434782609,446.51413043478266,276,45.669291338582674,3.346456692913386,276,Norte
1300706,Boca do Acre,AM,728,177,2.603021978021978,79.8076923076923,27.472527472527474,98.21428571428571,21.978021978021978,32.82967032967033,15.521978021978022,65.38461538461539,19.09340659340659,459.61206030150754,475.4972361809045,499.66331658291455,465.87864321608043,547.035175879397,489.5372864321608,398,45.329670329670336,24.313186813186814,398,Norte
1300805,Borba,AM,564,37,3.4379432624113475,87.41134751773049,63.829787234042556,99.11347517730496,38.82978723404255,54.60992907801418,7.9787234042553195,37.4113475177305,54.60992907801418,439.5430278884462,451.85139442231076,459.4673306772909,418.03784860557766,422.1513944223108,438.2101992031873,251,55.49645390070922,6.560283687943262,251,Norte
1300839,Caapiranga,AM,266,34,2.774436090225564,82.70676691729322,30.451127819548873,98.87218045112782,29.69924812030075,35.714285714285715,13.533834586466165,60.902255639097746,25.563909774436087,439.1168918918919,447.2614864864865,459.91148648648647,419.60743243243246,347.56756756756755,422.69297297297294,148,44.360902255639104,12.781954887218044,148,Norte
1300904,Canutama,AM,146,18,3.047945205479452,87.67123287671232,65.06849315068493,100.0,11.643835616438356,40.41095890410959,8.904109589041095,56.16438356164384,34.93150684931507,445.625,451.70694444444445,473.95694444444445,421.7611111111111,413.6111111111111,441.33222222222224,72,50.68493150684932,12.32876712328767,72,Norte
1301001,Carauari,AM,423,64,2.900709219858156,83.68794326241135,42.78959810874704,99.05437352245863,22.93144208037825,41.60756501182033,11.347517730496454,57.446808510638306,31.20567375886525,455.9671052631579,461.5969298245614,478.62982456140355,444.6872807017544,490.87719298245617,466.3516666666667,228,46.09929078014184,15.130023640661939,228,Norte
1301100,Careiro,AM,533,71,2.4953095684803004,76.36022514071294,26.07879924953096,98.12382739212008,17.823639774859288,31.144465290806757,18.574108818011258,64.54033771106941,16.885553470919323,451.21234042553186,464.10042553191494,485.97574468085105,422.9468085106383,483.1489361702128,461.47685106382977,235,55.909943714821765,13.320825515947469,235,Norte
1301159,Careiro da Várzea,AM,341,81,2.69208211143695,79.47214076246334,30.205278592375368,99.12023460410558,26.97947214076246,33.43108504398827,16.129032258064516,59.530791788856305,24.34017595307918,448.6314432989691,457.2257731958763,477.70824742268036,433.8525773195876,523.5051546391752,468.18463917525776,194,43.10850439882697,23.75366568914956,194,Norte
1301209,Coari,AM,2072,161,2.6394787644787643,75.4826254826255,35.666023166023166,97.44208494208493,21.62162162162162,33.73552123552124,17.084942084942085,59.26640926640927,23.64864864864865,456.65235849056603,465.5181132075472,485.66424528301883,435.8281132075472,485.22641509433964,465.77784905660377,1060,48.84169884169884,7.77027027027027,1060,Norte
1301308,Codajás,AM,478,41,2.7677824267782425,81.17154811715481,37.029288702928866,99.581589958159,25.94142259414226,33.054393305439326,14.01673640167364,59.20502092050209,26.778242677824267,448.78491228070175,468.16245614035086,481.8171929824561,440.4659649122807,505.6140350877193,468.96891228070183,285,40.37656903765691,8.577405857740587,285,Norte
1301407,Eirunepé,AM,531,76,2.9152542372881354,82.10922787193974,66.29001883239172,98.11676082862523,12.429378531073446,32.580037664783426,9.981167608286253,63.653483992467045,26.365348399246702,457.19374999999997,463.2268382352941,492.60367647058825,439.02058823529416,527.3529411764706,475.8795588235294,272,48.7758945386064,14.312617702448211,272,Norte
1301506,Envira,AM,324,78,3.0895061728395063,84.5679012345679,57.407407407407405,98.4567901234568,30.246913580246915,38.2716049382716,9.876543209876543,55.55555555555556,34.5679012345679,447.528025477707,454.5152866242038,472.77452229299365,427.61592356687896,471.71974522292993,454.83070063694265,157,51.543209876543216,24.074074074074073,157,Norte
1301605,Fonte Boa,AM,582,50,3.082474226804124,87.80068728522336,59.106529209621996,98.79725085910653,25.773195876288657,36.769759450171826,7.3883161512027495,54.81099656357389,37.80068728522337,443.8473029045643,451.4879668049793,468.61410788381744,417.503734439834,464.5643153526971,449.20348547717845,241,58.59106529209621,8.59106529209622,241,Norte
1301704,Humaitá,AM,1592,234,2.3894472361809047,67.08542713567839,22.236180904522612,95.79145728643216,18.15326633165829,35.678391959798994,22.613065326633166,60.61557788944724,16.771356783919597,460.0687854710556,474.35414301929626,489.0677639046538,440.8083995459705,488.6265607264472,470.5851305334847,881,44.6608040201005,14.698492462311558,881,Norte
1301803,Ipixuna,AM,202,16,2.8069306930693068,80.19801980198021,37.12871287128713,98.51485148514851,15.346534653465346,49.504950495049506,13.366336633663368,60.89108910891089,25.742574257425744,439.1433628318584,453.1566371681416,472.83185840707966,436.0407079646018,442.12389380530976,448.6592920353982,113,44.059405940594054,7.920792079207921,113,Norte
1301852,Iranduba,AM,1180,112,2.4923728813559323,78.8135593220339,22.033898305084744,97.11864406779661,19.322033898305087,31.949152542372882,15.932203389830507,67.79661016949152,16.271186440677965,452.82269043760124,464.1635332252837,480.1411669367909,429.0860615883306,445.54294975688816,454.3512803889789,617,47.71186440677966,9.491525423728813,617,Norte
1301902,Itacoatiara,AM,3168,371,2.5460858585858586,73.83207070707071,39.07828282828283,91.85606060606061,16.666666666666664,33.17550505050505,21.369949494949495,52.33585858585859,26.294191919191917,460.10933028048083,477.06531196336573,491.50326273611904,448.5896966227819,489.7538637664568,473.4042930738409,1747,44.85479797979798,11.710858585858585,1747,Norte
1301951,Itamarati,AM,172,67,2.4709302325581395,77.32558139534885,38.372093023255815,99.4186046511628,11.627906976744185,20.348837209302324,16.27906976744186,69.76744186046511,13.953488372093023,432.03963963963963,436.35135135135135,446.3774774774775,402.65765765765764,394.5945945945946,422.40414414414414,111,35.46511627906976,38.95348837209303,111,Norte
1302009,Itapiranga,AM,222,21,2.6486486486486487,83.33333333333334,50.0,98.64864864864865,13.513513513513514,19.36936936936937,11.26126126126126,73.42342342342343,15.315315315315313,455.06484375,464.97890625,482.47890625,440.85234375,456.5625,459.9875,128,42.34234234234234,9.45945945945946,128,Norte
1302108,Japurá,AM,203,21,3.0886699507389164,90.14778325123153,76.84729064039408,98.52216748768473,20.19704433497537,23.15270935960591,5.41871921182266,67.48768472906403,27.093596059113302,419.44750000000005,433.78374999999994,436.21125,414.23625000000004,296.25,399.98575,80,60.591133004926114,10.344827586206897,80,Norte
1302207,Juruá,AM,277,28,3.0577617328519855,87.00361010830325,40.43321299638989,97.11191335740072,28.51985559566787,52.707581227436826,7.9422382671480145,59.92779783393502,32.12996389891697,434.42985074626864,441.27089552238806,451.22313432835824,412.06044776119404,428.5074626865672,433.4983582089552,134,51.624548736462096,10.108303249097473,134,Norte
1302306,Jutaí,AM,346,38,2.7745664739884393,86.70520231213872,47.97687861271676,99.42196531791907,17.63005780346821,25.722543352601157,10.69364161849711,64.45086705202311,24.85549132947977,432.4699386503068,447.26319018404905,454.29018404907976,403.4122699386503,370.55214723926383,421.59754601227,163,52.89017341040463,10.982658959537572,163,Norte
1302405,Lábrea,AM,702,100,2.4800569800569803,73.64672364672364,31.76638176638177,97.57834757834758,13.96011396011396,31.054131054131055,20.7977207977208,60.68376068376068,18.51851851851852,451.407671957672,459.6968253968254,482.5113756613756,431.34735449735444,445.9259259259259,454.1778306878307,378,46.15384615384615,14.245014245014245,378,Norte
1302504,Manacapuru,AM,3050,452,2.5737704918032787,77.9672131147541,29.311475409836063,97.27868852459017,18.721311475409834,34.0983606557377,17.508196721311474,61.47540983606557,21.016393442622952,455.3662007623888,471.1771918678526,489.5517789072427,438.05806861499366,476.25158831003813,466.08096569250324,1574,48.39344262295082,14.81967213114754,1574,Norte
1302553,Manaquiri,AM,329,69,3.0182370820668694,83.89057750759878,47.72036474164133,98.78419452887537,37.68996960486322,33.73860182370821,9.72644376899696,56.23100303951368,34.04255319148936,445.4236220472441,454.23779527559054,471.32992125984254,409.6551181102362,441.1023622047244,444.34976377952756,127,61.39817629179332,20.972644376899694,127,Norte
1302603,Manaus,AM,67342,9426,1.9438240622494134,59.06269490065635,18.86044370526566,84.13323037628821,12.265747973033173,20.060289269697957,36.397790383415995,53.5609278013721,10.041281815211905,485.33519228155996,504.4897893735562,523.3847886941161,486.0205870362821,541.9888571816823,508.2438429134393,36795,45.3609931394969,13.997208280122361,36795,Norte
1302702,Manicoré,AM,799,103,2.81351689612015,82.85356695869838,40.30037546933667,98.74843554443054,21.026282853566958,38.423028785982474,12.265331664580724,60.32540675844806,27.40926157697122,447.0488571428572,458.0542857142857,470.6857142857143,433.49371428571425,469.8857142857143,455.83365714285713,350,56.19524405506884,12.891113892365457,350,Norte
1302801,Maraã,AM,317,42,3.0725552050473186,83.59621451104101,78.54889589905363,99.36908517350159,20.189274447949526,25.55205047318612,4.416403785488959,67.19242902208202,28.391167192429023,427.58130841121493,429.8757009345794,443.97196261682245,397.3560747663551,401.49532710280374,420.05607476635515,107,66.24605678233438,13.249211356466878,107,Norte
1302900,Maués,AM,1153,107,3.0251517779705117,80.5724197745013,73.37380745880311,98.6990459670425,15.95836947094536,33.91153512575889,10.23417172593235,54.81352992194276,34.95229835212489,449.90528,471.632,478.9928,426.91056,445.696,454.62732800000003,625,45.79358196010408,9.280138768430183,625,Norte
1303007,Nhamundá,AM,1122,246,2.785204991087344,82.174688057041,42.24598930481284,98.48484848484848,21.390374331550802,34.22459893048128,13.19073083778966,59.35828877005348,27.450980392156865,446.94935988620205,461.6487908961593,472.049359886202,430.8792318634424,479.8293029871977,458.2712091038407,703,37.34402852049911,21.92513368983957,703,Norte
1303106,Nova Olinda do Norte,AM,755,89,3.017218543046358,86.49006622516556,61.45695364238411,97.88079470198674,19.735099337748345,36.15894039735099,9.13907284768212,56.42384105960265,34.437086092715234,446.5208762886598,460.74046391752574,464.6296391752577,421.8556701030928,473.35051546391753,453.4194329896907,388,48.60927152317881,11.788079470198676,388,Norte
1303205,Novo Airão,AM,297,20,2.723905723905724,77.77777777777779,28.28282828282828,97.3063973063973,29.96632996632997,39.05723905723906,20.2020202020202,52.18855218855219,27.609427609427613,449.8731707317073,461.3544715447154,483.6747967479675,436.62032520325204,497.0731707317073,465.7191869918699,123,58.58585858585859,6.7340067340067336,123,Norte
1303304,Novo Aripuanã,AM,494,164,3.317813765182186,89.87854251012146,64.77732793522267,99.39271255060729,23.279352226720647,54.453441295546554,7.489878542510121,40.48582995951417,52.0242914979757,431.5325842696629,444.9138576779026,456.30674157303366,406.9692883895131,400.5243445692884,428.0493632958802,267,45.95141700404858,33.198380566801625,267,Norte
1303403,Parintins,AM,4326,415,3.0388349514563107,80.62875635691171,65.0485436893204,98.56680536292187,25.080906148867317,34.5584835876098,10.725843735552473,53.07443365695793,36.1997226074896,458.9519395671703,478.8213964883626,489.5015516537362,438.16643527970604,494.593711719069,472.0070069416088,2449,43.388811835413776,9.593157651410078,2449,Norte
1303502,Pauini,AM,221,35,3.0588235294117645,83.2579185520362,42.53393665158371,99.09502262443439,37.55656108597285,43.43891402714932,12.669683257918551,50.2262443438914,37.10407239819005,435.9574803149606,458.13464566929133,476.33779527559057,415.18110236220474,428.66141732283467,442.8544881889764,127,42.533936651583716,15.837104072398189,127,Norte
1303536,Presidente Figueiredo,AM,690,112,2.1028985507246376,65.79710144927536,15.217391304347828,96.23188405797102,12.753623188405797,20.28985507246377,28.695652173913043,62.60869565217392,8.695652173913043,476.69086021505376,484.9543010752688,506.9129032258065,452.5346774193548,508.7096774193548,485.9604838709677,372,46.08695652173913,16.231884057971012,372,Norte
1303569,Rio Preto da Eva,AM,600,132,2.466666666666667,74.5,29.833333333333336,85.33333333333334,24.0,33.0,21.666666666666668,56.833333333333336,21.5,455.19114285714284,472.6848571428572,482.5465714285714,435.04485714285715,478.62857142857143,464.8192,350,41.666666666666664,22.0,350,Norte
1303601,Santa Isabel do Rio Negro,AM,225,37,2.911111111111111,84.88888888888889,50.22222222222222,98.66666666666667,25.333333333333336,32.0,10.222222222222223,62.66666666666667,27.111111111111114,434.1018348623853,445.23853211009174,454.1532110091743,399.37064220183487,415.41284403669727,429.65541284403673,109,51.55555555555556,16.444444444444446,109,Norte
1303700,Santo Antônio do Içá,AM,492,30,3.1036585365853657,86.78861788617887,46.34146341463415,99.39024390243902,36.38211382113821,41.46341463414634,9.146341463414634,51.6260162601626,39.22764227642276,424.2009259259259,445.974537037037,449.43981481481484,404.1574074074074,420.0,428.75453703703704,216,56.09756097560976,6.097560975609756,216,Norte
1303809,São Gabriel da Cachoeira,AM,1109,146,2.7601442741208295,74.84220018034266,50.94679891794409,96.66366095581606,22.813345356176736,30.748422001803426,17.763751127141568,54.643823264201984,27.592425608656445,461.96037383177566,488.75607476635514,486.3207476635514,440.47046728971964,497.2710280373832,474.95573831775704,535,51.75834084761046,13.165013525698827,535,Norte
1303908,São Paulo de Olivença,AM,629,37,3.360890302066773,85.21462639109699,74.56279809220986,99.20508744038156,37.99682034976153,39.109697933227345,7.472178060413355,47.53577106518283,44.992050874403816,433.8844632768362,454.61694915254236,454.456779661017,409.1203389830509,470.7909604519774,444.57389830508475,354,43.72019077901431,5.88235294117647,354,Norte
1303957,São Sebastião do Uatumã,AM,220,37,2.786363636363636,86.81818181818181,45.45454545454545,98.63636363636363,25.454545454545453,22.272727272727273,9.090909090909092,67.72727272727272,23.18181818181818,440.3118644067797,447.27966101694915,461.664406779661,416.764406779661,430.8474576271187,439.37355932203394,118,46.36363636363636,16.818181818181817,118,Norte
1304005,Silves,AM,316,39,2.920886075949367,83.54430379746836,54.11392405063291,99.68354430379746,17.72151898734177,37.0253164556962,12.025316455696203,55.69620253164557,32.278481012658226,442.3159763313609,451.57159763313615,458.16272189349115,428.89112426035507,377.8698224852071,431.7622485207101,169,46.51898734177215,12.341772151898734,169,Norte
1304062,Tabatinga,AM,2111,215,3.0833728090952155,79.20416864045477,60.0663192799621,97.86830885836096,24.964471814306016,46.234012316437706,12.553292278540976,43.77072477498815,43.67598294647087,447.16762589928055,462.6567146282974,473.68741007194245,426.52374100719425,438.4652278177458,449.70014388489204,834,60.492657508289916,10.184746565608718,834,Norte
1304104,Tapauá,AM,284,21,2.7535211267605635,82.3943661971831,38.028169014084504,99.64788732394366,17.95774647887324,37.32394366197183,10.915492957746478,64.7887323943662,24.295774647887324,451.5160839160839,460.75664335664334,488.4552447552448,450.4762237762238,544.7552447552448,479.19188811188815,143,49.647887323943664,7.394366197183098,143,Norte
1304203,Tefé,AM,1692,192,2.59160756501182,73.99527186761229,39.65721040189125,98.1678486997636,17.907801418439718,29.432624113475175,18.26241134751773,60.69739952718676,21.04018912529551,453.8212157330155,469.71609058402856,486.0544696066746,434.2878426698451,483.7902264600715,465.53396901072705,839,50.413711583924346,11.347517730496454,839,Norte
1304237,Tonantins,AM,530,91,3.218867924528302,86.60377358490567,67.73584905660377,99.81132075471699,22.641509433962266,45.09433962264151,8.679245283018867,47.35849056603774,43.9622641509434,419.35833333333335,430.77125,432.955,396.25791666666663,304.1666666666667,396.70183333333335,240,54.71698113207547,17.169811320754715,240,Norte
1304260,Uarini,AM,319,44,3.206896551724138,87.46081504702194,62.06896551724138,99.37304075235109,32.60188087774294,39.18495297805642,7.210031347962382,50.78369905956113,42.00626959247649,431.0380434782609,441.12717391304346,455.02608695652174,404.02065217391305,351.0869565217391,416.45978260869566,92,71.15987460815047,13.793103448275861,92,Norte
1304302,Urucará,AM,379,29,3.379947229551451,88.91820580474933,72.55936675461741,99.47229551451187,41.68865435356201,35.35620052770449,7.12401055408971,44.06332453825858,48.812664907651715,442.38697674418603,458.25860465116284,464.5641860465116,436.28232558139536,480.1860465116279,456.33562790697675,215,43.27176781002638,7.651715039577836,215,Norte
1304401,Urucurituba,AM,392,43,2.818877551020408,81.88775510204081,47.19387755102041,99.23469387755102,20.66326530612245,32.90816326530612,12.5,60.204081632653065,27.29591836734694,442.4429787234043,454.7378723404255,464.78000000000003,421.71829787234043,422.5531914893617,441.24646808510636,235,40.05102040816326,10.96938775510204,235,Norte
1400027,Amajari,RR,61,8,2.377049180327869,77.04918032786885,31.147540983606557,100.0,14.754098360655737,14.754098360655737,14.754098360655737,70.49180327868852,14.754098360655737,444.98636363636365,451.42727272727274,475.95,401.94090909090914,417.27272727272725,438.31545454545454,22,63.934426229508205,13.114754098360656,22,Norte
1400050,Alto Alegre,RR,210,59,2.4571428571428573,76.19047619047619,31.428571428571427,99.52380952380952,16.666666666666664,21.904761904761905,18.571428571428573,65.23809523809524,16.19047619047619,451.6617391304348,466.60956521739126,481.5217391304348,429.9260869565217,471.6521739130435,460.27426086956524,115,45.238095238095234,28.095238095238095,115,Norte
1400100,Boa Vista,RR,12154,2448,1.7325160441007075,50.04113871976305,12.58022050353793,85.2394273490209,8.606220174428172,16.784597663320717,45.3760078986342,48.22280730623663,6.401184795129175,498.9276996625422,511.62072553430824,528.4346034870641,500.07142857142856,549.0101237345332,517.6129161979752,7112,41.48428500905052,20.14151719598486,7112,Norte
1400159,Bonfim,RR,134,16,2.2611940298507465,75.3731343283582,13.432835820895523,95.52238805970148,13.432835820895523,28.35820895522388,20.149253731343283,73.13432835820896,6.7164179104477615,461.3508196721312,456.86393442622955,474.7327868852459,430.01475409836064,464.91803278688525,457.5760655737705,61,54.47761194029851,11.940298507462686,61,Norte
1400209,Caracaraí,RR,305,68,2.2459016393442623,66.88524590163935,18.360655737704917,98.36065573770492,14.098360655737704,26.885245901639344,25.245901639344265,62.295081967213115,12.459016393442624,469.0109090909091,470.18,496.16545454545457,444.9787878787879,505.93939393939394,477.25490909090905,165,45.90163934426229,22.295081967213115,165,Norte
1400308,Mucajaí,RR,289,57,2.311418685121107,68.16608996539793,25.259515570934255,96.88581314878893,19.377162629757784,21.453287197231834,27.68166089965398,55.36332179930796,16.955017301038062,455.4419161676647,466.8275449101796,483.2215568862275,437.67485029940116,455.80838323353294,459.7948502994012,167,42.214532871972324,19.72318339100346,167,Norte
1400456,Pacaraima,RR,121,32,2.1983471074380163,69.42148760330579,18.181818181818183,95.86776859504133,19.00826446280992,17.355371900826448,27.27272727272727,61.98347107438017,10.743801652892563,459.36800000000005,466.764,498.06,464.728,467.2,471.224,50,58.67768595041323,26.446280991735538,50,Norte
1400472,Rorainópolis,RR,427,128,2.1850117096018735,60.187353629976585,20.374707259953162,96.4871194379391,13.817330210772832,27.634660421545664,31.85011709601874,55.503512880562056,12.646370023419204,482.20470085470083,489.0888888888889,508.89957264957263,474.817094017094,485.04273504273505,488.0105982905983,234,45.19906323185011,29.97658079625293,234,Norte
1400506,São João da Baliza,RR,340,117,2.1676470588235293,63.23529411764706,22.35294117647059,97.35294117647058,10.0,23.823529411764703,30.0,57.647058823529406,12.352941176470589,458.09281767955804,467.13425414364644,485.05801104972375,431.17237569060774,453.03867403314916,458.899226519337,181,46.76470588235294,34.411764705882355,181,Norte
1400704,Uiramutã,RR,117,13,3.034188034188034,88.03418803418803,62.39316239316239,96.58119658119658,18.803418803418804,37.60683760683761,11.11111111111111,55.55555555555556,33.33333333333333,423.7648648648648,447.8459459459459,432.85945945945946,402.45405405405404,384.86486486486484,418.35783783783785,37,68.37606837606837,11.11111111111111,37,Norte
1500107,Abaetetuba,PA,7485,1890,2.521442885771543,80.17368069472278,28.617234468937873,89.7127588510354,16.606546426185705,37.034068136272545,17.688710754843022,62.68537074148297,19.625918503674015,468.1059758666922,477.0355104386133,495.34426355104387,456.948419842942,542.7734150545872,488.04151695077576,5221,30.24716098864395,25.250501002004004,5221,Norte
1500206,Acará,PA,1369,222,2.8466033601168736,83.1263696128561,30.971512052593138,98.53907962016069,25.931336742147554,46.09203798392987,11.83345507669832,59.82468955441929,28.341855368882396,447.5033180778032,462.93627002288326,475.6025171624714,430.49553775743703,475.5377574370709,458.41508009153324,874,36.15777940102265,16.216216216216218,874,Norte
1500404,Alenquer,PA,1856,429,2.8890086206896552,83.24353448275862,37.769396551724135,97.2521551724138,26.45474137931034,44.18103448275862,11.153017241379311,58.02801724137932,30.81896551724138,455.37886855241265,459.7267886855241,477.2957570715474,433.41089850249585,487.4209650582363,462.6466555740433,1202,35.23706896551724,23.114224137931032,1202,Norte
1500503,Almeirim,PA,582,81,2.584192439862543,77.66323024054984,19.072164948453608,98.4536082474227,22.508591065292098,40.72164948453608,15.807560137457044,62.54295532646048,21.649484536082475,455.3393491124261,466.6680473372781,478.7650887573965,439.0020710059172,458.8165680473373,459.71822485207105,338,41.924398625429546,13.917525773195877,338,Norte
1500602,Altamira,PA,5351,1226,2.1422164081480095,62.735937207998504,15.978321809007662,86.67538777798542,13.287236030648478,35.5447579891609,29.676695944683235,57.85834423472248,12.464959820594283,475.39022415940224,487.63655043586556,507.57378580323785,470.776494396015,526.5504358655044,493.585498132005,3212,39.973836666043724,22.911605307419176,3212,Norte
1500701,Anajás,PA,764,150,3.007853403141361,83.7696335078534,41.62303664921466,98.42931937172776,23.82198952879581,53.141361256544506,9.68586387434555,56.02094240837696,34.29319371727749,439.380044345898,455.72793791574276,472.829711751663,419.55232815964524,448.47006651884703,447.1920177383592,451,40.968586387434556,19.63350785340314,451,Norte
1500800,Ananindeua,PA,22167,4123,2.0445707583344612,65.81855911941173,23.56656290882844,77.98078224387604,12.780258943474534,24.310912617855372,33.25664275725177,54.23377092073803,12.509586322010197,483.2502640722724,489.4200555941626,496.4434954829743,478.4318068102849,567.18276580959,502.94567755385685,14390,35.08368295213605,18.59972030495782,14390,Norte
1500909,Augusto Corrêa,PA,1103,222,3.0081595648232096,87.76065276518585,40.70716228467815,96.82683590208522,28.195829555757022,47.32547597461469,9.791477787851315,55.21305530371714,34.99546690843155,456.0629055007052,464.4070521861777,480.13836389280675,443.15007052186184,509.16784203102964,470.5852468265162,709,35.7207615593835,20.12692656391659,709,Norte
1500958,Aurora do Pará,PA,479,144,2.6325678496868474,82.4634655532359,25.678496868475992,95.82463465553236,20.668058455114824,38.62212943632568,14.19624217118998,64.50939457202504,21.29436325678497,456.3588957055215,469.96625766871165,486.6365030674847,447.8116564417178,531.9018404907976,478.53503067484667,326,31.941544885177453,30.062630480167012,326,Norte
1501105,Bagre,PA,974,140,3.4055441478439423,87.88501026694045,68.27515400410678,98.4599589322382,30.903490759753595,55.03080082135524,5.852156057494867,43.634496919917865,50.513347022587276,438.7106779661017,447.6886440677966,459.25135593220335,419.5206779661017,509.0169491525424,454.8376610169492,590,39.42505133470225,14.37371663244353,590,Norte
1501204,Baião,PA,1223,188,2.788225674570728,84.87326246933769,26.492232215862632,99.01880621422731,32.134096484055604,36.30417007358953,10.629599345870808,63.450531479967296,25.919869174161896,453.37788944723616,455.29108040201004,474.90854271356784,434.8296482412061,511.65829145728645,466.0130904522613,796,34.91414554374489,15.372035977105478,796,Norte
1501303,Barcarena,PA,4491,843,2.1405032286795813,69.22734357604097,22.578490313961254,82.69873079492318,12.24671565352928,27.299042529503453,29.681585393008238,56.86929414384324,13.44912046314852,479.62696864111496,493.55149825783974,510.59257839721255,469.88839721254357,549.7003484320558,500.6719581881533,2870,36.094411044310846,18.770875083500336,2870,Norte
1501402,Belém,PA,69615,13061,1.9695180636357108,62.60145083674495,23.558141205200027,74.0314587373411,13.044602456367164,23.71615312791783,36.23500682324212,51.15276879982762,12.612224376930259,487.9714735907679,496.87577896138487,501.0884332001776,486.94124944518416,577.1402574345317,510.00343852640924,45060,35.27257056668821,18.761761114702292,45060,Norte
1501501,Benevides,PA,3300,631,2.2745454545454544,73.27272727272728,25.666666666666664,85.87878787878788,13.84848484848485,28.78787878787879,24.303030303030305,59.60606060606061,16.090909090909093,478.98242280285035,495.2750118764846,510.4173396674584,480.57244655581945,559.2019002375297,504.88982422802854,2105,36.212121212121204,19.12121212121212,2105,Norte
1501709,Bragança,PA,5410,1053,2.5478743068391867,79.87060998151571,26.56192236598891,90.09242144177449,21.534195933456562,36.728280961182996,18.317929759704253,59.44547134935305,22.236598890942698,467.8269400110072,478.1978811227298,495.521574023115,458.6576224545955,532.9444138690149,486.6296862960925,3634,32.82809611829944,19.463955637707947,3634,Norte
1501782,Breu Branco,PA,987,279,2.5501519756838906,76.39311043566363,24.51874366767984,95.94731509625126,19.3515704154002,38.80445795339412,17.62917933130699,63.0192502532928,19.3515704154002,459.6442996742671,471.2244299674267,490.8017915309446,443.0109120521173,486.84039087947883,470.3043648208469,614,37.79128672745694,28.267477203647417,614,Norte
1501808,Breves,PA,4272,651,3.018258426966292,80.36048689138576,51.77902621722846,96.65262172284645,20.71629213483146,52.31741573033708,11.914794007490636,51.05337078651685,37.03183520599251,456.3450952209845,470.79184333453105,488.6434063959756,437.5821775062882,509.2777578153072,472.52805605461737,2783,34.85486891385767,15.23876404494382,2783,Norte
1501907,Bujaru,PA,1134,217,2.9171075837742504,86.77248677248677,32.62786596119929,98.50088183421516,29.894179894179896,43.91534391534391,8.465608465608465,61.904761904761905,29.629629629629626,445.95754716981133,456.455525606469,468.9035040431267,418.30673854447434,474.2587601078167,452.7764150943396,742,34.5679012345679,19.1358024691358,742,Norte
1501956,Cachoeira do Piriá,PA,561,116,2.9607843137254903,85.20499108734403,35.650623885918,98.3957219251337,24.598930481283425,52.22816399286988,8.73440285204991,61.14081996434938,30.124777183600713,449.7364516129032,449.74225806451614,475.2516129032258,426.6035483870968,457.03225806451616,451.6732258064516,310,44.741532976827095,20.677361853832444,310,Norte
1502103,Cametá,PA,8082,1630,2.828012868101955,84.13758970551844,35.91932689928235,91.37589705518437,27.060133630289535,44.308339519920814,13.276416728532542,56.112348428606786,30.61123484286068,462.15128650904035,473.7625521557719,483.80008692628655,449.9425591098748,540.7267037552156,482.0766376912378,5752,28.82949764909676,20.168275179411037,5752,Norte
1502152,Canaã dos Carajás,PA,2236,554,1.6923076923076923,57.692307692307686,14.490161001788909,66.10017889087658,6.663685152057246,24.28443649373882,44.543828264758496,47.00357781753131,8.452593917710196,486.3791976225855,492.51775631500743,517.8418276374442,487.8969539375929,575.8841010401188,512.1039673105498,1346,39.803220035778175,24.776386404293383,1346,Norte
1502202,Capanema,PA,4775,1077,2.459895287958115,76.43979057591623,26.40837696335079,86.9738219895288,20.837696335078533,35.32984293193717,22.324607329842934,56.6282722513089,21.047120418848166,466.0425491439442,480.3722891566265,502.6280596068484,461.12568167406465,535.1046290424857,489.05464172479395,3154,33.947643979057595,22.55497382198953,3154,Norte
1502301,Capitão Poço,PA,2089,617,2.7472474868358066,82.47965533748204,25.89755864049785,96.7927237912877,25.99329822881762,43.56151268549545,13.642891335567256,60.07659167065582,26.280516993776924,467.19135714285716,482.53264285714283,500.312,463.9347142857143,510.25714285714287,484.8455714285715,1400,32.98228817616084,29.535662996649116,1400,Norte
1502400,Castanhal,PA,8711,1897,1.9863391114682585,65.95109631500402,19.148203420962002,73.52772356790265,13.752726437837218,26.254161405119962,35.392033061646195,52.39352542762025,12.214441510733556,496.92346095462983,511.5593523359757,526.8551357733176,502.4281160398043,601.52133580705,527.8574801821555,5929,31.93663184479394,21.777063482952588,5929,Norte
1502509,Chaves,PA,283,50,2.939929328621908,81.2720848056537,36.042402826855124,97.87985865724382,18.021201413427562,60.7773851590106,9.540636042402827,59.717314487632514,30.742049469964666,450.4361581920904,459.0401129943503,466.8135593220339,434.14180790960455,446.10169491525426,451.3066666666667,177,37.455830388692576,17.6678445229682,177,Norte
1502707,Conceição do Araguaia,PA,1955,479,2.0209718670076726,65.1150895140665,13.964194373401535,81.79028132992327,10.537084398976983,30.69053708439898,33.606138107416875,56.368286445012785,10.025575447570333,466.8550404709345,477.10868285504046,495.3714495952907,464.5539367181752,533.4657836644592,487.47097866078,1359,30.485933503836314,24.501278772378516,1359,Norte
1502756,Concórdia do Pará,PA,938,213,2.893390191897655,85.71428571428571,38.272921108742004,97.33475479744136,26.439232409381663,41.57782515991471,11.40724946695096,58.2089552238806,30.383795309168445,455.7269421487603,466.86842975206616,485.99966942148757,438.383305785124,534.7107438016529,476.3378181818182,605,35.501066098081026,22.707889125799575,605,Norte
1502806,Curralinho,PA,1273,226,3.1186174391201886,84.83896307934015,43.28358208955223,98.97879025923017,30.322073841319718,54.43833464257659,8.955223880597014,51.92458758837392,39.120188531029065,447.46633785450064,454.0731196054254,473.84278668310725,417.3452527743527,475.14180024660914,453.57385943279905,811,36.29222309505106,17.75333857030636,811,Norte
1502905,Curuçá,PA,1957,342,2.8308635666836994,86.40776699029125,38.323965252938166,97.03628002043945,25.24271844660194,36.07562595809913,10.935104752171691,60.65406234031682,28.410832907511498,457.77833333333336,464.73159090909087,486.25863636363636,433.6423484848485,485.1969696969697,465.52157575757576,1320,32.54982115482882,17.475728155339805,1320,Norte
1502939,Dom Eliseu,PA,1076,247,2.2620817843866172,71.93308550185874,18.029739776951672,84.94423791821562,13.104089219330856,38.19702602230483,25.650557620817843,60.31598513011153,14.033457249070633,464.15538922155685,480.9323353293413,500.2770958083832,465.2142215568862,518.6526946107784,485.8463473053892,668,37.9182156133829,22.95539033457249,668,Norte
1502954,Eldorado do Carajás,PA,668,197,2.375748502994012,73.50299401197606,19.91017964071856,96.10778443113772,13.17365269461078,34.880239520958085,20.209580838323355,65.26946107784431,14.520958083832337,455.082816229117,465.72673031026255,485.77971360381866,450.81503579952266,478.7112171837709,467.22310262529834,419,37.27544910179641,29.491017964071858,419,Norte
1503044,Floresta do Araguaia,PA,293,68,2.4812286689419794,78.15699658703072,12.286689419795222,98.97610921501706,16.723549488054605,41.979522184300336,16.38225255972696,68.94197952218431,14.675767918088736,451.91791907514454,452.8947976878613,470.54219653179194,440.7485549132948,471.90751445086704,457.60219653179195,173,40.955631399317404,23.208191126279864,173,Norte
1503093,Goianésia do Pará,PA,527,108,2.4421252371916506,74.76280834914611,22.770398481973434,96.39468690702088,14.041745730550284,36.24288425047438,20.30360531309298,62.04933586337761,17.647058823529413,462.48656250000005,480.93156250000004,498.55593749999997,453.8521875,514.875,482.14025000000004,320,39.27893738140418,20.49335863377609,320,Norte
1503101,Gurupá,PA,1256,212,2.7436305732484074,80.09554140127389,30.254777070063692,94.90445859872611,19.426751592356688,49.681528662420384,13.21656050955414,62.181528662420384,24.601910828025478,449.4498659517426,465.93324396782845,477.47855227882036,425.8961126005362,514.5040214477211,466.6523592493298,746,40.60509554140127,16.878980891719745,746,Norte
1503200,Igarapé-Açu,PA,1805,363,2.709141274238227,83.37950138504155,32.797783933518005,91.63434903047091,24.87534626038781,38.227146814404435,14.459833795013852,58.72576177285319,26.814404432132967,458.26677419354843,473.2507258064516,489.5924193548387,445.06782258064516,522.3225806451613,477.700064516129,1240,31.301939058171747,20.110803324099724,1240,Norte
1503309,Igarapé-Miri,PA,2786,774,2.890524048815506,86.50394831299354,36.14501076812635,97.30796841349604,23.187365398420674,45.908111988514,9.36826992103374,61.270638908829866,29.361091170136394,446.0208870551831,461.32970603403817,477.03842186694175,435.1085611139763,502.28984012377515,464.3574832387829,1939,30.40201005025126,27.781765972720745,1939,Norte
1503606,Itaituba,PA,2950,871,2.0674576271186442,64.4406779661017,16.915254237288135,80.98305084745763,13.050847457627118,31.35593220338983,32.440677966101696,55.288135593220346,12.271186440677965,473.3146286990508,488.66365159128975,505.5488553880514,473.7575097710776,573.5231714126187,502.9615633724177,1791,39.28813559322034,29.52542372881356,1791,Norte
1503705,Itupiranga,PA,945,243,2.616931216931217,80.21164021164022,27.40740740740741,95.23809523809523,19.047619047619047,39.78835978835979,15.238095238095239,64.55026455026454,20.211640211640212,464.219298245614,464.60303030303027,487.3864433811802,442.5947368421053,493.4609250398724,470.4528867623605,627,33.65079365079365,25.71428571428571,627,Norte
1503754,Jacareacanga,PA,279,47,2.7132616487455197,75.98566308243727,31.182795698924732,97.1326164874552,25.806451612903224,41.21863799283154,18.63799283154122,55.91397849462365,25.448028673835125,443.28153846153845,460.73153846153843,467.6223076923077,425.6115384615385,410.7692307692308,441.6032307692308,130,53.40501792114696,16.845878136200717,130,Norte
1503804,Jacundá,PA,1326,383,2.4358974358974357,76.54600301659124,28.355957767722472,77.90346907993967,19.004524886877828,41.77978883861237,24.057315233785822,52.79034690799397,23.15233785822021,459.90289210233595,468.6561735261402,487.10711902113457,447.8596218020022,513.21468298109,475.3480978865406,899,32.20211161387632,28.88386123680241,899,Norte
1503903,Juruti,PA,2041,429,2.6741793238608524,75.35521803037727,40.76433121019109,95.00244977951985,21.950024497795198,34.34590886820186,17.73640372366487,56.00195982361588,26.261636452719255,452.73967551622417,469.29535398230087,478.11519174041297,438.0091445427729,499.97050147492627,467.6259734513274,1356,33.56197942185203,21.019108280254777,1356,Norte
1504000,Limoeiro do Ajuru,PA,1350,247,2.8940740740740742,82.66666666666667,34.22222222222222,98.44444444444444,26.0,48.074074074074076,10.592592592592592,60.0,29.40740740740741,452.12981171548114,463.5548117154812,476.0334728033473,434.06433054393307,509.2887029288703,467.0142259414226,956,29.18518518518518,18.296296296296298,956,Norte
1504059,Mãe do Rio,PA,1467,380,2.590320381731425,81.52692569870484,26.789366053169733,92.29720518064076,19.836400817995912,38.58214042263122,16.700749829584186,60.46353101567825,22.83571915473756,459.67985971943887,470.97154308617235,491.33386773547096,446.48036072144293,525.2104208416833,478.73521042084167,998,31.97000681663258,25.903203817314246,998,Norte
1504208,Marabá,PA,11618,2836,2.085298674470649,63.60819418144259,17.93768290583577,84.84248579789981,11.903942158719229,30.2375624031675,31.020829746944393,56.80840075744534,12.17076949561026,478.39153300026294,489.7813042334999,509.275611359453,478.3278727320536,568.5984748882461,504.87495924270314,7606,34.53262179376829,24.4103976588053,7606,Norte
1504307,Maracanã,PA,709,126,2.8772919605077574,87.58815232722144,37.23554301833568,98.58956276445699,27.221438645980257,37.09449929478138,9.873060648801129,60.507757404795484,29.619181946403383,457.42290748898677,467.28237885462556,485.2011013215859,432.54162995594714,482.9955947136564,465.08872246696035,454,35.966149506346966,17.77150916784203,454,Norte
1504422,Marituba,PA,3953,632,2.4373893245636227,77.10599544649634,29.091828990640025,91.93017961042247,18.669365039210724,26.941563369592714,19.42828231722742,63.0407285605869,17.53098912218568,468.11161393672404,470.28402082498997,482.28950740889064,460.7240688826592,539.2070484581498,484.12325190228273,2497,36.83278522641032,15.987857323551733,2497,Norte
1504505,Melgaço,PA,900,127,3.1933333333333334,86.33333333333333,56.55555555555556,97.77777777777777,21.22222222222222,57.44444444444444,7.111111111111111,52.11111111111111,40.77777777777778,445.7001683501684,457.6380471380471,472.59208754208754,413.43299663299666,481.3468013468013,454.1420202020202,594,34.0,14.11111111111111,594,Norte
1504604,Mocajuba,PA,2337,379,2.9148480958493796,87.07744972186563,31.36499786050492,95.72100984167736,30.723149336756528,46.59820282413351,10.355156183140778,59.306803594351734,30.33804022250749,447.35012468827927,458.3483790523691,468.9702618453866,431.223566084788,488.5162094763092,458.88170822942647,1604,31.364997860504918,16.21737270004279,1604,Norte
1504703,Moju,PA,2507,504,2.7522935779816513,86.11886717191862,29.637016354208217,97.64658954926206,20.981252493019547,40.84563222975668,9.97207818109294,66.13482249700837,23.893099321898685,453.050032488629,460.78836907082524,478.28460038986356,430.34496426250814,476.40025990903183,459.77364522417156,1539,38.611886717191865,20.103709613083367,1539,Norte
1504802,Monte Alegre,PA,1906,490,2.7245540398740817,78.06925498426023,31.584470094438615,98.37355718782791,25.918153200419724,38.509968520461705,16.002098635886675,57.555089192025186,26.442812172088143,459.7476115896632,473.57642913077524,486.1167580266249,447.81808927173057,530.806577916993,479.61309318715746,1277,33.001049317943334,25.70828961175236,1277,Norte
1504901,Muaná,PA,1288,313,3.040372670807453,81.36645962732919,46.19565217391305,98.13664596273291,23.369565217391305,54.96894409937888,10.559006211180124,52.09627329192546,37.34472049689441,451.362700228833,460.9879862700229,476.7780320366133,432.2703661327231,486.0183066361556,461.48347826086956,874,32.14285714285714,24.301242236024844,874,Norte
1504950,Nova Esperança do Piriá,PA,739,221,3.185385656292287,89.1745602165088,38.29499323410013,98.91745602165088,36.80649526387009,55.34506089309878,7.036535859269283,54.66847090663058,38.29499323410013,451.7772819472617,461.3914807302231,482.97058823529414,435.4929006085193,459.75659229208924,458.2777687626775,493,33.28822733423545,29.905277401894452,493,Norte
1505031,Novo Progresso,PA,582,143,1.8969072164948453,62.88659793814433,7.216494845360824,78.00687285223368,7.731958762886598,33.84879725085911,35.39518900343643,58.24742268041238,6.357388316151202,479.4296407185629,490.22544910179636,508.7595808383234,463.82664670658687,530.4790419161677,494.5440718562874,334,42.611683848797256,24.570446735395187,334,Norte
1505064,Novo Repartimento,PA,1016,288,2.328740157480315,72.34251968503938,27.755905511811026,83.07086614173228,15.748031496062993,33.95669291338583,26.574803149606304,55.21653543307087,18.208661417322837,462.5795031055901,466.79409937888204,489.04177018633544,459.6018633540372,508.9130434782609,477.3860559006211,644,36.61417322834646,28.346456692913385,644,Norte
1505106,Óbidos,PA,2414,504,2.809030654515327,78.12758906379453,40.555095277547636,97.30737365368682,26.553438276719138,38.35956917978459,14.084507042253522,56.66942833471417,29.246064623032314,453.57784540474745,467.29653073645767,477.292391965916,433.6388314059647,489.3122337188071,464.2235666463786,1643,31.938690969345483,20.878210439105217,1643,Norte
1505205,Oeiras do Pará,PA,992,174,3.0100806451612905,82.15725806451613,48.99193548387097,96.16935483870968,25.30241935483871,48.38709677419355,11.088709677419354,53.326612903225815,35.58467741935484,454.062693498452,466.54736842105257,483.1842105263158,447.23374613003097,495.6965944272446,469.3449226006192,646,34.87903225806451,17.540322580645164,646,Norte
1505304,Oriximiná,PA,2242,512,2.529438001784121,72.61373773416592,36.79750223015165,87.10972346119536,22.56913470115968,33.85370205173952,22.747546833184657,52.72078501338091,24.53166815343443,464.9138051857043,478.2569025928521,489.52319551506656,452.4861247372109,505.04555010511564,478.0451156271899,1427,36.35147190008921,22.836752899197148,1427,Norte
1505403,Ourém,PA,776,223,2.8157216494845363,87.88659793814433,24.484536082474225,98.06701030927834,29.896907216494846,41.23711340206185,7.860824742268041,66.1082474226804,26.03092783505155,457.8816876122083,470.90305206463194,488.31579892280075,448.12028725314184,513.1418312387792,475.67253141831236,557,28.221649484536083,28.737113402061855,557,Norte
1505486,Pacajá,PA,968,345,2.4617768595041323,72.21074380165288,21.59090909090909,94.52479338842976,17.768595041322314,40.082644628099175,20.66115702479339,61.98347107438017,17.355371900826448,454.03038167938934,462.5471755725191,477.84809160305343,435.7796946564886,473.70992366412213,460.78305343511454,655,32.33471074380165,35.64049586776859,655,Norte
1505502,Paragominas,PA,3696,982,2.082521645021645,65.74675324675324,17.66774891774892,81.84523809523809,11.985930735930737,31.006493506493506,31.899350649350648,55.871212121212125,12.229437229437229,477.57116893845523,492.16311441553074,510.91598513011155,479.68508880627843,560.8756712102437,504.242205700124,2421,34.496753246753244,26.56926406926407,2421,Norte
1505536,Parauapebas,PA,7508,1956,1.7394778902503996,53.276505061267976,11.88066062866276,78.19659030367609,7.565263718700053,23.028769312733086,42.474693660095895,50.91901971230687,6.60628662759723,490.72223150856667,502.1431257835353,524.1706853322189,493.9329293773506,573.5102381947346,516.8958420392812,4786,36.254661694192855,26.052210974960044,4786,Norte
1505700,Ponta de Pedras,PA,948,246,2.9261603375527425,83.64978902953587,47.89029535864979,98.83966244725738,22.9957805907173,39.24050632911392,9.282700421940929,60.654008438818565,30.063291139240505,452.1021671826625,462.7233746130031,479.27089783281735,428.66950464396285,440.3715170278638,452.6274922600619,646,31.856540084388186,25.949367088607595,646,Norte
1505809,Portel,PA,2037,297,3.0962199312714778,82.62150220913107,53.264604810996566,95.43446244477173,24.742268041237114,53.55915562101129,10.849288168875798,49.43544428080511,39.7152675503191,448.5487644151565,463.41013179571667,479.3882207578254,430.35115321252056,490.03294892915983,462.34624382207573,1214,40.40255277368679,14.580265095729015,1214,Norte
1505908,Porto de Moz,PA,750,198,2.852,83.86666666666667,31.733333333333334,98.66666666666667,30.533333333333335,40.400000000000006,12.0,59.46666666666667,28.53333333333333,446.72463768115944,457.76183574879224,474.72584541062804,417.89420289855076,440.77294685990336,447.5758937198068,414,44.8,26.400000000000002,414,Norte
1506005,Prainha,PA,595,154,2.8789915966386554,83.19327731092437,40.168067226890756,98.65546218487395,24.369747899159663,41.51260504201681,10.92436974789916,59.831932773109244,29.2436974789916,435.03287671232874,438.77369863013695,454.94438356164386,409.946301369863,445.5342465753425,436.846301369863,365,38.65546218487395,25.882352941176475,365,Norte
1506138,Redenção,PA,2649,611,1.967534918837297,60.28690071725179,11.06077765194413,85.46621366553417,9.701774254435636,30.23782559456399,34.50358625896565,56.88939222348056,8.607021517553793,474.79355774811376,484.4473012188044,502.87968659315146,478.65623911781773,559.8491004062681,500.1251770168311,1723,34.956587391468474,23.06530766326916,1723,Norte
1506187,Rondon do Pará,PA,1181,335,2.4419983065198982,72.31160033869602,20.660457239627434,96.27434377646063,15.241320914479257,39.712108382726505,21.422523285351396,60.711261642675694,17.866215071972906,466.8705314009662,480.72657004830916,496.8938405797101,461.0114734299517,532.0531400966183,487.5111111111111,828,29.889923793395422,28.3657917019475,828,Norte
1506195,Rurópolis,PA,785,171,2.4089171974522294,73.50318471337579,12.611464968152866,96.05095541401273,17.70700636942675,41.01910828025478,19.23566878980892,66.11464968152866,14.64968152866242,471.0257796257796,480.8887733887734,493.9825363825364,462.26278586278585,489.06444906444904,479.4448648648649,481,38.726114649681534,21.78343949044586,481,Norte
1506203,Salinópolis,PA,2374,362,2.5332771693344567,78.85425442291492,29.23336141533277,89.55349620893007,20.72451558550969,34.962089300758215,18.44987363100253,60.23588879528222,21.314237573715246,477.8494805194805,487.25870129870134,503.9214285714286,471.18175324675326,526.8831168831168,493.4188961038961,1540,35.130581297388375,15.248525695029485,1540,Norte
1506302,Salvaterra,PA,1829,292,2.920174958993986,87.09677419354838,37.78020776380536,98.1957353745216,25.259704756697648,43.685073810825585,8.419901585565883,62.54784034991798,29.03225806451613,457.1463414634146,469.05954583683774,480.1815811606392,433.1238015138772,492.9184188393608,466.4859377628259,1189,34.99179879715692,15.965008201202844,1189,Norte
1506500,Santa Izabel do Pará,PA,2599,597,2.2993459022701037,76.7602924201616,27.664486340900346,79.41515967679877,18.314736437091188,27.77991535205848,25.355906117737593,57.52212389380531,17.121969988457096,476.45398179749714,491.31382252559723,506.31217292377704,469.2835608646189,593.5039817974972,507.3735039817975,1758,32.35859946133128,22.970373220469412,1758,Norte
1506708,Santana do Araguaia,PA,632,138,2.0727848101265822,65.98101265822784,12.974683544303797,87.5,10.601265822784809,30.22151898734177,30.22151898734177,60.12658227848101,9.651898734177216,464.1294832826748,461.85623100303957,487.04559270516717,448.8629179331307,507.9635258358663,473.97155015197575,329,47.94303797468354,21.835443037974684,329,Norte
1506807,Santarém,PA,17970,3481,2.237729549248748,67.43461324429605,25.097384529771844,89.31552587646077,14.123539232053423,27.801892042292707,27.262103505843072,57.83528102392877,14.90261547022816,480.9632572579292,496.37256251048836,510.988655814734,475.7976002685014,564.0191307266319,505.62824131565696,11918,33.67835281023929,19.371174179187534,11918,Norte
1507201,São Domingos do Capim,PA,1006,242,2.9324055666003974,82.7037773359841,38.27037773359841,98.60834990059642,32.7037773359841,40.95427435387674,13.021868787276341,53.08151093439364,33.89662027833002,447.34313725490193,456.3122171945701,473.80633484162894,433.4134238310709,468.2654600301659,455.82811463046755,663,34.09542743538767,24.055666003976143,663,Norte
1507300,São Félix do Xingu,PA,666,192,2.1381381381381384,69.96996996996997,14.264264264264265,81.83183183183183,11.26126126126126,36.486486486486484,27.627627627627625,62.91291291291291,9.45945945945946,465.9219948849105,472.6350383631713,494.5680306905371,458.1294117647059,524.1432225063938,483.07953964194377,391,41.29129129129129,28.82882882882883,391,Norte
1507458,São Geraldo do Araguaia,PA,716,209,2.420391061452514,76.25698324022346,17.45810055865922,98.32402234636871,12.988826815642456,37.011173184357546,18.71508379888268,66.06145251396647,15.223463687150836,454.10483870967744,465.0536866359447,481.07534562211987,440.6122119815669,473.17972350230417,462.8051612903226,434,39.385474860335194,29.18994413407821,434,Norte
1507607,São Miguel do Guamá,PA,3515,715,2.8324324324324324,84.38122332859174,34.793741109530586,95.70412517780939,25.77524893314367,42.58890469416785,11.493598862019914,60.4267425320057,28.079658605974394,457.37670648464166,468.7983788395904,485.74927474402733,440.8275597269625,519.5733788395904,474.4650597269625,2344,33.314366998577526,20.34139402560455,2344,Norte
1507706,São Sebastião da Boa Vista,PA,1353,295,3.048041389504804,81.9660014781966,47.74575018477458,98.4478935698448,23.429416112342942,53.215077605321504,8.721359940872137,55.50628233555063,35.77235772357724,448.7572390572391,466.5556677890011,480.7769921436588,437.8022446689113,489.15824915824913,464.6100785634119,891,34.14634146341463,21.80339985218034,891,Norte
1507805,Senador José Porfírio,PA,467,106,2.764453961456103,79.01498929336188,33.40471092077088,96.78800856531049,20.12847965738758,47.109207708779444,13.49036402569593,58.886509635974306,27.62312633832976,453.504214559387,460.91570881226056,475.8360153256705,433.4095785440613,462.0689655172414,457.1468965517241,261,44.11134903640257,22.698072805139187,261,Norte
1507904,Soure,PA,1047,145,2.8080229226361033,85.57784145176696,41.54727793696275,97.99426934097421,22.349570200573066,33.33333333333333,10.506208213944603,63.22827125119389,26.26552053486151,467.4769841269841,465.14484126984127,486.8310846560846,451.35873015873017,564.047619047619,486.9718518518519,756,27.793696275071632,13.84909264565425,756,Norte
1507953,Tailândia,PA,1777,359,2.4963421496904896,77.20877884074282,23.410241980866626,87.45075970737197,21.271806415306695,40.29262802476084,21.215531795160384,56.89364096792347,21.890827236916152,465.61323671497587,478.3952657004831,498.35632850241547,461.2705314009662,524.7342995169082,485.6739323671498,1035,41.755768148565,20.20258863252673,1035,Norte
1508001,Tomé-Açu,PA,2301,439,2.6888309430682313,80.74750108648414,29.20469361147327,94.78487614080835,21.425467188179052,42.720556279878316,14.993481095176012,60.14776184267709,24.858757062146893,462.35701813297516,474.38556077904633,493.8939556749496,447.50060443250504,529.8321020819342,481.59384822028204,1489,35.289004780530206,19.078661451542807,1489,Norte
1508084,Tucumã,PA,1115,382,1.7775784753363228,57.13004484304933,10.31390134529148,73.54260089686099,7.8923766816143495,28.878923766816143,41.52466367713005,50.49327354260089,7.982062780269058,480.2120498614958,488.0685595567867,511.39695290858725,489.8782548476454,550.7202216066482,504.0552077562327,722,35.246636771300444,34.26008968609865,722,Norte
1508100,Tucuruí,PA,3474,802,2.0926885434657456,62.03223949337939,15.947035118019572,88.42832469775475,13.44271732872769,29.418537708693147,31.77892918825561,56.10247553252734,12.118595279217041,476.5950043440486,485.7207211120765,506.40751520417035,469.71277150304087,535.7602085143353,494.8392441355343,2302,33.736327000575706,23.085780080598735,2302,Norte
1508159,Uruará,PA,889,281,2.232845894263217,67.37907761529809,16.197975253093365,88.41394825646795,12.710911136107987,38.582677165354326,27.559055118110237,58.49268841394826,13.948256467941508,464.35016778523493,470.2991610738255,490.0842281879195,450.3696308724832,504.26174496644296,475.87298657718117,596,32.95838020247469,31.608548931383577,596,Norte
1508209,Vigia,PA,2751,639,2.698291530352599,84.6601235914213,31.043256997455472,93.34787350054525,26.026899309342056,34.75099963649582,12.795347146492183,63.54053071610324,23.66412213740458,460.00031529164477,469.88859695218076,489.15328428796636,448.52475039411456,501.20861797162377,473.755112979506,1903,30.825154489276628,23.227917121046893,1903,Norte
1508308,Viseu,PA,1339,301,3.1822255414488425,91.7849141150112,36.96788648244959,99.17849141150113,39.65646004480956,50.634802091112775,5.974607916355489,53.920836445108286,40.10455563853622,442.5042774566474,455.57005780346816,462.335838150289,416.63803468208096,466.63583815028903,448.73680924855495,865,35.399551904406266,22.47946228528753,865,Norte
1508357,Vitória do Xingu,PA,466,70,2.4206008583690988,71.67381974248927,20.386266094420602,96.13733905579399,15.236051502145923,38.62660944206009,19.527896995708154,66.30901287553648,14.163090128755366,470.87003610108303,484.98989169675093,497.44945848375454,449.8057761732852,517.1841155234657,484.05985559566784,277,40.557939914163086,15.021459227467812,277,Norte
1508407,Xinguara,PA,1755,494,2.105982905982906,65.8119658119658,11.282051282051283,89.45868945868945,9.002849002849004,35.04273504273504,29.230769230769234,61.70940170940171,9.05982905982906,464.51924072476277,473.1746333045729,497.0029335634168,452.8053494391717,517.083692838654,480.9171699741156,1159,33.96011396011396,28.14814814814815,1159,Norte
1600105,Amapá,AP,512,128,2.53125,82.421875,21.484375,94.921875,22.8515625,31.4453125,15.0390625,67.96875,16.9921875,451.0954545454545,457.54545454545456,480.67727272727274,418.4714285714286,466.75324675324674,454.9085714285714,154,69.921875,25.0,154,Norte
1600154,Pedra Branca do Amapari,AP,327,73,2.308868501529052,69.41896024464832,19.571865443425075,98.77675840978594,12.538226299694188,30.58103975535168,22.629969418960243,63.30275229357798,14.067278287461773,455.7224137931035,471.42284482758623,491.7693965517241,432.97629310344826,497.9310344827586,469.9643965517242,232,29.051987767584098,22.32415902140673,232,Norte
1600204,Calçoene,AP,204,44,2.3627450980392157,82.84313725490196,14.215686274509803,99.01960784313727,9.803921568627452,30.392156862745097,12.254901960784313,80.3921568627451,7.352941176470589,449.20814814814815,467.4562962962963,478.6222222222222,418.64814814814815,456.74074074074076,454.1351111111111,135,33.82352941176471,21.568627450980394,135,Norte
1600279,Laranjal do Jari,AP,1449,297,2.298136645962733,71.35955831608005,19.944789510006903,94.61697722567288,15.665976535541754,28.226363008971706,22.63630089717046,63.975155279503106,13.388543823326431,470.1959913326111,482.2919826652221,501.2338028169014,446.6644637053088,508.79739978331526,481.8367280606717,923,36.300897170462385,20.496894409937887,923,Norte
1600303,Macapá,AP,22256,3898,2.0535585909417686,62.032710280373834,20.53378864126528,84.50754852624011,12.113587347232208,26.168224299065418,33.1461179007908,54.416786484543486,12.437095614665708,483.82948328267474,500.5349267753523,518.8017062724509,474.13685410334347,567.3348991434098,508.9275739154462,14476,34.9568655643422,17.51437814521927,14476,Norte
1600402,Mazagão,AP,606,117,2.6204620462046204,81.02310231023102,31.353135313531354,97.35973597359737,14.85148514851485,37.45874587458746,14.521452145214523,64.1914191419142,21.287128712871286,453.190813648294,470.3677165354331,481.9422572178478,427.10551181102363,487.3490813648294,463.99107611548555,381,37.12871287128713,19.306930693069308,381,Norte
1600501,Oiapoque,AP,1049,107,2.5500476644423262,72.83126787416587,32.41182078169685,96.09151572926596,15.252621544327932,38.41754051477598,18.684461391801715,61.48713060057197,19.82840800762631,454.74020270270273,458.6081081081081,480.4643581081082,419.37787162162164,474.9662162162162,457.6313513513514,592,43.56530028598665,10.200190657769303,592,Norte
1600535,Porto Grande,AP,693,159,2.4011544011544013,76.04617604617604,19.76911976911977,97.54689754689755,16.161616161616163,30.59163059163059,18.47041847041847,66.08946608946609,15.44011544011544,468.45474137931035,472.69181034482756,493.432974137931,443.32413793103444,518.7931034482758,479.33935344827586,464,33.04473304473304,22.943722943722943,464,Norte
1600600,Santana,AP,5368,958,2.2280178837555886,69.97019374068554,21.162444113263785,87.1833084947839,11.736214605067063,32.74962742175857,26.08047690014903,59.910581222056635,14.008941877794337,476.4766330935252,491.8086330935252,512.4026762589929,467.20952517985614,559.3496402877698,501.4494215827338,3475,35.264530551415795,17.84649776453055,3475,Norte
1600709,Tartarugalzinho,AP,314,55,2.5796178343949046,81.84713375796179,23.248407643312103,99.36305732484077,18.471337579617835,35.03184713375796,11.464968152866243,72.61146496815286,15.92356687898089,444.02564102564105,465.9307692307692,480.06256410256407,422.90153846153845,471.38461538461536,456.8610256410256,195,37.898089171974526,17.51592356687898,195,Norte
1600808,Vitória do Jari,AP,412,91,2.4781553398058254,74.75728155339806,23.54368932038835,96.84466019417476,14.805825242718445,37.86407766990291,17.233009708737864,66.74757281553399,16.019417475728158,446.41198501872657,460.85543071161044,482.43520599250934,418.71123595505617,473.85767790262173,456.45430711610487,267,35.19417475728155,22.0873786407767,267,Norte
1701002,Ananás,TO,318,94,2.261006289308176,74.21383647798741,17.29559748427673,99.05660377358491,8.176100628930817,27.358490566037734,20.754716981132077,69.49685534591194,9.748427672955975,464.8439655172414,471.7495689655172,492.25689655172414,463.79008620689655,530.0,484.5281034482759,232,27.04402515723271,29.559748427672954,232,Norte
1702109,Araguaína,TO,6198,1449,1.803646337528235,56.34075508228461,12.955792191029364,83.09131978057438,6.9699903194578905,21.00677637947725,40.46466602129719,52.355598580187156,7.179735398515651,492.5331505483549,503.3150049850449,523.7368394815554,496.61211365902295,592.5174476570289,521.7429112662014,4012,35.269441755404976,23.378509196515004,4012,Norte
1702158,Araguanã,TO,114,13,2.6228070175438596,88.59649122807018,23.684210526315788,100.0,16.666666666666664,33.33333333333333,7.894736842105263,72.80701754385966,19.298245614035086,446.6029850746269,444.1701492537314,478.86567164179104,419.82835820895525,465.07462686567163,450.90835820895524,67,41.22807017543859,11.403508771929824,67,Norte
1702208,Araguatins,TO,1369,385,2.1964937910883857,68.51716581446311,18.042366691015342,93.64499634769905,13.221329437545654,26.223520818115414,27.684441197954712,60.40905770635501,11.906501095690285,467.81530612244893,474.0433106575964,499.9873015873016,453.2115646258503,522.7891156462586,483.5693197278912,882,35.57341124908693,28.122717311906502,882,Norte
1702307,Arapoema,TO,167,45,2.37125748502994,77.24550898203593,17.964071856287426,99.40119760479041,13.17365269461078,29.34131736526946,19.760479041916167,67.66467065868264,12.574850299401197,453.7432692307693,456.94711538461536,487.2394230769231,445.1625,488.65384615384613,466.34923076923076,104,37.72455089820359,26.94610778443114,104,Norte
1702406,Arraias,TO,540,140,2.466666666666667,70.55555555555556,27.962962962962962,97.77777777777777,14.444444444444443,35.92592592592593,20.925925925925924,59.81481481481481,19.25925925925926,453.7906166219839,464.3254691689008,484.75067024128685,436.755764075067,506.4343163538874,469.2113672922252,373,30.925925925925924,25.925925925925924,373,Norte
1702554,Augustinópolis,TO,1290,289,2.2488372093023257,71.86046511627907,16.124031007751938,94.41860465116278,14.418604651162791,28.06201550387597,24.031007751937985,64.18604651162791,11.782945736434108,470.7851994851994,482.9370656370656,499.3724581724582,468.0093951093951,551.7374517374517,494.56831402831403,777,39.76744186046511,22.4031007751938,777,Norte
1703701,Brejinho de Nazaré,TO,106,36,2.3207547169811322,77.35849056603774,31.132075471698112,99.05660377358491,8.49056603773585,16.037735849056602,19.81132075471698,68.86792452830188,11.320754716981133,469.3626865671642,459.52686567164176,490.69104477611944,452.48805970149255,489.25373134328356,472.2644776119403,67,36.79245283018868,33.9622641509434,67,Norte
1705508,Colinas do Tocantins,TO,1210,375,1.8636363636363635,61.15702479338842,12.644628099173556,82.23140495867769,6.9421487603305785,23.388429752066113,37.43801652892562,55.371900826446286,7.190082644628099,475.32748815165877,483.8074644549763,506.22369668246444,478.3085308056872,580.8056872037914,504.8945734597157,844,30.247933884297517,30.991735537190085,844,Norte
1706100,Cristalândia,TO,338,130,1.834319526627219,55.325443786982255,12.721893491124261,86.68639053254438,8.579881656804734,20.118343195266274,40.532544378698226,52.662721893491124,6.804733727810651,464.07295081967214,479.4639344262295,491.07909836065573,459.41147540983604,492.21311475409834,477.2481147540983,244,27.810650887573964,38.46153846153847,244,Norte
1707009,Dianópolis,TO,812,247,2.2549261083743843,66.13300492610837,21.67487684729064,97.78325123152709,12.068965517241379,27.832512315270936,28.32512315270936,58.49753694581281,13.177339901477833,456.5417769376182,463.7614366729678,487.040831758034,440.4695652173913,485.6710775047259,466.69693761814744,529,34.85221674876847,30.41871921182266,529,Norte
1707405,Esperantina,TO,199,43,2.341708542713568,77.88944723618091,13.06532663316583,99.49748743718592,14.572864321608039,29.145728643216078,15.577889447236181,75.37688442211056,9.045226130653267,466.5818181818182,483.2295454545455,494.9977272727273,457.18333333333334,531.6666666666666,486.7318181818182,132,33.66834170854271,21.608040201005025,132,Norte
1708205,Formoso do Araguaia,TO,395,175,1.8632911392405063,72.65822784810126,16.962025316455694,60.0,7.59493670886076,29.11392405063291,36.708860759493675,55.44303797468354,7.848101265822785,460.02059925093636,476.1123595505618,486.6580524344569,451.1565543071161,508.01498127340824,476.3925093632959,267,32.405063291139236,44.303797468354425,267,Norte
1709302,Guaraí,TO,1301,380,2.1206764027671023,67.94773251345119,18.754803996925443,90.77632590315142,11.375864719446579,23.212913143735587,27.747886241352802,60.95311299000768,11.299000768639509,462.4535675082327,469.3614709110867,492.7363336992316,454.6318331503842,555.6970362239298,486.976048298573,911,29.97694081475788,29.20830130668716,911,Norte
1709500,Gurupi,TO,2222,670,1.566156615661566,50.99009900990099,10.396039603960396,74.61746174617461,3.5103510351035103,17.1017101710171,48.064806480648066,47.16471647164717,4.77047704770477,499.2713981547197,512.119730305181,530.6574875798439,511.9106458481192,592.888573456352,529.3695670688431,1409,36.58865886588659,30.15301530153015,1409,Norte
1710508,Itacajá,TO,294,70,2.45578231292517,75.51020408163265,29.591836734693878,99.31972789115646,15.646258503401361,25.510204081632654,22.108843537414966,61.224489795918366,16.666666666666664,443.5159574468085,454.493085106383,471.72446808510637,435.1202127659575,481.9148936170213,457.35372340425533,188,36.05442176870748,23.809523809523807,188,Norte
1713205,Miracema do Tocantins,TO,1016,289,2.206692913385827,67.42125984251969,19.291338582677163,96.35826771653542,12.204724409448819,25.393700787401574,28.543307086614174,58.07086614173228,13.385826771653544,462.34560606060603,474.0730303030303,496.89909090909094,455.090303030303,518.2121212121212,481.32403030303027,660,35.03937007874016,28.444881889763778,660,Norte
1714203,Natividade,TO,268,82,2.3955223880597014,79.8507462686567,23.134328358208954,97.76119402985076,8.208955223880597,30.597014925373134,16.417910447761194,73.88059701492537,9.701492537313433,459.3283950617284,470.5444444444444,491.0962962962963,456.6716049382716,493.58024691358025,474.2441975308642,162,39.552238805970156,30.597014925373134,162,Norte
1715101,Novo Acordo,TO,508,183,2.4429133858267718,74.80314960629921,31.10236220472441,98.22834645669292,11.614173228346457,28.543307086614174,21.062992125984252,62.99212598425197,15.94488188976378,440.8031518624642,448.47363896848134,471.94412607449857,429.6034383954155,454.0401146131805,448.97289398280805,349,31.299212598425196,36.023622047244096,349,Norte
1715754,Palmeirópolis,TO,545,177,2.365137614678899,77.43119266055047,19.63302752293578,94.3119266055046,12.844036697247708,32.29357798165138,20.733944954128443,65.87155963302752,13.394495412844037,458.6064935064935,472.3122077922078,489.3711688311688,454.22597402597404,526.7532467532468,480.2538181818182,385,29.357798165137616,32.477064220183486,385,Norte
1716109,Paraíso do Tocantins,TO,1498,496,1.7496662216288386,53.938584779706275,12.016021361815755,83.91188251001334,6.341789052069426,18.758344459279037,42.857142857142854,50.60080106809078,6.5420560747663545,483.45329341317364,493.2790419161676,516.5722554890219,493.05578842315373,563.2934131736527,509.9307584830339,1002,33.11081441922563,33.11081441922563,1002,Norte
1716505,Pedro Afonso,TO,569,143,2.130052724077329,63.2688927943761,20.738137082601053,95.43057996485061,11.599297012302284,21.968365553602812,31.282952548330407,56.239015817223205,12.478031634446397,466.23796033994336,466.20764872521244,493.185269121813,459.28498583569404,508.6685552407932,478.71688385269124,353,37.961335676625666,25.13181019332162,353,Norte
1716604,Peixe,TO,188,62,2.2074468085106385,75.53191489361703,13.829787234042554,98.40425531914893,8.51063829787234,24.46808510638298,20.212765957446805,71.27659574468085,8.51063829787234,449.51176470588234,469.00336134453784,484.0638655462185,441.69579831932776,499.4957983193277,468.7541176470588,119,36.702127659574465,32.97872340425532,119,Norte
1718204,Porto Nacional,TO,2013,603,1.8946845504222554,60.258320914058615,17.635370094386488,82.56333830104322,8.147044212617983,20.864381520119224,37.90362642821659,53.60158966716344,8.49478390461997,479.3650721336371,486.83940774487473,511.82376613515567,473.8999240698557,537.630979498861,497.91182991647685,1317,34.575260804769,29.955290611028317,1317,Norte
1718865,Santa Fé do Araguaia,TO,370,107,2.402702702702703,77.02702702702703,26.486486486486488,98.91891891891892,14.324324324324325,23.513513513513516,20.27027027027027,64.32432432432432,15.405405405405407,450.68275862068964,457.43984674329505,476.951724137931,439.6551724137931,502.60536398467434,465.46697318007665,261,29.45945945945946,28.91891891891892,261,Norte
1720804,Sítio Novo do Tocantins,TO,620,134,2.3516129032258064,74.03225806451613,19.032258064516128,96.29032258064515,14.677419354838708,31.129032258064516,19.838709677419356,66.45161290322581,13.709677419354838,457.08990825688073,470.31330275229357,489.3520642201835,441.95000000000005,544.1284403669724,480.56674311926605,436,29.677419354838708,21.612903225806452,436,Norte
1720903,Taguatinga,TO,448,142,2.3035714285714284,73.4375,22.991071428571427,97.32142857142857,10.044642857142858,26.5625,22.991071428571427,62.72321428571429,14.285714285714285,451.30263157894734,458.6769005847953,481.7728070175438,440.5432748538011,507.0175438596491,467.86263157894734,342,23.660714285714292,31.69642857142857,342,Norte
1721000,Palmas,TO,11071,2945,1.5008580977328154,43.57329961159787,10.929455333754854,74.97064402493,4.543401680065035,16.069009122933792,52.380092132598676,42.91391924848703,4.705988618914281,505.0427550448431,519.8619955156951,538.6145179372197,524.7173626681614,598.262331838565,537.2997926008968,7136,35.543311353987896,26.601029717279378,7136,Norte
1721208,Tocantinópolis,TO,1159,286,2.2993960310612596,72.04486626402071,18.550474547023295,95.94477998274374,15.44434857635893,27.95513373597929,22.77825711820535,64.0207075064711,13.201035375323556,458.39696202531644,470.0703797468354,494.1750632911392,457.94949367088606,535.8481012658228,483.288,790,31.837791199309752,24.67644521138913,790,Norte
1722081,Wanderlândia,TO,279,82,2.304659498207885,74.91039426523297,17.921146953405017,97.1326164874552,13.261648745519713,27.24014336917563,21.50537634408602,64.51612903225806,13.978494623655912,453.5449735449736,469.5783068783069,488.68465608465607,442.99417989417987,464.76190476190476,463.91280423280426,189,32.25806451612904,29.39068100358423,189,Norte
1722107,Xambioá,TO,225,55,2.2088888888888887,69.33333333333334,15.11111111111111,96.0,13.333333333333334,27.111111111111114,25.333333333333336,63.11111111111111,11.555555555555555,461.02088607594936,482.4892405063291,508.8386075949367,461.5139240506329,532.0253164556962,489.17759493670883,158,29.777777777777782,24.444444444444443,158,Norte
2100055,Açailândia,MA,3387,702,2.1054030115146145,64.03897254207263,15.146147032772364,87.48154709182168,10.806023029229408,33.0676114555654,30.026572187776797,59.34455270150576,10.628875110717448,479.5820419325433,492.61608933454875,513.7419781221513,483.26399270738375,563.6280765724704,506.5664357338195,2194,35.22291113079421,20.726306465899025,2194,Nordeste
2100204,Alcântara,MA,477,99,2.540880503144654,80.92243186582809,19.70649895178197,97.27463312368972,24.528301886792452,31.656184486373167,15.09433962264151,66.66666666666666,18.238993710691823,455.0175953079179,457.3043988269794,480.37947214076246,429.3923753665689,493.4310850439883,463.10498533724336,341,28.511530398322847,20.754716981132077,341,Nordeste
2100501,Alto Parnaíba,MA,276,51,3.039855072463768,88.40579710144928,39.492753623188406,98.55072463768117,30.07246376811594,47.46376811594203,8.333333333333332,56.88405797101449,34.78260869565217,440.2443349753695,453.0960591133005,469.4551724137931,429.29802955665025,479.90147783251234,454.3990147783251,203,26.449275362318836,18.478260869565215,203,Nordeste
2100600,Amarante do Maranhão,MA,1218,326,2.5599343185550083,77.91461412151067,23.973727422003286,94.82758620689656,20.525451559934318,38.752052545156,18.0623973727422,60.75533661740559,21.182266009852217,455.2562962962963,462.56888888888886,478.70839506172837,443.3522222222222,518.1975308641976,471.6166666666667,810,33.49753694581281,26.76518883415435,810,Nordeste
2100709,Anajatuba,MA,541,130,2.846580406654344,87.61552680221811,30.499075785582253,98.15157116451016,29.02033271719039,39.37153419593346,9.796672828096119,63.4011090573013,26.80221811460259,454.04987775061124,457.1220048899755,474.03887530562343,444.7643031784841,503.9119804400978,466.7774083129584,409,24.399260628465804,24.029574861367838,409,Nordeste
2100907,Araioses,MA,689,117,2.9550072568940493,84.03483309143687,25.544267053701013,98.69375907111755,36.86502177068215,50.36284470246735,8.99854862119013,57.03918722786647,33.9622641509434,464.746170212766,467.8844680851064,493.46319148936175,441.3155319148936,514.5106382978723,476.384,470,31.78519593613933,16.9811320754717,470,Nordeste
2100956,Arame,MA,707,227,2.9773691654879775,86.56294200848656,36.916548797736915,94.76661951909476,29.27864214992928,50.21216407355021,11.032531824611032,54.17256011315418,34.794908062234796,453.0547861507128,462.4993890020367,481.45030549898166,433.34012219959266,489.5315682281059,463.97523421588596,491,30.55162659123055,32.10749646393211,491,Nordeste
2101004,Arari,MA,1792,577,2.4542410714285716,79.74330357142857,24.274553571428573,85.32366071428571,23.939732142857142,32.142857142857146,21.372767857142858,58.09151785714286,20.535714285714285,465.82793522267207,474.31878542510117,497.8267206477733,460.1408097165992,522.1214574898786,484.04714170040484,1235,31.082589285714292,32.198660714285715,1235,Nordeste
2101202,Bacabal,MA,5190,1279,2.335067437379576,75.99229287090559,20.443159922928707,85.52986512524085,18.053949903660886,33.48747591522158,25.08670520231214,57.72639691714836,17.186897880539497,466.8494623655914,478.16567858180764,499.9222028480093,464.07276954373725,535.9197907585004,488.98598081952923,3441,33.699421965317924,24.64354527938343,3441,Nordeste
2101301,Bacuri,MA,733,184,2.9263301500682126,88.94952251023193,35.33424283765348,98.90859481582538,33.560709413369715,35.879945429740786,9.004092769440655,59.07230559345157,31.923601637107772,447.293487394958,454.7262605042017,477.6392857142857,435.3850840336134,498.781512605042,462.7651260504202,476,35.06139154160982,25.102319236016374,476,Nordeste
2101400,Balsas,MA,4515,1301,2.0664451827242525,65.60354374307863,16.699889258028794,80.19933554817275,12.314507198228128,31.827242524916944,33.20044296788483,53.51052048726467,13.2890365448505,471.2033212758961,480.54643209470566,501.10937191713253,473.1984544557711,569.4574153239066,499.1029990134824,3041,32.64673311184939,28.81506090808416,3041,Nordeste
2101509,Barão de Grajaú,MA,685,111,2.640875912408759,78.68613138686132,21.021897810218977,94.45255474452556,18.248175182481752,51.67883211678832,14.890510948905108,62.91970802919708,22.18978102189781,463.4589958158996,477.6357740585774,494.14121338912133,451.7029288702929,543.0543933054394,485.99866108786614,478,30.218978102189787,16.204379562043798,478,Nordeste
2101608,Barra do Corda,MA,2372,580,2.43929173693086,74.83136593591905,22.133220910623947,92.4114671163575,20.27824620573356,34.27487352445194,22.386172006745362,58.26306913996627,19.35075885328836,473.0521628498728,484.2928753180662,505.89694656488547,475.23600508905855,565.3562340966921,500.766844783715,1572,33.72681281618887,24.45193929173693,1572,Nordeste
2101707,Barreirinhas,MA,1601,339,2.783260462211118,84.38475952529669,32.79200499687695,96.56464709556528,24.047470331043098,40.5371642723298,13.116801998750779,60.149906308557156,26.733291692692067,458.9845041322314,466.33605371900825,488.1689049586777,440.8035123966942,497.6652892561983,470.391652892562,968,39.53778888194878,21.174266083697688,968,Nordeste
2101905,Bequimão,MA,506,106,2.857707509881423,88.3399209486166,35.77075098814229,97.62845849802372,30.8300395256917,33.201581027667984,9.683794466403162,62.450592885375485,27.865612648221344,452.9668639053254,463.04852071005917,476.91420118343194,438.7769230769231,487.63313609467457,463.8679289940829,338,33.201581027667984,20.948616600790515,338,Nordeste
2102002,Bom Jardim,MA,1049,275,2.624404194470925,79.12297426120114,26.596758817921828,94.75691134413728,23.546234509056244,38.41754051477598,17.25452812202097,59.103908484270725,23.641563393708292,463.3011678832117,468.763795620438,488.85197080291965,454.3192700729927,498.8905109489051,474.8253430656934,685,34.69971401334604,26.215443279313632,685,Nordeste
2102101,Brejo,MA,1165,392,2.7716738197424893,90.04291845493563,23.261802575107296,84.63519313304721,36.22317596566524,43.00429184549356,14.935622317596566,56.22317596566524,28.841201716738198,452.4936073059361,459.69132420091324,477.6260273972603,438.363698630137,520.8675799086758,469.8084474885845,876,24.806866952789697,33.648068669527895,876,Nordeste
2102309,Buriti Bravo,MA,942,337,2.7632696390658174,83.54564755838642,25.902335456475583,92.25053078556263,33.01486199575371,41.6135881104034,14.118895966029724,58.067940552016985,27.81316348195329,451.22968980797634,463.656129985229,479.92230428360415,444.4103397341211,514.2983751846381,470.7033677991137,677,28.131634819532913,35.774946921443735,677,Nordeste
2102325,Buriticupu,MA,2045,536,2.619559902200489,81.36919315403422,19.951100244498775,95.74572127139365,18.581907090464547,46.308068459657704,13.93643031784841,67.87286063569682,18.190709046454767,459.29412244897964,465.31730612244894,484.0220408163265,445.76367346938775,481.0285714285714,467.0851428571429,1225,40.09779951100244,26.21026894865526,1225,Nordeste
2102804,Carolina,MA,635,136,2.3165354330708663,71.96850393700788,15.433070866141732,95.90551181102363,14.173228346456693,34.17322834645669,23.937007874015748,62.047244094488185,14.015748031496065,470.62219730941706,490.3569506726458,506.9511210762332,466.2466367713005,552.286995515695,497.2927802690583,446,29.763779527559052,21.41732283464567,446,Nordeste
2102903,Carutapera,MA,1495,377,2.7438127090301005,84.94983277591973,26.02006688963211,97.79264214046822,27.759197324414714,37.85953177257525,11.705685618729097,63.1438127090301,25.150501672240804,454.92834951456314,462.8916504854369,484.886213592233,437.11320388349515,481.8252427184466,464.3289320388349,1030,31.103678929765888,25.217391304347824,1030,Nordeste
2103000,Caxias,MA,6792,1455,2.318168433451119,73.51295641931685,15.856890459363957,87.94169611307422,18.772084805653712,35.73321554770318,23.895759717314487,60.21790341578327,15.886336866902237,474.24056448290077,483.32935723114963,502.7519365471776,466.20945611866506,547.3959620931191,494.7854552946024,4854,28.533568904593643,21.42226148409894,4854,Nordeste
2103208,Chapadinha,MA,3069,955,2.636689475399153,80.64516129032258,30.270446399478658,84.13163897034865,30.433365917236888,38.18833496252851,19.843597262952102,52.85109156076898,27.305311176278916,461.36218971631206,469.6121453900709,485.77907801418445,452.24352836879433,539.4592198581561,481.69123226950353,2256,26.49071358748778,31.117627891821442,2256,Nordeste
2103307,Codó,MA,3799,854,2.544617004474862,78.65227691497762,20.0842326928139,90.57646749144511,23.92734930244801,41.221374045801525,18.45222426954462,60.51592524348513,21.031850486970256,462.67846095812905,472.6691814409657,493.8384383251603,452.0069407770652,522.5348924933987,480.7455827989438,2651,30.21847854698605,22.479599894709136,2651,Nordeste
2103406,Coelho Neto,MA,2302,509,2.7380538662033014,84.0139009556907,25.36924413553432,94.5264986967854,26.585577758470897,43.31016507384883,14.031277150304083,59.860990443092966,26.107732406602953,454.89867591424974,465.629129886507,481.1827868852459,444.8300126103405,509.4199243379571,471.19210592686005,1586,31.103388357949612,22.111207645525628,1586,Nordeste
2103505,Colinas,MA,1727,527,2.6218876664736537,81.58656629994209,28.372900984365952,88.01389693109438,27.041111754487552,37.17429067747539,18.645049218297626,56.57209033005211,24.78286045165026,452.65826446280994,462.53123966942155,483.51198347107436,450.4809090909091,510.3471074380165,471.90590082644627,1210,29.93630573248408,30.515344528083382,1210,Nordeste
2103604,Coroatá,MA,1825,560,2.646027397260274,83.34246575342465,27.013698630136986,85.64383561643835,27.72602739726027,40.87671232876712,17.315068493150683,57.31506849315069,25.36986301369863,460.2540185471406,467.91429675425036,490.6982998454405,456.35177743431217,557.5425038639877,486.5521792890263,1294,29.0958904109589,30.684931506849317,1294,Nordeste
2103703,Cururupu,MA,831,199,2.9398315282791816,88.08664259927798,37.545126353790614,94.94584837545126,31.046931407942242,42.35860409145607,10.108303249097473,57.52105896510229,32.37063778580024,454.5188191881919,469.5551660516605,489.0282287822878,444.79630996309965,496.0516605166052,470.79003690036905,542,34.777376654632974,23.94705174488568,542,Nordeste
2103802,Dom Pedro,MA,1804,615,2.492239467849224,80.98669623059867,18.569844789356985,89.13525498891353,21.286031042128602,39.24611973392461,18.403547671840354,62.6940133037694,18.902439024390244,469.41710231516055,485.2894697535474,502.79327856609405,478.45063480209114,573.2636295743092,501.8428230022405,1339,25.77605321507761,34.090909090909086,1339,Nordeste
2104008,Esperantinópolis,MA,1104,351,2.6458333333333335,81.88405797101449,22.463768115942027,98.27898550724638,25.905797101449274,36.05072463768116,14.402173913043478,64.40217391304348,21.195652173913043,462.28674388674386,467.2476190476191,489.7934362934363,458.55444015444016,503.91248391248394,476.35894465894467,777,29.619565217391308,31.793478260869566,777,Nordeste
2104057,Estreito,MA,1063,346,2.248353715898401,71.11947318908749,14.675446848541862,94.54374412041392,14.205079962370649,30.291627469426153,25.211665098777047,61.71213546566322,13.076199435559738,468.48900949796473,468.3839891451832,494.4729986431479,463.4333785617368,523.1750339213025,483.590881953867,737,30.667920978363128,32.54938852304798,737,Nordeste
2104081,Fernando Falcão,MA,47,15,3.382978723404255,89.36170212765957,42.5531914893617,93.61702127659575,51.06382978723404,61.702127659574465,8.51063829787234,34.04255319148936,57.446808510638306,434.5548387096774,464.9,464.01612903225805,432.42903225806447,487.0967741935484,456.5993548387097,31,34.04255319148937,31.914893617021278,31,Nordeste
2104099,Formosa da Serra Negra,MA,978,359,2.7862985685071573,83.33333333333334,23.619631901840492,96.7280163599182,26.68711656441718,48.261758691206545,13.803680981595093,59.20245398773007,26.993865030674847,446.8085271317829,453.82351421188633,465.25633074935405,440.77713178294573,519.5090439276486,465.2349095607235,774,20.858895705521473,36.70756646216769,774,Nordeste
2104677,Governador Nunes Freire,MA,639,169,2.7136150234741785,82.15962441314554,30.51643192488263,93.27073552425665,25.19561815336463,40.21909233176839,14.241001564945227,60.093896713615024,25.665101721439747,455.9641826923077,455.26850961538463,476.41466346153845,442.75697115384617,512.5,468.58086538461544,416,34.8982785602504,26.447574334898277,416,Nordeste
2104800,Grajaú,MA,2207,506,2.475758948799275,75.94019030357953,20.933393747168104,94.9252378794744,18.124150430448573,37.65292251925691,19.392840960579974,62.437698232895336,18.169460806524697,460.5499657768652,466.1637919233402,487.57967145790553,442.17782340862425,505.73579739904176,472.4414099931554,1461,33.80154055278659,22.927050294517446,1461,Nordeste
2105005,Humberto de Campos,MA,740,164,3.097297297297297,89.05405405405405,39.45945945945946,98.51351351351352,38.108108108108105,44.5945945945946,8.513513513513514,53.783783783783775,37.7027027027027,447.3440928270042,459.37974683544303,475.97067510548527,432.665611814346,496.32911392405066,462.3378481012659,474,35.945945945945944,22.162162162162165,474,Nordeste
2105104,Icatu,MA,1426,350,2.8548387096774195,89.13043478260869,36.605890603085555,97.47545582047685,26.507713884992988,35.764375876577844,9.1164095371669,63.67461430575035,27.20897615708275,444.4592885375494,446.752371541502,466.3659090909091,427.5975296442688,470.6324110671937,451.16150197628457,1012,29.032258064516125,24.544179523141654,1012,Nordeste
2105302,Imperatriz,MA,13329,2514,1.831945382249231,56.50836521869608,12.44654512716633,80.75624577987845,7.802535824142846,25.680846275039386,39.03518643559157,53.58991672293495,7.374896841473479,496.1702240832956,507.84583521955636,526.5197148030784,508.2223064735174,600.8374830239927,527.9191127206881,8836,33.708455247955584,18.86112986720684,8836,Nordeste
2105401,Itapecuru Mirim,MA,2413,524,2.740986324077911,83.67177786987153,32.82221301284708,95.81433899709904,25.942809780356402,35.847492747617075,13.634479900538748,60.049730625777045,26.31578947368421,450.5053198653199,459.97939393939396,481.6040404040404,443.8093602693603,509.5353535353535,469.0866936026936,1485,38.45835060091173,21.715706589307914,1485,Nordeste
2105427,Itinga do Maranhão,MA,505,128,2.1643564356435645,71.68316831683168,21.18811881188119,79.8019801980198,13.663366336633665,30.099009900990097,28.51485148514851,58.21782178217821,13.267326732673268,461.89856733524357,475.8289398280802,498.1977077363897,447.3452722063037,499.0830945558739,476.47071633237823,349,30.891089108910897,25.346534653465348,349,Nordeste
2105500,João Lisboa,MA,1371,231,2.3916849015317285,73.6688548504741,19.40189642596645,94.09190371991247,14.00437636761488,38.00145878920496,20.71480671043034,63.82202771699489,15.463165572574763,471.76724511930587,484.1168112798265,502.297830802603,470.1146420824295,561.8655097613882,498.0324078091106,922,32.749817651349375,16.849015317286653,922,Nordeste
2105708,Lago da Pedra,MA,2155,614,2.6812064965197218,82.36658932714617,27.935034802784227,88.35266821345708,25.336426914153133,44.129930394431554,16.798143851508122,57.7262180974478,25.475638051044086,458.7445333333334,471.4808666666667,492.7341333333333,456.60360000000003,520.0266666666666,479.91796000000005,1500,30.39443155452436,28.491879350348025,1500,Nordeste
2106326,Maracaçumé,MA,1159,291,2.7799827437446076,84.38308886971527,31.751509922346848,94.90940465918895,27.610008628127698,39.34426229508197,13.546160483175152,59.10267471958585,27.351164797238997,455.06912568306007,460.375,477.6889344262295,436.450956284153,467.4863387978142,459.41407103825134,732,36.8421052631579,25.107851596203624,732,Nordeste
2106508,Matinha,MA,1023,254,2.7781036168132944,91.49560117302052,28.05474095796676,96.87194525904204,28.934506353861195,32.453567937438905,7.722385141739981,69.30596285434996,22.971652003910066,445.93946251768034,448.5009900990099,473.12263083451205,438.97383309759545,483.6775106082037,458.0428854314003,707,30.889540566959916,24.82893450635386,707,Nordeste
2106805,Mirinzal,MA,1243,330,2.890587288817377,89.38053097345133,36.92679002413516,99.11504424778761,35.23732904263878,28.39903459372486,7.884151246983105,62.912308930008045,29.20353982300885,448.10191158900835,454.19856630824376,473.22819593787335,422.99211469534055,473.57228195937876,454.41861409796894,837,32.662912308930004,26.548672566371685,837,Nordeste
2107001,Montes Altos,MA,742,197,2.7398921832884096,80.7277628032345,31.805929919137466,97.03504043126685,21.563342318059302,42.857142857142854,13.881401617250674,60.37735849056604,25.741239892183287,459.7799249530957,469.5677298311445,487.89324577861163,447.02551594746717,513.9962476547843,475.65253283302064,533,28.167115902964955,26.549865229110516,533,Nordeste
2107506,Paço do Lumiar,MA,5267,1050,2.132523258021644,71.55876210366432,20.44807290677805,87.81089804442756,11.030947408391874,22.4036453389026,27.397000189861405,61.647996962217576,10.955002847921017,479.2301771871539,489.1044019933555,513.825276854928,468.4545957918051,543.8095238095239,498.8847951273533,3612,31.42206189481679,19.935447123599772,3612,Nordeste
2107803,Parnarama,MA,1584,475,2.753787878787879,86.93181818181817,20.32828282828283,96.96969696969697,29.166666666666668,41.98232323232323,10.353535353535353,65.15151515151516,24.494949494949495,444.2477922077922,452.8844155844156,468.3798268398268,430.7778354978355,484.0,456.057974025974,1155,27.083333333333336,29.987373737373733,1155,Nordeste
2108207,Pedreiras,MA,2830,706,2.3855123674911662,77.52650176678445,19.11660777385159,89.50530035335689,18.23321554770318,34.169611307420496,21.30742049469965,62.19081272084806,16.501766784452297,473.5318799546999,478.2860702151755,503.5084371460929,475.61392978482445,555.5039637599094,497.2888561721404,1766,37.59717314487633,24.946996466431095,1766,Nordeste
2108306,Penalva,MA,791,229,3.077117572692794,90.39190897597977,36.91529709228824,98.48293299620732,40.4551201011378,41.46649810366625,7.079646017699115,56.51074589127687,36.40960809102402,447.5486988847584,457.17137546468405,472.9092936802974,425.960780669145,481.63568773234203,457.0451672862453,538,31.98482932996207,28.950695322376742,538,Nordeste
2108504,Pindaré-Mirim,MA,870,204,2.3597701149425285,76.4367816091954,19.655172413793103,90.57471264367815,16.7816091954023,32.52873563218391,21.95402298850575,62.29885057471264,15.747126436781608,472.57649122807015,478.77754385964914,496.940350877193,454.1771929824561,558.3157894736842,492.1574736842105,570,34.48275862068966,23.448275862068964,570,Nordeste
2108603,Pinheiro,MA,4400,989,2.3438636363636363,77.43181818181817,24.454545454545453,80.84090909090908,19.477272727272727,32.18181818181819,24.545454545454547,58.11363636363637,17.34090909090909,471.0442690459849,483.4770761839396,499.28586135895677,461.6901853122855,544.111187371311,491.9217158544956,2914,33.77272727272727,22.477272727272727,2914,Nordeste
2108702,Pio XII,MA,938,286,2.699360341151386,82.62260127931769,21.961620469083158,94.77611940298507,27.292110874200425,43.28358208955223,13.859275053304904,60.5543710021322,25.5863539445629,457.78353115727,464.1221068249258,481.3998516320475,438.2416913946588,496.17210682492583,467.54385756676555,674,28.14498933901919,30.49040511727079,674,Nordeste
2109007,Porto Franco,MA,1453,383,2.2773571920165177,72.74604267033723,15.622849277357192,91.87887130075705,14.934618031658637,32.55333792154163,24.43220922229869,62.14728148657949,13.420509291121817,461.65435406698566,472.5275598086124,492.76478468899523,458.2276555023924,530.3732057416267,483.1095119617225,1045,28.079834824501038,26.35925671025465,1045,Nordeste
2109106,Presidente Dutra,MA,2683,912,2.5154677599701825,79.91054789414834,21.244875139768915,91.98658218412226,20.611256056653,37.79351472232575,18.673127096533733,61.38650764070071,19.94036526276556,463.5042216358839,474.91641160949865,495.0473878627969,459.2028496042216,535.9366754617414,485.7215092348285,1895,29.370108087961235,33.991800223630264,1895,Nordeste
2109452,Raposa,MA,1150,230,2.5052173913043476,81.1304347826087,29.565217391304348,90.43478260869566,15.130434782608695,34.26086956521739,16.434782608695652,63.391304347826086,20.17391304347826,464.8710424710425,470.6299871299871,496.475546975547,448.889703989704,516.1904761904761,479.41135135135136,777,32.434782608695656,20.0,777,Nordeste
2109601,Rosário,MA,2011,523,2.685231228244654,85.38040775733467,32.86921929388364,97.41422178020885,22.22774738935853,30.63152660367976,12.083540527100944,67.03132769766286,20.8851317752362,456.3228614685844,466.2021196063588,489.2720666161999,446.1114307342922,513.0658591975775,474.1948675246026,1321,34.31128791645948,26.006961710591746,1321,Nordeste
2109809,Santa Helena,MA,1104,157,2.773550724637681,89.4927536231884,33.69565217391305,96.01449275362319,19.47463768115942,38.677536231884055,8.605072463768115,68.11594202898551,23.27898550724638,468.7022091310751,471.41973490427097,492.27452135493377,450.08247422680415,565.5670103092783,489.6091899852725,679,38.4963768115942,14.221014492753623,679,Nordeste
2109908,Santa Inês,MA,4229,1026,2.276897611728541,72.42847008749114,19.93379049420667,87.39654764719792,16.62331520454008,31.307637739418304,24.946795932844644,59.87231023882714,15.180893828328209,474.20141672425706,486.49498963372497,506.78182446440917,470.72239115411196,558.5003455425017,499.34019350380095,2894,31.56774651217782,24.26105462284228,2894,Nordeste
2110005,Santa Luzia,MA,1847,508,2.6713589604764483,82.0249052517596,24.472116946399566,95.18137520303195,23.33513806172171,42.122360584732,15.430427720628046,61.61342717920954,22.956145100162427,460.04187396351574,468.9398839137645,494.12860696517413,472.35024875621895,521.4262023217248,483.37736318407957,1206,34.70492690850027,27.504060638873852,1206,Nordeste
2110039,Santa Luzia do Paruá,MA,1314,313,2.684931506849315,83.4855403348554,29.908675799086758,95.58599695585997,19.558599695585997,39.95433789954338,13.774733637747335,64.23135464231355,21.993911719939117,456.1087829360101,461.68720200752824,485.54579673776664,445.5867001254705,539.1217063989963,477.61003764115435,797,39.3455098934551,23.820395738203956,797,Nordeste
2110203,Santa Rita,MA,1087,246,2.8334866605335787,87.30450781968722,36.61453541858325,97.70009199632015,25.29898804047838,36.43054277828887,10.027598896044159,63.84544618215271,26.12695492180313,452.81600566572234,460.357507082153,483.1864022662889,445.3059490084986,517.3654390934844,471.8062606232295,706,35.05059797608096,22.63109475620975,706,Nordeste
2110500,São Bento,MA,1749,452,3.035448827901658,89.02229845626071,43.45340194396798,98.34190966266438,33.79073756432247,38.93653516295026,8.118925100057176,57.17552887364208,34.705546026300745,445.7738599348535,455.2571661237785,473.4578175895765,428.4061889250815,486.628664495114,457.9047394136808,1228,29.78845054316752,25.84333905088622,1228,Nordeste
2110609,São Bernardo,MA,2606,762,2.9938603223330773,89.56254796623178,31.811204911742134,95.93246354566385,37.567152724481964,44.512663085188024,8.250191864927091,58.09669992325402,33.653108211818875,447.27628171931644,453.78244432936305,474.58389435525635,428.8961677887105,477.94924909373384,456.49760745727605,1931,25.901765157329237,29.24021488871834,1931,Nordeste
2110708,São Domingos do Maranhão,MA,1591,497,2.6568196103079824,81.52105593966058,23.570081709616595,95.09742300439974,28.158390949088624,37.335009428032684,15.65053425518542,60.90509113764928,23.444374607165305,464.1247721623861,472.0725766362883,491.84109362054676,461.6686826843413,540.1988400994201,485.98119304059657,1207,24.135763670647393,31.238214959145193,1207,Nordeste
2111102,São João dos Patos,MA,2684,835,2.7138599105812222,81.89269746646795,26.97466467958271,96.6467958271237,24.81371087928465,41.05812220566319,13.561847988077497,62.59314456035767,23.84500745156483,456.84865606143717,465.62561711464616,484.5481623697203,455.2816785518376,505.88041689522765,473.63690619857374,1823,32.07898658718331,31.110283159463485,1823,Nordeste
2111201,São José de Ribamar,MA,3819,733,2.362660382299031,77.27153705158418,25.73972244042943,89.91882691804138,15.789473684210526,27.546478135637603,20.450379680544646,63.91725582613249,15.632364493322859,470.54207760711404,481.676515763945,502.26721907841556,457.7239692805174,531.8270008084074,488.80735650767986,2474,35.218643623985336,19.19350615344331,2474,Nordeste
2111300,São Luís,MA,56348,10800,1.856552140271172,60.73862426350536,18.639525803932706,75.98140129197132,9.79804074678782,20.497621920919997,38.405977142045856,52.17576488961454,9.418257968339603,494.1971618106139,507.98857960457855,527.3149141519251,500.0110691987513,587.630593132154,523.4284635796046,38440,31.78107474976929,19.166607510470644,38440,Nordeste
2111508,São Mateus do Maranhão,MA,1712,404,2.673481308411215,81.71728971962617,26.343457943925237,93.69158878504673,19.39252336448598,46.203271028037385,15.011682242990654,60.046728971962615,24.94158878504673,456.4354808590103,463.2326797385621,487.55004668534076,449.6600373482727,521.3071895424837,475.6370868347339,1071,37.44158878504673,23.598130841121495,1071,Nordeste
2111607,São Raimundo das Mangabeiras,MA,1151,305,2.489139878366638,77.84535186794092,25.36924413553432,88.87923544743701,17.289313640312773,39.53084274543875,20.069504778453517,59.07906168549088,20.851433536055602,453.6870928829915,459.7687575392038,481.5476477683957,446.5536791314837,529.0711700844391,474.1256694813028,829,27.975673327541273,26.498696785403997,829,Nordeste
2111706,São Vicente Ferrer,MA,1431,374,3.1879804332634523,92.80223619846262,47.09993011879804,98.04332634521313,43.39622641509434,37.45632424877708,5.380852550663871,54.996505939902164,39.62264150943396,434.2100405679513,442.4131845841785,457.6943204868154,416.7738336713996,452.69776876267747,440.7578296146045,986,31.097134870719778,26.135569531795948,986,Nordeste
2112100,Timbiras,MA,919,298,2.8433079434167574,85.41893362350382,24.918389553862895,96.19151251360174,32.53536452665941,45.26659412404788,10.772578890097932,60.06528835690968,29.16213275299238,448.31602941176476,455.10191176470585,468.8854411764706,433.1417647058824,490.44117647058823,459.1772647058823,680,26.00652883569097,32.4265505984766,680,Nordeste
2112209,Timon,MA,5678,1034,2.233885170834801,73.42374075378655,13.913349771046143,89.38006340260655,13.24410003522367,33.427263120817194,22.80732652342374,66.1676646706587,11.025008805917578,483.8678051363516,494.6710087370929,514.4412496690495,486.0193275086047,580.7783955520255,511.9555573206248,3777,33.480098626276856,18.210637548432544,3777,Nordeste
2112308,Tuntum,MA,596,188,2.4161073825503356,73.65771812080537,25.671140939597315,94.29530201342283,18.959731543624162,29.026845637583893,24.664429530201343,56.375838926174495,18.959731543624162,477.89497716894977,485.5141552511416,507.8760273972603,478.5319634703196,531.5525114155251,496.2739269406393,438,26.51006711409396,31.543624161073826,438,Nordeste
2112407,Turiaçu,MA,796,226,2.913316582914573,90.07537688442211,31.4070351758794,99.2462311557789,36.80904522613066,33.79396984924623,6.909547738693467,63.44221105527639,29.64824120603015,439.9155515370705,440.726582278481,463.91952983725133,416.3820976491862,465.67811934900544,445.3243761301989,553,30.527638190954775,28.391959798994975,553,Nordeste
2112506,Tutóia,MA,1751,470,2.7201599086236437,82.80982295830954,24.44317532838378,91.71901770416905,31.06796116504854,41.97601370645346,14.505996573386637,59.62307252998287,25.870930896630494,465.41555740432614,471.21364392678873,491.6686356073211,452.7333610648918,532.828618968386,482.7719633943428,1202,31.35351227869788,26.841804683038262,1202,Nordeste
2112605,Urbano Santos,MA,1877,490,3.002131060202451,90.57005860415556,43.633457645178474,89.55780500799148,35.53542887586574,40.916355887053804,10.229088971763451,54.23548215237081,35.53542887586574,441.60365957446805,446.1303829787234,465.1902127659574,426.66008510638295,498.9617021276596,455.70920851063835,1175,37.400106553010126,26.10548748002131,1175,Nordeste
2112704,Vargem Grande,MA,1867,519,3.1408677021960365,88.9662560257097,45.688269951794325,97.75040171397966,37.38618103910016,44.295661489019814,9.426888055704339,50.56239957150509,40.01071237279057,447.5374595469256,450.5682038834952,473.17516181229774,442.2427993527508,488.915857605178,460.4878964401295,1236,33.79753615425817,27.798607391537228,1236,Nordeste
2112803,Viana,MA,1517,438,2.6499670402109428,85.23401450230719,29.00461437046803,96.5721819380356,23.269611074489124,30.916282135794333,12.195121951219512,66.64469347396177,21.16018457481872,450.9948275862069,460.256490872211,481.99898580121703,440.954462474645,495.57809330628805,465.9565720081136,986,35.00329597890573,28.872775214238626,986,Nordeste
2113009,Vitorino Freire,MA,1671,533,2.6367444643925793,80.73010173548774,24.057450628366247,95.33213644524237,23.57869539198085,39.97606223818073,15.200478755236386,61.63973668461998,23.159784560143628,463.4613787375415,470.6812292358804,492.27184385382066,456.7091362126246,533.8039867109635,483.3855149501661,1204,27.9473369239976,31.89706762417714,1204,Nordeste
2114007,Zé Doca,MA,1736,545,2.5570276497695854,81.04838709677419,23.790322580645164,91.53225806451613,22.062211981566822,37.26958525345622,17.68433179723502,61.75115207373272,20.56451612903226,463.8638353765324,467.5018388791593,491.1337127845884,454.9339754816112,528.9492119089317,481.27651488616465,1142,34.21658986175116,31.394009216589865,1142,Nordeste
2200202,Água Branca,PI,1741,504,2.3940264215967835,74.89948305571511,20.907524411257896,89.94830557151062,21.654221711659964,31.993107409534748,21.883974727168294,61.05686387133831,17.059161401493395,467.3384176182708,472.61924959216964,496.5021207177814,470.72014681892335,540.5709624796085,489.55017944535075,1226,29.580700746697296,28.948879954049396,1226,Nordeste
2200400,Altos,PI,3055,784,2.6314238952536826,79.63993453355155,25.400981996726678,93.06055646481178,24.713584288052374,40.32733224222586,16.23567921440262,60.654664484451715,23.109656301145662,470.600589569161,475.75800453514734,498.99909297052153,475.07115646258507,556.5260770975057,495.39098412698416,2205,27.82324058919804,25.662847790507364,2205,Nordeste
2200509,Amarante,PI,904,167,2.7588495575221237,83.29646017699115,26.216814159292035,96.90265486725663,28.650442477876105,40.81858407079646,12.5,61.61504424778761,25.88495575221239,455.20590979782276,462.6432348367029,482.88304821150854,441.97480559875584,512.5660964230171,471.05461897356145,643,28.871681415929206,18.47345132743363,643,Nordeste
2201101,Avelino Lopes,PI,676,168,2.7633136094674557,80.9171597633136,30.62130177514793,94.23076923076923,29.88165680473373,40.680473372781066,15.088757396449704,55.917159763313606,28.994082840236686,451.4390041493776,452.01327800829876,471.58464730290456,438.1304979253112,493.7759336099585,461.3886721991701,482,28.698224852071007,24.85207100591716,482,Nordeste
2201150,Baixa Grande do Ribeiro,PI,639,228,2.488262910798122,77.62128325508607,21.752738654147105,97.4960876369327,14.86697965571205,37.08920187793427,16.431924882629108,66.66666666666666,16.901408450704224,437.61832579185517,438.94457013574663,464.9760180995475,426.56968325791854,439.63800904977376,441.5493212669683,442,30.829420970266042,35.68075117370892,442,Nordeste
2201200,Barras,PI,3110,938,2.8215434083601285,86.20578778135048,25.562700964630224,92.73311897106109,32.9903536977492,44.662379421221864,11.639871382636656,60.32154340836012,28.038585209003212,455.6257346393589,460.8837043633126,479.13891362422083,450.8407836153161,527.9786286731968,474.893552983081,2246,27.781350482315116,30.16077170418006,2246,Nordeste
2201507,Batalha,PI,800,252,2.87,87.5,19.375,95.5,35.5,49.125,8.75,62.625,28.625,460.2903494176373,464.30282861896836,485.3124792013311,462.803993344426,521.9633943427621,478.93460898502497,601,24.875000000000004,31.5,601,Nordeste
2201903,Bom Jesus,PI,2877,614,2.462634688912061,73.16649287452208,23.91379909628085,92.21411192214111,20.78554049356969,36.183524504692386,20.959332638164753,59.78449774070212,19.256169621133125,465.8550148957299,466.453277060576,486.848361469712,455.6861469712016,526.4448857994041,480.25753723932473,2014,29.996524157108094,21.341675356273896,2014,Nordeste
2202000,Buriti dos Lopes,PI,1138,225,2.906854130052724,84.79789103690686,21.17750439367311,96.66080843585237,31.810193321616868,56.239015817223205,9.314586994727591,61.15992970123023,29.525483304042176,458.9795427196149,466.5955475330927,490.99001203369437,451.88676293622143,527.2683513838748,479.14404332129965,831,26.977152899824254,19.77152899824253,831,Nordeste
2202208,Campo Maior,PI,3122,838,2.435297885970532,75.46444586803331,16.97629724535554,89.84625240230622,22.35746316463805,38.88532991672005,19.85906470211403,61.72325432415119,18.417680973734786,473.93595217762595,480.5269427839454,504.32040990606316,474.4968830059778,566.3535439795047,499.9267463706234,2342,24.98398462524023,26.841768097373482,2342,Nordeste
2202307,Canto do Buriti,PI,1302,374,2.806451612903226,83.10291858678956,25.34562211981567,96.31336405529954,33.102918586789556,42.78033794162827,12.135176651305683,60.445468509984636,27.419354838709676,448.99052083333333,454.0171875,475.67010416666665,442.565,506.625,465.5735625,960,26.26728110599078,28.72503840245776,960,Nordeste
2202604,Castelo do Piauí,PI,1424,430,2.731741573033708,80.6179775280899,21.207865168539325,97.54213483146067,28.370786516853936,45.43539325842696,12.640449438202248,63.48314606741573,23.876404494382022,468.5707843137255,477.2056862745098,502.67186274509805,477.53441176470585,514.0980392156863,488.0161568627451,1020,28.37078651685393,30.196629213483146,1020,Nordeste
2202703,Cocal,PI,1131,234,2.918656056587091,85.85322723253758,22.104332449160037,96.55172413793103,30.327144120247567,57.02917771883289,7.515473032714412,63.748894783377544,28.735632183908045,471.0884415584415,474.9168831168831,502.1171428571429,472.5254545454545,552.5974025974026,494.649064935065,770,31.918656056587093,20.689655172413794,770,Nordeste
2202901,Corrente,PI,2506,549,2.6939345570630486,81.76376695929768,25.01995211492418,94.09417398244214,26.017557861133277,42.49800478850758,14.365522745411013,61.09337589784517,24.541101356743813,453.6626380011621,456.5934921557234,476.6427077280651,444.3070307960488,515.8977338756537,469.42072051133067,1721,31.324820430965683,21.907422186751795,1721,Nordeste
2203701,Esperantina,PI,1818,505,2.6705170517051706,81.35313531353135,20.737073707370737,91.69416941694169,28.437843784378437,44.82948294829483,16.611661166116612,59.240924092409244,24.147414741474147,466.81316590563165,472.8812785388128,496.74901065449006,463.4013698630137,536.9558599695586,487.36013698630137,1314,27.722772277227726,27.77777777777778,1314,Nordeste
2203909,Floriano,PI,5286,1150,2.205826712069618,67.06394248959515,19.561104805145668,85.92508513053349,16.04237608777904,31.990162693908434,28.301172909572454,57.15096481271282,14.547862277714717,475.1413730096581,481.16765857478464,504.33474288697465,473.2291568780997,565.5860088749673,499.8917880448969,3831,27.525539160045398,21.75558077941733,3831,Nordeste
2205508,José de Freitas,PI,1389,293,2.42548596112311,80.20158387329013,20.374370050395967,86.68106551475881,18.790496760259177,36.50107991360691,19.582433405327574,63.06695464362851,17.350611951043916,466.90000000000003,473.64761904761906,496.92648809523814,454.518253968254,536.3690476190476,485.6722817460318,1008,27.42980561555075,21.0943124550036,1008,Nordeste
2205607,Landri Sales,PI,213,45,2.7699530516431925,85.44600938967136,33.33333333333333,93.42723004694837,29.577464788732392,35.2112676056338,13.615023474178404,59.624413145539904,26.76056338028169,448.62040816326527,461.8142857142857,484.33537414965986,449.20952380952383,468.02721088435374,462.4013605442177,147,30.98591549295775,21.12676056338028,147,Nordeste
2205706,Luís Correia,PI,673,125,2.7578008915304606,84.10104011887073,24.071322436849925,92.12481426448737,21.545319465081725,53.937592867756315,10.401188707280832,65.82466567607726,23.7741456166419,469.2047732696897,463.3534606205251,502.49546539379475,461.8522673031026,531.3603818615752,485.6532696897375,419,37.74145616641902,18.573551263001487,419,Nordeste
2205805,Luzilândia,PI,1544,511,2.8873056994818653,84.58549222797927,25.777202072538863,96.30829015544042,36.65803108808291,45.40155440414508,11.26943005181347,57.64248704663213,31.088082901554404,452.99428044280444,459.02684501845016,482.4880073800738,444.64160516605165,519.409594095941,471.7120664206642,1084,29.792746113989633,33.09585492227979,1084,Nordeste
2206001,Marcos Parente,PI,161,31,2.751552795031056,81.98757763975155,29.81366459627329,97.51552795031056,34.161490683229815,31.67701863354037,13.043478260869565,59.62732919254658,27.32919254658385,446.00336134453784,449.9672268907563,477.3126050420168,436.06974789915967,460.672268907563,454.0050420168067,119,26.086956521739136,19.25465838509317,119,Nordeste
2206209,Miguel Alves,PI,835,341,2.8502994011976046,89.46107784431138,19.281437125748504,94.61077844311377,28.622754491017965,53.053892215568865,8.862275449101796,65.50898203592814,25.62874251497006,448.61718494271685,450.47855973813427,471.0639934533551,432.5121112929624,498.52700490998365,460.2397708674304,611,26.82634730538922,40.83832335329342,611,Nordeste
2206407,Monsenhor Gil,PI,920,135,2.523913043478261,81.41304347826087,19.891304347826086,95.1086956521739,15.760869565217392,40.21739130434783,14.23913043478261,70.1086956521739,15.65217391304348,461.3945182724253,466.5068106312292,492.4207641196013,452.3835548172758,507.64119601328906,476.06936877076413,602,34.56521739130435,14.673913043478262,602,Nordeste
2206605,Monte Alegre do Piauí,PI,478,76,2.937238493723849,88.49372384937239,29.707112970711297,95.39748953974896,31.171548117154813,48.95397489539749,8.158995815899582,62.13389121338913,29.707112970711297,439.252380952381,441.99873015873015,457.6022222222223,413.2546031746032,452.25396825396825,440.8723809523809,315,34.10041841004185,15.899581589958158,315,Nordeste
2207009,Oeiras,PI,2999,1001,2.5211737245748584,76.89229743247749,20.00666888962988,90.76358786262088,23.274424808269423,41.18039346448816,18.539513171057017,60.52017339113037,20.940313437812605,468.1154948499776,474.98925212718314,496.89149126735333,476.233184057322,553.2019704433498,493.8862785490372,2233,25.541847282427476,33.37779259753251,2233,Nordeste
2207702,Parnaíba,PI,8386,1812,2.028380634390651,64.46458383019318,14.34533746720725,72.90722632959695,15.358931552587645,35.76198425948009,34.09253517767708,52.83806343906511,13.069401383257812,495.7358496896494,499.8692669015266,524.5768495218923,502.66456970306996,603.7476933400436,525.3188458312364,5961,28.917243024087767,21.60744097305032,5961,Nordeste
2207801,Paulistana,PI,2091,643,2.6212338593974174,76.75753228120516,16.40363462458154,97.08273553323768,26.590148254423724,45.28933524629364,17.407938785270204,59.636537541846,22.95552367288379,464.4330867518494,465.4693342299933,489.5797579018157,470.64875588433085,530.3026227303295,484.0867114996638,1487,28.885700621712097,30.750836920133906,1487,Nordeste
2207900,Pedro II,PI,1639,420,2.582672361195851,78.3404514948139,14.582062233068942,89.56680902989628,21.35448444173276,54.42342892007321,17.510677242220865,63.148261134838314,19.341061622940817,475.3877151799687,478.39350547730834,505.01776212832544,473.11643192488265,572.9890453834116,500.9808920187793,1278,22.025625381330084,25.625381330079318,1278,Nordeste
2208007,Picos,PI,8395,2646,2.253960690887433,70.50625372245383,14.520547945205479,82.14413341274567,20.131030375223347,38.09410363311495,26.53960690887433,57.66527695056581,15.795116140559855,481.1393890675241,488.4266237942122,510.8277170418006,493.8247749196142,593.1864951768489,513.481,6220,25.90827873734366,31.518761167361525,6220,Nordeste
2208205,Pio IX,PI,787,253,2.691232528589581,79.41550190597204,16.518424396442185,95.29860228716646,26.810673443456164,51.08005082592122,13.97712833545108,62.7700127064803,23.252858958068614,465.03363802559414,473.11316270566726,496.9352833638025,468.2542961608775,525.7769652650823,485.82266910420475,547,30.495552731893262,32.14739517153748,547,Nordeste
2208304,Piracuruca,PI,1331,472,2.6836964688204357,81.1419984973704,19.534184823441024,93.53869271224643,29.151014274981218,45.003756574004505,14.87603305785124,59.053343350864004,26.070623591284747,474.64497991967875,478.54186746987955,503.0799196787148,489.38102409638554,575.6425702811244,504.2580722891566,996,25.16904583020285,35.46205860255447,996,Nordeste
2208403,Piripiri,PI,2955,938,2.466666666666667,74.45008460236888,16.277495769881554,86.63282571912013,24.16243654822335,45.14382402707276,21.928934010152286,57.59729272419628,20.473773265651438,477.2084320875114,485.9541476754785,510.5481768459435,484.89434822242475,586.3081130355515,508.9826435733819,2194,25.752961082910318,31.74280879864636,2194,Nordeste
2208809,Regeneração,PI,788,204,2.75253807106599,78.93401015228426,26.522842639593907,96.7005076142132,31.725888324873097,41.370558375634516,16.49746192893401,55.203045685279186,28.299492385786802,464.2869328493648,469.9916515426497,493.01052631578943,455.00725952813065,510.9255898366606,478.64439201451904,551,30.0761421319797,25.888324873096447,551,Nordeste
2209203,Santa Filomena,PI,208,43,2.793269230769231,84.13461538461539,34.13461538461539,97.59615384615384,20.673076923076923,42.78846153846153,12.01923076923077,61.057692307692314,26.923076923076923,448.7875,463.7625,482.109375,442.66796875,513.75,470.21546875,128,38.46153846153846,20.673076923076923,128,Nordeste
2210003,São João do Piauí,PI,2131,622,2.7339277334584704,81.22946973251995,25.199436884091973,96.5274519005162,31.065227592679495,39.37118723603942,14.875645236977943,59.08024401689348,26.04411074612858,457.3771717171717,457.82599326599325,483.1751515151515,449.38276094276097,519.2323232323232,473.39868013468015,1485,30.314406381980284,29.188174565931487,1485,Nordeste
2210508,São Pedro do Piauí,PI,538,148,2.5055762081784385,75.46468401486989,21.37546468401487,92.93680297397769,24.907063197026023,35.87360594795539,21.189591078066915,57.249070631970255,21.561338289962826,459.2373684210527,461.9365789473684,489.60289473684213,449.95815789473687,541.1052631578947,480.3680526315789,380,29.368029739776947,27.509293680297397,380,Nordeste
2210607,São Raimundo Nonato,PI,3305,1085,2.6608169440242055,82.48108925869893,23.207261724659606,95.31013615733737,25.416036308623298,39.66717095310136,15.219364599092284,62.08774583963691,22.692889561270803,463.9780327868852,464.43233606557374,489.18577868852464,461.79774590163936,526.5901639344262,481.19681147540985,2440,26.172465960665658,32.829046898638424,2440,Nordeste
2211001,Teresina,PI,40692,8642,1.701808709328615,55.61535436940922,12.39555686621449,66.1776270520004,10.736754153150496,25.255578492086894,43.81450899439693,47.88901995478227,8.2964710508208,510.0225640664602,519.0378555336525,540.4977787947057,535.2380104196001,630.2464094621233,547.0085236553084,28408,30.187751892263837,21.23758969822078,28408,Nordeste
2211100,União,PI,1834,458,2.7355507088331517,84.95092693565977,29.55288985823337,90.94874591057798,24.482006543075247,43.62050163576881,13.576881134133043,59.596510359869136,26.826608505997818,458.5172543135784,466.9512378094524,486.52715678919725,453.18784696174043,557.5393848462115,484.54457614403606,1333,27.317339149400222,24.972737186477644,1333,Nordeste
2211209,Uruçuí,PI,1293,392,2.4872389791183296,75.1740139211137,26.759474091260632,92.11136890951276,15.31322505800464,39.36581593194122,19.721577726218097,61.40757927300851,18.870843000773398,459.00629834254147,460.9878453038674,482.51812154696137,443.9889502762431,505.83425414364643,470.46709392265194,905,30.0077339520495,30.317092034029393,905,Nordeste
2211308,Valença do Piauí,PI,2918,947,2.5997258396161755,79.47224126113777,22.99520219328307,95.7162440027416,26.319396847155584,35.46949965729952,15.798492117888966,63.159698423577794,21.04180945853324,458.88958715596334,464.528623853211,489.2379357798165,455.98894495412844,540.4311926605504,481.81525688073395,2180,25.291295407813575,32.45373543522961,2180,Nordeste
2300150,Acarape,CE,547,86,2.5447897623400366,78.42778793418648,22.120658135283364,95.24680073126143,13.893967093235831,44.78976234003657,16.087751371115175,63.98537477148081,19.926873857404022,474.522305764411,475.4378446115289,506.5157894736842,473.33208020050125,578.295739348371,501.62075187969924,399,27.05667276051188,15.722120658135283,399,Nordeste
2300200,Acaraú,CE,1542,419,2.8398184176394294,85.40856031128405,21.595330739299612,93.96887159533074,31.776913099870296,51.23216601815823,12.840466926070038,61.478599221789885,25.680933852140075,480.28812448812454,485.45454545454544,509.9271089271089,505.3043407043407,626.8304668304668,521.5609172809172,1221,20.817120622568098,27.172503242542152,1221,Nordeste
2300309,Acopiara,CE,1577,405,2.6290424857324033,83.70323398858592,18.389346861128725,96.44895370957515,9.828788839568801,54.533925174381736,11.857958148383005,75.64996829422955,12.492073557387444,471.8645440251572,475.4022798742138,498.20754716981133,479.97539308176096,507.1383647798742,486.51762578616353,1272,19.340519974635384,25.681674064679772,1272,Nordeste
2300705,Alto Santo,CE,559,144,2.366726296958855,77.4597495527728,5.903398926654741,96.77996422182468,9.30232558139535,47.227191413237925,17.352415026833633,74.59749552772809,8.050089445438283,474.93739316239316,479.87051282051283,504.8826923076923,488.0386752136752,507.3931623931624,491.02448717948715,468,16.279069767441857,25.760286225402506,468,Nordeste
2300754,Amontada,CE,1385,350,2.984115523465704,86.28158844765343,23.75451263537906,98.70036101083033,37.545126353790614,52.12996389891696,9.747292418772563,55.88447653429603,34.368231046931406,463.34160649819495,465.7527075812274,488.8875451263538,474.23655234657036,490.6317689530686,476.570036101083,1108,19.999999999999996,25.27075812274368,1108,Nordeste
2301000,Aquiraz,CE,1842,463,2.178067318132465,69.70684039087948,16.286644951140065,83.33333333333334,11.183496199782844,37.29641693811075,25.895765472312704,60.31487513572205,13.789359391965256,484.659714673913,490.7122282608696,517.6028532608696,497.21508152173914,570.366847826087,512.1113451086957,1472,20.086862106406077,25.135722041259502,1472,Nordeste
2301109,Aracati,CE,2665,498,2.2570356472795496,74.82176360225141,14.709193245778613,89.30581613508443,11.707317073170733,35.15947467166979,21.388367729831145,66.79174484052533,11.819887429643527,483.25795396419437,485.6264450127877,515.198567774936,493.0611253196931,538.7007672634271,503.16897186700766,1955,26.64165103189493,18.686679174484052,1955,Nordeste
2301208,Aracoiaba,CE,1211,503,2.5383980181668044,84.31048720066062,17.671345995045417,98.1833195706028,20.974401321222132,32.70024772914946,11.47811725846408,74.48389760528488,14.037985136251033,467.07844311377244,472.9557884231537,497.4851297405189,478.9166666666667,545.0099800399202,492.28920159680644,1002,17.258464079273327,41.535920726672174,1002,Nordeste
2301307,Araripe,CE,1173,419,2.813299232736573,83.12020460358056,19.863597612958227,97.52770673486786,31.202046035805626,49.61636828644501,11.84995737425405,61.892583120204606,26.257459505541348,471.259978425027,480.7307443365696,498.4837108953614,485.51564185544765,507.7669902912621,488.75141316073353,927,20.97186700767263,35.72037510656437,927,Nordeste
2301406,Aratuba,CE,509,202,2.6345776031434185,84.67583497053045,22.789783889980352,98.03536345776031,14.538310412573674,43.418467583497055,11.394891944990176,69.15520628683693,19.44990176817289,460.4598108747045,468.63877068557923,495.2224586288416,464.39290780141846,506.6666666666667,479.0761229314421,423,16.8958742632613,39.68565815324165,423,Nordeste
2301604,Assaré,CE,1289,304,2.8712179984484094,85.88052754072925,25.058184639255238,96.81923972071374,27.152831652443755,52.21101629169899,10.39565554693561,62.684251357641585,26.92009309542281,469.58084896347486,472.7881539980257,499.1079960513327,478.02892398815396,501.28331688055283,484.157847976308,1013,21.411947245927077,23.584173778122576,1013,Nordeste
2301703,Aurora,CE,749,180,2.616822429906542,82.10947930574099,19.359145527369826,95.46061415220294,21.762349799732977,42.99065420560748,14.018691588785046,65.02002670226969,20.961281708945258,481.6634426229508,491.0675409836066,507.4488524590164,502.39163934426233,596.4918032786885,515.8126557377049,610,18.55807743658211,24.03204272363151,610,Nordeste
2301851,Banabuiú,CE,488,128,2.5327868852459017,84.6311475409836,12.09016393442623,97.1311475409836,18.852459016393443,40.57377049180328,11.885245901639344,74.59016393442623,13.524590163934427,475.3223163841808,486.3598870056497,507.14067796610163,493.28898305084743,495.98870056497174,491.6201129943503,354,27.459016393442624,26.229508196721312,354,Nordeste
2301901,Barbalha,CE,2773,514,2.0811395600432743,67.43598990263253,18.53588171655247,80.99531193653084,13.595384060584204,27.55138838802741,30.616660656328886,56.7255679769203,12.657771366750811,500.3703996053281,505.16191415885544,524.6975826344351,509.8121361618155,585.7819437592501,525.1647952639369,2027,26.902271907681207,18.53588171655247,2027,Nordeste
2301950,Barreira,CE,764,137,2.6112565445026177,82.72251308900523,29.18848167539267,93.58638743455498,9.031413612565444,46.596858638743456,13.874345549738221,67.67015706806284,18.455497382198953,472.7184557438795,488.05838041431264,508.16779661016943,487.0043314500941,505.0094161958569,492.1916760828625,531,30.497382198952884,17.93193717277487,531,Nordeste
2302008,Barro,CE,697,136,2.5408895265423244,79.19655667144907,16.49928263988522,96.55667144906744,21.37733142037303,40.45911047345768,15.494978479196556,67.57532281205165,16.929698708751793,489.7975088967972,499.7101423487544,517.8414590747332,501.0548042704626,603.9501779359431,522.470818505338,562,19.368723098995698,19.51219512195122,562,Nordeste
2302057,Barroquinha,CE,538,113,2.8271375464684017,84.38661710037175,15.613382899628252,98.69888475836431,30.111524163568777,53.90334572490706,10.223048327137546,65.4275092936803,24.349442379182157,468.60864485981307,481.3112149532711,507.10957943925234,486.2109813084112,553.5046728971963,499.3490186915888,428,20.44609665427509,21.00371747211896,428,Nordeste
2302107,Baturité,CE,1936,488,2.627582644628099,82.69628099173553,19.318181818181817,96.07438016528926,19.576446280991735,45.09297520661157,12.293388429752067,68.85330578512396,18.85330578512397,465.5174825174825,471.474055944056,498.2511188811189,464.65909090909093,507.4965034965035,481.47965034965034,1430,26.136363636363637,25.206611570247933,1430,Nordeste
2302206,Beberibe,CE,1332,356,2.5983483483483485,83.55855855855856,17.64264264264264,95.04504504504504,18.693693693693696,44.8948948948949,12.612612612612612,69.5945945945946,17.792792792792792,475.27260909935,484.72154131847725,507.6256267409471,489.36220984215413,597.0659238625813,510.809582172702,1077,19.14414414414415,26.726726726726728,1077,Nordeste
2302305,Bela Cruz,CE,687,209,2.487627365356623,75.83697234352256,17.612809315866084,88.20960698689956,13.973799126637553,53.12954876273653,20.815138282387192,59.82532751091703,19.359534206695777,483.23188647746247,488.3233722871453,512.5662771285477,504.9290484140234,580.2671118530885,513.8635392320534,599,12.809315866084425,30.42212518195051,599,Nordeste
2302404,Boa Viagem,CE,1362,355,2.490455212922173,80.98384728340675,9.691629955947137,97.57709251101322,16.666666666666664,44.12628487518355,13.069016152716593,73.7885462555066,13.142437591776797,464.0985741444867,470.2279467680608,493.0877376425855,465.3904942965779,484.1634980988593,475.39365019011404,1052,22.760646108663728,26.064610866372984,1052,Nordeste
2302503,Brejo Santo,CE,2723,712,2.3275798751377157,75.50495776716856,21.336760925449873,86.04480352552332,12.816746235769372,37.054719059860446,23.02607418288652,60.852001468968055,16.121924348145427,489.82654508611955,491.77001013171224,515.1715298885512,500.3851063829787,570.2836879432624,513.4873758865248,1974,27.506426735218515,26.14763128901946,1974,Nordeste
2302602,Camocim,CE,2131,512,2.347254809948381,76.44298451431253,11.919286719849834,91.03707179727827,15.720319099014546,39.60581886438292,19.56827780384796,67.292351008916,13.13937118723604,484.4922708208508,497.7925104853205,517.0072498502097,496.0171360095866,541.2582384661474,507.31348112642297,1669,21.67996245893946,24.026278742374473,1669,Nordeste
2302701,Campos Sales,CE,1344,310,2.6257440476190474,80.28273809523809,13.467261904761903,95.16369047619048,22.767857142857142,50.89285714285714,13.616071428571427,67.85714285714286,18.526785714285715,465.3856634016028,479.07186108637575,497.593588601959,475.5772039180765,527.0169189670526,488.9290471950133,1123,16.443452380952383,23.065476190476193,1123,Nordeste
2302800,Canindé,CE,2689,922,2.620676831535887,84.12049088880624,27.110449981405726,96.13239122350316,13.090368166604685,41.613982893268876,11.342506507995537,71.03012272220155,17.6273707698029,480.14851778656123,495.1689229249012,519.807756916996,505.70563241106714,575.6225296442688,515.2906719367589,2024,24.730383042023053,34.28783934548159,2024,Nordeste
2303006,Caridade,CE,897,369,3.0033444816053514,88.85172798216277,32.77591973244147,97.54738015607582,23.18840579710145,57.971014492753625,7.803790412486064,61.76142697881828,30.434782608695656,462.14407252440725,469.9564853556485,490.38410041841007,468.1114365411437,497.1827057182706,477.555760111576,717,20.06688963210702,41.1371237458194,717,Nordeste
2303105,Cariré,CE,852,241,2.424882629107981,77.8169014084507,11.384976525821596,96.59624413145539,14.671361502347418,42.01877934272301,16.431924882629108,70.89201877934272,12.676056338028168,490.4494219653179,501.19031791907514,524.8065028901734,526.5112716763006,582.3410404624277,525.059710982659,692,18.7793427230047,28.28638497652582,692,Nordeste
2303204,Caririaçu,CE,947,225,2.8014783526927136,82.47096092925025,20.591341077085534,97.9936642027455,32.101372756071804,46.99049630411827,11.615628299894404,63.463569165786694,24.920802534318902,486.3581843191197,490.30591471801927,512.2203576341128,511.0079779917469,589.2984869325998,517.8381843191197,727,23.231256599788807,23.75923970432946,727,Nordeste
2303501,Cascavel,CE,1795,523,2.2924791086350975,75.82172701949861,16.768802228412255,90.75208913649026,10.696378830083566,35.20891364902507,20.557103064066855,67.79944289693593,11.643454038997215,481.6282032927702,490.99878310665713,514.2130994989262,501.4700787401574,552.8274874731568,508.2275304223336,1397,22.17270194986073,29.13649025069638,1397,Nordeste
2303709,Caucaia,CE,8582,1381,2.1478676299230948,70.34490794686553,12.537869960382194,86.86786296900489,11.81542763924493,33.22069447681193,26.299230948496856,63.84292705663016,9.85784199487299,490.55363505055374,501.2183277162574,525.1736478895843,498.16125822500396,559.1815117958594,514.8576761354518,6231,27.39454672570496,16.091820088557444,6231,Nordeste
2303808,Cedro,CE,786,188,2.5203562340966923,76.20865139949109,17.68447837150127,93.89312977099237,23.791348600508904,40.458015267175576,17.938931297709924,62.34096692111959,19.720101781170484,479.8923322683706,485.1741214057508,509.2832268370607,493.7857827476039,535.6549520766773,500.7580830670926,626,20.356234096692116,23.918575063613233,626,Nordeste
2303907,Chaval,CE,390,61,2.6256410256410256,83.84615384615385,16.41025641025641,96.15384615384616,25.8974358974359,40.256410256410255,13.076923076923078,66.66666666666666,20.256410256410255,484.4430420711974,493.2459546925566,512.2022653721683,488.15113268608417,564.2071197411003,508.4499029126213,309,20.769230769230774,15.64102564102564,309,Nordeste
2304004,Coreaú,CE,905,248,2.4574585635359116,77.34806629834254,12.596685082872927,96.24309392265194,14.917127071823206,44.64088397790055,15.359116022099448,70.60773480662984,14.033149171270717,471.699865410498,484.1056527590848,504.78425302826383,505.1010767160161,526.7025572005383,498.47868102288027,743,17.90055248618785,27.40331491712707,743,Nordeste
2304103,Crateús,CE,2846,547,2.3225579761068165,69.46591707659874,14.26563598032326,89.98594518622627,18.86858749121574,39.669711876317635,23.998594518622628,60.40056219255094,15.600843288826423,489.9869668246445,498.11180094786727,517.2981042654028,507.35199052132697,594.5971563981043,521.4692037914692,2110,25.8608573436402,19.21995783555868,2110,Nordeste
2304202,Crato,CE,4974,1102,1.845999195818255,59.207880981101724,10.414153598713309,77.68395657418577,11.680739847205468,25.613188580619216,37.45476477683957,54.201849618013675,8.343385605146764,508.5434650455927,515.107626416137,536.9436308372478,521.7221884498481,610.7930367504836,538.6219894998618,3619,27.24165661439485,22.155207076799357,3619,Nordeste
2304251,Cruz,CE,516,171,2.366279069767442,81.2015503875969,12.790697674418606,95.34883720930233,12.5968992248062,34.689922480620154,16.08527131782946,73.64341085271317,10.271317829457365,493.0399103139013,506.9497757847534,527.545067264574,537.9345291479821,629.9551569506726,539.0848878923766,446,13.56589147286822,33.13953488372093,446,Nordeste
2304285,Eusébio,CE,2549,645,1.599843075715967,50.88269909768537,15.613966261278932,65.9866614358572,4.393879952922715,23.10710082385249,46.174970576696744,45.900353079639075,7.924676343664181,510.69512987012985,521.7228896103896,541.890422077922,544.5368506493506,607.4458874458875,545.258235930736,1848,27.500980776775208,25.30404080031385,1848,Nordeste
2304301,Farias Brito,CE,709,179,2.301833568406206,70.38081805359661,11.001410437235542,95.62764456981664,15.937940761636108,37.23554301833568,22.28490832157969,64.31593794076164,13.399153737658676,482.4303149606299,489.0881889763779,510.96279527559057,499.35964566929135,547.0866141732283,505.78551181102364,508,28.34978843441467,25.24682651622003,508,Nordeste
2304350,Forquilha,CE,921,304,2.3691639522258416,76.33007600434311,14.223669923995658,92.94245385450597,16.395222584147664,37.02497285559175,19.32681867535288,67.75244299674267,12.920738327904452,471.8769647696477,476.6329268292683,509.21097560975613,499.79688346883466,540.9756097560976,499.6986720867209,738,19.869706840390876,33.00760043431053,738,Nordeste
2304400,Fortaleza,CE,81899,16059,1.6834393582339222,53.868789606710706,13.506880425890428,67.22792708091674,7.85723879412447,25.883099915749884,44.47551252152041,46.99446879693281,8.530018681546784,514.7378051695291,527.9514699354662,546.5859408611329,543.8429832348824,619.5588486359136,550.5354095673849,58574,28.480201223458156,19.608298025616918,58574,Nordeste
2304707,Granja,CE,1687,357,2.791938352104327,85.65500889152341,24.007113218731476,96.6804979253112,18.375815056312984,54.475400118553644,10.96621221102549,65.26378186129223,23.770005927682273,463.472808320951,470.58380386329867,492.4887072808321,466.7265973254086,503.1054977711739,479.27548291233285,1346,20.213396561944275,21.16182572614108,1346,Nordeste
2305001,Guaraciaba do Norte,CE,1772,465,2.4170428893905194,77.14446952595937,11.851015801354402,92.7765237020316,15.406320541760724,44.52595936794582,16.986455981941308,70.82392776523702,12.18961625282167,481.9579985390796,493.8295836376917,511.27867056245435,501.15880204528855,573.9079620160701,512.4266033601169,1369,22.742663656884876,26.241534988713315,1369,Nordeste
2305209,Hidrolândia,CE,515,156,2.520388349514563,74.75728155339806,15.145631067961165,93.20388349514563,19.223300970873787,49.70873786407767,19.41747572815534,62.5242718446602,18.058252427184467,492.802752293578,494.9949541284403,513.9116972477065,510.4860091743119,624.0825688073395,527.2555963302752,436,15.339805825242713,30.29126213592233,436,Nordeste
2305233,Horizonte,CE,2506,514,2.4317637669592975,77.69353551476456,17.99680766161213,93.33599361532322,12.49002394253791,41.66001596169194,18.515562649640863,65.48284118116521,16.001596169193935,479.7493227990971,491.53194130925505,515.7758465011287,495.7045711060948,535.7110609480812,503.69454853273135,1772,29.289704708699126,20.510774142059056,1772,Nordeste
2305308,Ibiapina,CE,814,226,2.482800982800983,78.37837837837837,12.162162162162163,89.43488943488943,19.41031941031941,48.894348894348894,18.05896805896806,66.33906633906635,15.601965601965603,484.4282387190684,494.48064046579333,509.1713245997089,494.71441048034933,574.9636098981077,511.5516448326055,687,15.601965601965606,27.764127764127768,687,Nordeste
2305357,Icapuí,CE,668,123,2.2769461077844313,69.46107784431138,12.125748502994012,96.25748502994011,11.676646706586826,38.17365269461078,23.20359281437126,64.52095808383234,12.275449101796406,483.6987927565392,481.1581488933602,515.3219315895373,488.8744466800805,557.0221327967807,505.2150905432595,497,25.598802395209585,18.41317365269461,497,Nordeste
2305407,Icó,CE,2214,548,2.558717253839205,80.71364046973804,19.873532068654022,93.63143631436314,15.672990063233966,45.98012646793135,14.498644986449866,67.93134598012647,17.570009033423666,471.63595848595844,477.0832112332113,505.1601343101343,474.68943833943837,518.2051282051282,489.3547741147741,1638,26.016260162601622,24.751580849141824,1638,Nordeste
2305506,Iguatu,CE,3871,1067,2.1715319039008008,70.3694135882201,13.639886334280549,85.09429088090933,12.52906225781452,35.520537328855596,25.96228364763627,62.309480754327055,11.728235598036683,489.05167763157897,497.0161513157895,523.1326644736843,507.44723684210527,563.9276315789474,516.1150723684211,3040,21.467321105657454,27.56393696719194,3040,Nordeste
2305605,Independência,CE,742,236,2.3800539083557952,82.0754716981132,8.89487870619946,91.37466307277629,22.371967654986523,33.288409703504044,16.037735849056602,72.23719676549865,11.725067385444744,470.2382059800665,482.7619601328904,499.37607973421933,488.7634551495016,514.1196013289036,491.0518604651163,602,18.867924528301884,31.805929919137466,602,Nordeste
2305803,Ipu,CE,1712,529,2.433411214953271,81.13317757009347,13.66822429906542,83.76168224299066,24.649532710280376,40.1285046728972,20.443925233644862,65.24532710280374,14.310747663551401,478.3232272069464,484.2774240231549,504.39768451519535,489.2502170767005,557.1345875542692,502.67662807525323,1382,19.275700934579444,30.899532710280376,1382,Nordeste
2305902,Ipueiras,CE,1189,337,2.6156433978132885,80.90832632464256,12.279226240538268,96.55172413793103,20.100925147182505,51.724137931034484,12.111017661900757,70.31118587047939,17.577796467619848,476.8732349841939,485.0094836670179,502.1299262381454,477.40484720758695,536.9652265542677,495.6765437302423,949,20.185029436501257,28.34314550042052,949,Nordeste
2306009,Iracema,CE,569,230,2.263620386643234,73.98945518453426,9.13884007029877,96.30931458699473,17.75043936731107,29.173989455184536,19.332161687170473,70.65026362038664,10.017574692442881,470.7894396551724,478.89159482758623,501.86357758620693,477.6924568965517,541.4655172413793,494.1405172413793,464,18.45342706502636,40.421792618629176,464,Nordeste
2306108,Irauçuba,CE,750,138,2.7426666666666666,83.73333333333333,21.2,99.2,24.53333333333333,45.6,12.4,64.26666666666667,23.333333333333332,478.66016771488466,488.80314465408804,514.6805031446542,512.9943396226415,532.1174004192873,505.4511111111111,477,36.4,18.4,477,Nordeste
2306256,Itaitinga,CE,1369,215,2.2030679327976626,72.38860482103725,10.95690284879474,94.88677867056245,9.788166544923302,32.2863403944485,22.05989773557341,68.66325785244705,9.276844411979548,476.6810891089109,486.52356435643566,512.0173267326733,486.58217821782176,512.6534653465346,494.8915247524753,1010,26.22352081811541,15.70489408327246,1010,Nordeste
2306306,Itapajé,CE,1638,448,2.672161172161172,74.66422466422466,21.550671550671552,97.06959706959707,20.634920634920633,53.2967032967033,17.582417582417584,57.81440781440782,24.6031746031746,483.12542878448915,497.9445190156599,522.3551081282625,512.6906040268457,590.7829977628635,521.3797315436242,1341,18.131868131868135,27.350427350427353,1341,Nordeste
2306405,Itapipoca,CE,4736,1111,2.4902871621621623,78.69510135135135,21.4527027027027,94.25675675675676,14.84375,39.7804054054054,17.6097972972973,63.45016891891891,18.940033783783782,474.4228906042055,483.54476976310883,507.8141070002662,488.1850678733032,540.3619909502263,498.86576523822197,3757,20.671452702702698,23.458614864864867,3757,Nordeste
2306553,Itarema,CE,1034,212,2.4168278529980656,81.91489361702128,10.9284332688588,86.36363636363636,12.282398452611218,50.19342359767892,17.891682785299807,70.40618955512572,11.702127659574469,473.71273408239705,484.55642946317107,498.75755305867665,489.31210986267166,571.4856429463171,503.5648938826467,801,22.533849129593808,20.502901353965182,801,Nordeste
2306603,Itatira,CE,890,442,2.7707865168539327,88.98876404494382,21.123595505617978,98.76404494382022,18.53932584269663,49.66292134831461,6.96629213483146,71.23595505617978,21.79775280898876,453.8409722222222,462.9222222222222,483.32027777777773,469.68916666666667,546.5555555555555,483.26563888888893,720,19.10112359550562,49.66292134831461,720,Nordeste
2306702,Jaguaretama,CE,370,133,2.718918918918919,87.02702702702703,23.513513513513516,98.1081081081081,12.972972972972974,50.27027027027027,9.72972972972973,69.72972972972973,20.54054054054054,478.70881355932204,486.8420338983051,511.2145762711864,495.5989830508475,487.1186440677966,491.8966101694915,295,20.270270270270274,35.945945945945944,295,Nordeste
2306900,Jaguaribe,CE,1450,432,2.6289655172413795,80.48275862068965,26.96551724137931,92.89655172413794,23.448275862068964,39.10344827586207,16.896551724137932,59.586206896551715,23.517241379310345,476.961253309797,488.5759929390997,512.0165048543689,491.16646072374226,523.1774051191527,498.37952338923213,1133,21.862068965517246,29.793103448275858,1133,Nordeste
2307007,Jaguaruana,CE,1249,430,3.167333867093675,85.18815052041633,39.55164131305044,92.79423538831065,40.592473979183346,58.60688550840673,11.849479583666934,48.59887910328263,39.55164131305044,483.6748987854251,492.97580971659914,516.7684210526315,500.77813765182185,565.9311740890688,512.0256882591093,988,20.896717373899122,34.4275420336269,988,Nordeste
2307106,Jardim,CE,1630,365,2.4950920245398773,79.32515337423312,18.15950920245399,95.21472392638037,22.33128834355828,34.47852760736196,16.319018404907975,66.93251533742331,16.748466257668714,481.3193958664547,485.1883942766296,505.77098569157397,489.1,538.4101748807631,499.95779014308425,1258,22.822085889570552,22.392638036809817,1258,Nordeste
2307254,Jijoca de Jericoacoara,CE,1062,397,2.516949152542373,79.75517890772127,13.93596986817326,97.5517890772128,11.958568738229754,48.49340866290019,14.40677966101695,70.80979284369114,14.783427495291901,481.7685549132948,488.5717919075144,516.9610404624277,514.6308670520232,611.4682080924855,522.6800924855492,865,18.549905838041436,37.38229755178908,865,Nordeste
2307304,Juazeiro do Norte,CE,11129,2075,1.9292838529966754,59.421331656033786,13.460328870518465,79.98921736005032,10.53104501752179,29.526462395543174,35.32213136849672,55.76421960643364,8.913649025069638,508.8832794934746,519.071495025197,537.2551880087866,530.645587285179,613.5056208812508,541.8722341387777,7739,30.460957857848857,18.644981579656754,7739,Nordeste
2307403,Jucás,CE,1200,245,2.5625,78.66666666666666,18.25,95.75,16.833333333333332,46.75,14.833333333333334,66.25,18.916666666666668,470.0753493013972,477.9209580838323,498.0491017964072,494.01836327345313,504.4311377245509,488.89898203592816,1002,16.500000000000004,20.416666666666668,1002,Nordeste
2307502,Lavras da Mangabeira,CE,987,233,2.6058763931104356,81.45896656534954,17.223910840932117,95.6433637284701,16.312056737588655,49.949341438703144,12.968591691995949,70.61803444782169,16.41337386018237,473.6111989459816,481.7724637681159,502.2271409749671,484.2562582345191,567.4835309617919,501.87011857707506,759,23.100303951367785,23.606889564336374,759,Nordeste
2307601,Limoeiro do Norte,CE,2532,720,1.9348341232227488,59.71563981042654,9.320695102685624,79.85781990521326,11.966824644549764,32.62243285939969,34.952606635071085,57.42496050552922,7.622432859399685,509.29778464708914,511.4696548171046,531.9836166924266,532.1482225656878,597.8155589902112,536.5429675425039,1941,23.341232227488153,28.436018957345972,1941,Nordeste
2307635,Madalena,CE,529,186,3.226843100189036,88.468809073724,40.07561436672968,97.54253308128544,42.911153119092624,53.68620037807184,10.396975425330812,46.31379962192816,43.28922495274102,473.51100244498775,472.71589242053784,493.86161369193155,472.38361858190706,523.1784841075795,487.13012224938876,409,22.684310018903588,35.16068052930057,409,Nordeste
2307650,Maracanaú,CE,6595,1036,2.0580742987111447,67.61182714177407,14.556482183472328,88.08188021228203,10.341167551175133,25.21607278241092,28.188021228203187,62.82031842304776,8.991660348749052,489.64938003045467,502.29643245594957,527.6369153795954,505.26412877963895,568.6665216445508,518.702675658038,4597,30.29567854435178,15.708870356330554,4597,Nordeste
2307700,Maranguape,CE,2695,570,2.168460111317254,74.84230055658627,23.6734693877551,85.64007421150278,7.680890538033395,25.009276437847866,24.230055658627087,64.67532467532467,11.094619666048237,484.92292531120336,496.2617219917012,518.5070539419087,496.94564315352693,557.5207468879668,510.8316182572614,1928,28.460111317254178,21.150278293135436,1928,Nordeste
2307809,Marco,CE,1842,685,2.6297502714440824,82.95331161780673,18.458197611292075,86.37350705754615,19.055374592833875,56.134636264929426,16.775244299674267,63.89793702497285,19.32681867535288,464.63372395833335,472.9822265625,494.38710937499997,484.7692057291667,524.5572916666666,488.2659114583334,1536,16.61237785016286,37.18783930510315,1536,Nordeste
2308005,Massapê,CE,977,188,2.501535312180143,80.34800409416582,24.15557830092119,90.78812691914023,20.36847492323439,34.493346980552715,16.68372569089048,66.93961105424769,16.376663254861825,476.7586614173228,486.86535433070867,505.1523622047244,489.60524934383204,544.3307086614174,500.542467191601,762,22.006141248720567,19.242579324462643,762,Nordeste
2308104,Mauriti,CE,1514,410,2.5515191545574636,80.05284015852048,18.626155878467635,92.9326287978864,22.655217965653897,40.88507265521796,16.6446499339498,63.01188903566711,20.343461030383093,481.9038740920097,491.0734463276836,509.56626311541567,486.8081517352704,586.1501210653753,511.10037126715093,1239,18.163804491413472,27.080581241743722,1239,Nordeste
2308302,Milagres,CE,1095,261,2.3552511415525115,79.08675799086758,13.607305936073057,91.78082191780823,12.785388127853881,38.2648401826484,17.077625570776256,71.5068493150685,11.415525114155251,487.77514318442155,493.5556701030928,513.774341351661,490.23986254295534,582.9782359679267,513.6646506300115,873,20.273972602739732,23.835616438356162,873,Nordeste
2308401,Missão Velha,CE,1091,273,2.40788267644363,79.28505957836846,17.506874427131073,89.18423464711273,18.148487626031166,36.663611365719525,19.706691109074242,64.06966086159487,16.22364802933089,484.3036900369004,490.19901599015986,508.579212792128,495.91955719557194,552.6691266912669,506.33412054120544,813,25.481209899175074,25.022914757103575,813,Nordeste
2308500,Mombaça,CE,1162,301,2.887263339070568,83.13253012048193,26.161790017211707,97.33218588640275,34.42340791738382,47.67641996557659,11.44578313253012,58.34767641996558,30.206540447504302,468.9459641255605,480.65582959641256,500.80369955156954,491.4329596412556,520.2017937219731,492.40804932735426,892,23.235800344234082,25.903614457831324,892,Nordeste
2308609,Monsenhor Tabosa,CE,903,266,3.1816168327796235,89.03654485049833,32.668881506090806,97.89590254706533,47.06533776301218,51.49501661129568,7.862679955703211,50.60908084163898,41.52823920265781,468.6032258064516,472.27001897533205,494.01707779886146,489.0840607210626,529.146110056926,490.62409867172676,527,41.6389811738649,29.457364341085274,527,Nordeste
2308708,Morada Nova,CE,1576,415,2.3178934010152283,71.95431472081218,12.5,90.98984771573603,18.274111675126903,38.07106598984771,21.31979695431472,64.65736040609137,14.022842639593907,486.89512403763905,497.97202737382383,519.7654405474765,509.73096663815227,582.9426860564585,519.46124893071,1169,25.824873096446698,26.33248730964467,1169,Nordeste
2309003,Mucambo,CE,1223,375,2.48323793949305,75.8789860997547,10.956663941128372,93.45870809484873,19.54210956663941,48.48732624693377,16.76206050695012,67.94766966475879,15.290269828291086,486.4095930232558,499.2990310077519,517.3106589147286,522.6542635658915,573.7596899224807,519.8866472868217,1032,15.617334423548645,30.662305805396567,1032,Nordeste
2309102,Mulungu,CE,349,133,2.5644699140401146,81.66189111747852,14.899713467048711,97.42120343839542,21.48997134670487,40.97421203438395,14.899713467048711,66.7621776504298,18.33810888252149,477.11508771929823,487.5287719298246,508.8852631578947,479.2263157894737,580.421052631579,506.635298245614,285,18.338108882521485,38.108882521489974,285,Nordeste
2309201,Nova Olinda,CE,809,126,2.5092707045735474,78.98640296662546,13.349814585908529,96.41532756489494,18.912237330037083,43.263288009888754,13.597033374536466,71.56983930778739,14.833127317676142,472.5428571428572,477.8452922077922,501.36428571428576,476.68035714285713,502.2402597402597,486.1346103896104,616,23.8566131025958,15.57478368355995,616,Nordeste
2309300,Nova Russas,CE,1777,449,2.5481148002250986,79.17839054586382,14.29375351716376,92.45920090039392,23.747889701744512,45.132245357343834,16.207090602138436,64.65953854811481,19.133370849746765,476.5482394366197,481.97767605633805,504.9007042253521,482.92154929577464,537.3802816901408,496.74569014084506,1420,20.090039392234104,25.267304445694993,1420,Nordeste
2309409,Novo Oriente,CE,998,402,2.6753507014028055,85.37074148296593,21.442885771543086,98.39679358717434,16.93386773547094,45.390781563126254,10.120240480961924,70.64128256513025,19.238476953907817,472.9305186972256,476.91700844390834,502.98962605548854,489.5006031363088,547.0687575392038,497.881302774427,829,16.93386773547094,40.28056112224449,829,Nordeste
2309458,Ocara,CE,986,430,2.506085192697769,81.64300202839758,13.995943204868155,97.97160243407707,26.774847870182555,30.223123732251523,14.198782961460447,70.99391480730223,14.807302231237324,465.66576576576574,471.66859716859716,490.2027027027027,462.94105534105535,468.056628056628,471.7069498069498,777,21.196754563894526,43.6105476673428,777,Nordeste
2309508,Orós,CE,504,135,2.6567460317460316,86.5079365079365,21.23015873015873,92.46031746031747,13.492063492063492,51.98412698412699,10.515873015873016,71.62698412698413,17.857142857142858,470.4651764705883,479.2350588235294,508.0971764705882,474.7924705882353,514.8235294117648,489.4826823529412,425,15.674603174603174,26.785714285714285,425,Nordeste
2309607,Pacajus,CE,2391,542,2.259723964868256,74.82225010455876,13.634462567963196,90.3387703889586,11.041405269761606,36.13550815558344,21.24634044332915,68.00501882057716,10.748640736093684,481.41277777777776,492.2489444444444,517.512388888889,497.4532222222222,547.3333333333334,507.1921333333333,1800,24.717691342534508,22.668339606859057,1800,Nordeste
2309706,Pacatuba,CE,1952,425,2.5993852459016393,79.91803278688525,31.915983606557376,95.95286885245902,10.399590163934427,41.75204918032787,16.44467213114754,55.942622950819676,27.612704918032787,469.8623949579832,481.5556722689076,507.37752100840333,474.0915966386555,530.7282913165266,492.7230952380952,1428,26.84426229508197,21.772540983606557,1428,Nordeste
2309805,Pacoti,CE,1105,527,2.666968325791855,88.41628959276018,26.244343891402718,97.28506787330316,16.561085972850677,38.19004524886878,8.778280542986424,74.84162895927602,16.380090497737555,464.84504405286344,462.11839207048456,492.88810572687225,459.4805066079295,503.45814977973566,476.5580396475771,908,17.828054298642538,47.69230769230769,908,Nordeste
2310209,Paracuru,CE,1257,315,2.200477326968974,76.13365155131265,11.853619729514717,90.29435163086714,15.11535401750199,26.650755767700872,21.479713603818613,68.97374701670644,9.54653937947494,476.50181086519115,481.3890342052314,510.01327967806844,488.2111670020121,546.4788732394367,500.51883299798794,994,20.922832140015913,25.059665871121716,994,Nordeste
2310258,Paraipaba,CE,1059,293,2.8328611898016995,87.34655335221908,45.3257790368272,92.91784702549575,10.576015108593012,47.11992445703494,11.048158640226628,52.50236071765817,36.4494806421152,489.8683411214953,498.34415887850463,520.1934579439252,509.32768691588785,539.392523364486,511.4252336448598,856,19.16902738432483,27.66761095372993,856,Nordeste
2310308,Parambu,CE,707,223,2.664780763790665,84.86562942008487,13.295615275813297,99.15134370579915,22.206506364922205,46.95898161244696,9.759547383309759,71.28712871287128,18.95332390381895,466.6429577464789,478.06637323943664,496.237852112676,465.26883802816906,472.0422535211268,475.6516549295775,568,19.66053748231966,31.541725601131542,568,Nordeste
2310506,Pedra Branca,CE,1058,249,2.558601134215501,82.6086956521739,11.909262759924385,96.50283553875236,19.848771266540645,44.99054820415879,13.42155009451796,70.79395085066163,15.784499054820417,474.57628504672897,480.886214953271,500.4802570093458,473.11121495327103,487.94392523364485,483.3995794392523,856,19.092627599243862,23.534971644612476,856,Nordeste
2310704,Pentecoste,CE,1466,412,2.5422919508867667,81.85538881309687,17.598908594815825,96.1800818553888,17.394270122783084,41.20054570259209,14.870395634379264,69.3724420190996,15.757162346521145,483.1004222972973,490.4856418918919,514.2033783783784,502.1063344594595,554.4932432432432,508.877804054054,1184,19.236016371077756,28.10368349249659,1184,Nordeste
2310852,Pindoretama,CE,792,158,2.6376262626262625,86.9949494949495,14.14141414141414,95.70707070707071,4.924242424242424,61.994949494949495,10.47979797979798,77.77777777777779,11.742424242424242,468.8438110749185,478.8561889250814,497.0285016286645,474.11726384364823,530.3908794788274,489.84732899022805,614,22.47474747474747,19.94949494949495,614,Nordeste
2311108,Porteiras,CE,700,145,2.527142857142857,80.28571428571428,22.714285714285715,92.85714285714286,15.857142857142856,41.0,14.571428571428571,68.57142857142857,16.857142857142858,477.3316479400749,485.3571161048689,502.83913857677896,481.42322097378275,544.8689138576779,498.3640074906367,534,23.714285714285708,20.714285714285715,534,Nordeste
2311264,Quiterianópolis,CE,566,153,2.6678445229681977,85.51236749116607,16.607773851590103,97.1731448763251,21.554770318021202,45.936395759717314,11.307420494699647,70.49469964664311,18.19787985865724,460.3362886597938,469.6012371134021,492.1428865979381,461.94865979381444,478.4329896907216,472.49241237113404,485,14.310954063604242,27.03180212014134,485,Nordeste
2311306,Quixadá,CE,3373,687,2.303290839015713,73.28787429587904,16.72101986362289,90.18677734954046,14.082419211384526,36.05099318114438,21.494218796323747,66.20219389267714,12.303587310999111,482.03228789706475,486.42842782468836,509.02472858866105,484.29083232810615,506.9561720948934,493.74648974668276,2487,26.26741772902461,20.367625259412986,2487,Nordeste
2311405,Quixeramobim,CE,2159,471,2.296896711440482,73.1357109773043,16.21120889300602,89.57850856878184,12.552107457156092,38.21213524779991,22.139879573876794,64.89115331171838,12.968967114404817,480.6699747155499,493.99506953223766,514.9785714285714,495.51441213653607,537.6864728192162,504.56890012642225,1582,26.725335803612783,21.815655396016677,1582,Nordeste
2311603,Redenção,CE,1263,312,2.5233570863024544,81.94774346793349,16.943784639746635,96.35787806809184,20.110847189231986,36.975455265241486,13.064133016627078,70.78384798099762,16.152019002375297,471.4630081300813,474.914837398374,501.82540650406503,476.7295731707317,517.520325203252,488.4906300813008,984,22.09026128266033,24.70308788598575,984,Nordeste
2311801,Russas,CE,1849,434,2.1081665765278528,67.33369388858843,11.087074094104922,87.18226068144943,13.142239048134128,32.07138994050838,27.961060032449975,62.52028123309897,9.518658734451055,501.4718085106383,511.8952127659574,531.1266717325227,531.2456686930092,567.5835866261398,528.6645896656535,1316,28.826392644672794,23.472147106544078,1316,Nordeste
2312007,Santana do Acaraú,CE,960,343,2.589583333333333,81.04166666666667,16.5625,80.3125,30.104166666666664,50.9375,20.520833333333332,54.166666666666664,25.3125,475.9453964194373,488.9833759590793,507.1378516624041,493.1841432225064,595.2429667519182,512.098746803069,782,18.541666666666668,35.729166666666664,782,Nordeste
2312106,Santana do Cariri,CE,435,82,2.657471264367816,82.98850574712644,13.793103448275861,97.24137931034483,15.402298850574713,56.32183908045977,13.563218390804598,68.73563218390805,17.70114942528736,470.1361563517915,484.95798045602606,497.614006514658,470.9830618892508,505.99348534201954,485.9369381107492,307,29.42528735632184,18.850574712643677,307,Nordeste
2312205,Santa Quitéria,CE,1284,565,2.2803738317757007,84.81308411214953,9.579439252336448,92.13395638629284,11.682242990654206,29.82866043613707,14.174454828660435,77.9595015576324,7.8660436137071645,474.3780260707635,481.35763500931097,501.9810986964618,480.67234636871507,532.2532588454376,494.1284729981378,1074,16.355140186915882,44.00311526479751,1074,Nordeste
2312304,São Benedito,CE,2298,785,2.2989556135770237,77.71975630983464,8.268059181897303,88.99042645778938,16.144473455178414,38.77284595300261,19.88685813751088,69.01653611836379,11.096605744125327,483.48812140240716,489.6322867608582,513.5196755625327,496.2896912611198,580.763997906855,512.7387545787545,1911,16.840731070496084,34.16013925152306,1911,Nordeste
2312403,São Gonçalo do Amarante,CE,2102,746,2.241674595623216,76.21313035204567,13.415794481446241,94.10085632730733,11.98858230256898,28.44909609895338,20.266412940057087,70.31398667935301,9.419600380589914,472.167670157068,477.7785340314136,507.63710732984293,488.71204188481676,543.3507853403141,497.92922774869106,1528,27.30732635585157,35.49000951474786,1528,Nordeste
2312700,Senador Pompeu,CE,817,233,2.379436964504284,76.86658506731946,23.25581395348837,92.77845777233782,13.46389228886169,31.57894736842105,20.0734394124847,70.01223990208078,9.914320685434516,483.6256451612904,493.48370967741937,519.0964516129033,499.8709677419355,547.1935483870968,508.65406451612904,620,24.1126070991432,28.518971848225217,620,Nordeste
2312908,Sobral,CE,7313,1627,1.850403391221113,61.000957199507724,9.790783536168467,76.07001230685081,9.40790373307808,28.77068234650622,36.75646109667715,55.8047313004239,7.438807602898947,504.4184196185286,519.1955131698455,537.5702089009991,544.1884287011807,601.8673932788374,541.4479927338783,5505,24.723095856693554,22.248051415287843,5505,Nordeste
2313005,Solonópole,CE,659,207,2.3429438543247345,78.7556904400607,9.408194233687405,93.17147192716236,12.139605462822459,40.819423368740516,17.298937784522003,72.98937784522003,9.711684370257966,480.431320754717,489.41603773584905,506.65943396226413,494.3305660377359,512.4150943396227,496.6504905660378,530,19.575113808801213,31.41122913505311,530,Nordeste
2313104,Tabuleiro do Norte,CE,946,314,2.1966173361522197,68.49894291754757,8.0338266384778,88.37209302325581,13.953488372093023,40.803382663847785,24.63002114164905,64.69344608879493,10.676532769556026,495.8874345549738,491.0480366492147,521.6968586387435,512.9909685863875,553.9267015706806,515.11,764,19.238900634249468,33.192389006342495,764,Nordeste
2313203,Tamboril,CE,930,223,2.7516129032258063,86.12903225806451,16.7741935483871,97.31182795698925,28.817204301075268,46.12903225806452,10.21505376344086,66.34408602150538,23.440860215053764,473.54391304347826,476.34144927536227,499.04695652173916,468.74739130434784,473.536231884058,478.24318840579707,690,25.806451612903224,23.978494623655912,690,Nordeste
2313302,Tauá,CE,1831,514,2.367012561441835,75.64172583287821,14.74604041507373,91.42545057345713,16.32987438558165,38.55816493719279,20.42599672310213,64.11796832332058,15.45603495357728,480.55980966325035,492.7193997071742,512.5540995607614,498.0284040995608,542.3133235724744,505.23500732064423,1366,25.39595849262698,28.07209175314036,1366,Nordeste
2313351,Tejuçuoca,CE,791,254,3.1264222503160557,88.8748419721871,48.92541087231353,99.36788874841972,8.34386852085967,67.13021491782554,8.97597977243995,41.5929203539823,49.43109987357775,471.6325547445255,482.39197080291973,501.39357664233574,492.53722627737227,509.75182481751824,491.5414306569343,685,13.4007585335019,32.11125158027813,685,Nordeste
2313401,Tianguá,CE,2881,913,2.22075668170774,70.07983339118363,14.439430753210692,83.79035057271781,14.092329052412357,39.673724401249565,26.483859770912876,60.6039569593891,12.912183269698021,485.09237170596396,495.5013407304669,516.2777623670828,506.00013869625525,582.2376329172446,517.0218492834027,2163,24.92190211732037,31.690385282887885,2163,Nordeste
2313500,Trairi,CE,1795,602,2.4857938718662953,82.45125348189416,13.036211699164346,96.15598885793872,13.760445682451254,43.17548746518106,11.866295264623956,75.26462395543176,12.869080779944289,472.0107923497268,483.8280737704918,504.30587431693993,490.74071038251367,553.8934426229508,500.9557786885246,1464,18.440111420612816,33.53760445682451,1464,Nordeste
2313609,Ubajara,CE,1297,410,2.225905936777178,74.40246723207402,11.17964533538936,87.27833461835004,12.02775636083269,37.70239013107171,23.515805705474172,65.30454895913647,11.17964533538936,487.6587285570131,500.82805247225025,516.5663975782038,513.8514631685166,559.7981836528759,515.740565085772,991,23.592906707787197,31.61141094834233,991,Nordeste
2313807,Uruburetama,CE,1455,415,2.8309278350515465,83.57388316151203,38.76288659793815,98.14432989690721,23.02405498281787,39.58762886597938,10.171821305841924,62.13058419243986,27.697594501718214,467.90223509933776,473.1826986754966,502.86117549668876,472.3881622516557,548.3443708609271,492.93572847682117,1208,16.975945017182127,28.52233676975945,1208,Nordeste
2313906,Uruoca,CE,682,222,2.5557184750733137,77.41935483870968,18.181818181818183,96.7741935483871,20.821114369501466,42.375366568914956,18.621700879765395,60.26392961876833,21.114369501466275,468.74732965009207,479.2173112338858,498.9193370165746,482.271270718232,491.8232044198895,484.19569060773483,543,20.381231671554257,32.55131964809384,543,Nordeste
2313955,Varjota,CE,988,267,2.395748987854251,75.7085020242915,13.96761133603239,96.15384615384616,13.765182186234817,39.979757085020246,17.813765182186234,68.82591093117408,13.360323886639677,483.22785145888594,489.0161803713528,514.918700265252,508.11259946949605,562.7055702917772,511.59618037135283,754,23.684210526315784,27.02429149797571,754,Nordeste
2314003,Várzea Alegre,CE,1492,339,2.451072386058981,77.27882037533512,15.683646112600535,95.3083109919571,17.828418230563003,39.00804289544236,17.024128686327078,68.63270777479893,14.343163538873997,476.2597359735974,489.26394389438946,509.6691419141914,495.50363036303634,539.6699669966997,502.0732838283828,1212,18.766756032171582,22.72117962466488,1212,Nordeste
2314102,Viçosa do Ceará,CE,2259,636,2.8933156263833553,83.75387339530765,24.12571934484285,93.00575475874281,27.75564409030544,60.690571049136786,13.191677733510405,54.227534307215585,32.58078795927402,475.65480043149944,484.5381877022654,502.6821467098166,490.78597626752963,538.522114347357,498.43664509169366,1854,17.928286852589636,28.15405046480744,1854,Nordeste
2400109,Acari,RN,611,93,1.9361702127659575,55.319148936170215,5.237315875613748,91.48936170212765,9.983633387888707,31.58756137479542,34.53355155482815,58.59247135842881,6.873977086743044,505.52181425485963,510.8693304535637,530.6615550755939,521.6427645788337,597.6673866090713,533.2725701943845,463,24.22258592471358,15.220949263502456,463,Nordeste
2400208,Açu,RN,2336,447,2.074914383561644,64.94006849315068,13.056506849315069,79.75171232876713,14.340753424657535,35.40239726027397,32.4486301369863,55.9931506849315,11.558219178082192,498.9874339401057,497.67457428068116,520.9859659424545,488.8355255431591,576.9583088667058,516.6883617146212,1703,27.097602739726025,19.13527397260274,1703,Nordeste
2400505,Alexandria,RN,1052,253,2.4657794676806084,72.0532319391635,11.50190114068441,93.72623574144487,26.901140684410645,42.39543726235742,19.486692015209126,63.87832699619772,16.634980988593156,485.0969474969475,484.2604395604395,509.18852258852263,479.8959706959707,560.8791208791209,503.8642002442003,819,22.148288973384034,24.049429657794676,819,Nordeste
2400703,Alto do Rodrigues,RN,866,166,2.2055427251732103,70.66974595842956,11.431870669745958,90.76212471131639,12.471131639722865,35.21939953810623,25.75057736720554,64.08775981524249,10.161662817551962,479.58167202572344,477.3234726688103,508.57684887459806,464.96527331189714,539.7427652733119,494.03800643086817,622,28.17551963048499,19.168591224018474,622,Nordeste
2400802,Angicos,RN,1437,201,2.302018093249826,66.17954070981212,12.31732776617954,96.3813500347947,15.170494084899094,40.15309672929715,23.938761308281144,63.952679192762695,12.10855949895616,479.45217391304345,480.90628019323674,510.81845410628017,477.143961352657,531.3816425120773,495.9405024154589,1035,27.97494780793319,13.987473903966595,1035,Nordeste
2401008,Apodi,RN,1828,342,2.186542669584245,57.76805251641138,9.846827133479213,96.55361050328227,14.60612691466083,39.879649890590805,29.157549234135665,59.354485776805255,11.487964989059082,499.5448965024982,502.6981441827266,526.1413276231264,510.6379728765168,596.4453961456103,527.0935474660957,1401,23.358862144420133,18.708971553610503,1401,Nordeste
2401107,Areia Branca,RN,831,114,1.9265944645006017,62.093862815884485,7.581227436823104,83.27316486161251,11.311672683513839,28.399518652226234,36.702767749699156,54.75330926594465,8.543922984356197,487.79856687898086,484.3557324840765,519.4958598726115,477.9038216560509,582.8343949044586,510.4776751592356,628,24.42839951865222,13.718411552346572,628,Nordeste
2401453,Baraúna,RN,718,138,2.254874651810585,72.42339832869081,12.395543175487465,82.59052924791087,13.09192200557103,44.986072423398326,24.651810584958216,63.788300835654596,11.559888579387186,484.1396,492.9418,522.8812,481.2412,614.4,519.12076,500,30.36211699164345,19.220055710306408,500,Nordeste
2402006,Caicó,RN,3661,641,1.8027861240098333,51.57060912319038,7.702813438951106,77.92952745151598,9.997268505872713,33.07839388145315,40.23490849494674,52.526632067741055,7.23845943731221,522.9937918215613,526.8262081784386,541.930780669145,534.7824163568773,628.0371747211896,550.9140743494424,2690,26.52280797596285,17.508877355913686,2690,Nordeste
2402204,Canguaretama,RN,1703,253,2.341749853200235,73.45860246623606,12.68349970640047,90.25249559600704,16.147974163241336,41.63241338813858,21.667645331767467,64.76805637110981,13.564298297122724,476.0650684931507,484.3155821917808,508.96977739726026,466.8525684931507,528.5445205479452,492.94950342465756,1168,31.41514973576043,14.856136230182033,1168,Nordeste
2402303,Caraúbas,RN,1256,237,2.4522292993630574,71.4171974522293,12.181528662420382,97.05414012738854,20.621019108280255,43.94904458598726,18.39171974522293,65.68471337579618,15.92356687898089,483.83630769230774,484.2717948717949,510.36697435897435,473.0969230769231,549.5589743589744,500.22619487179486,975,22.372611464968152,18.869426751592357,975,Nordeste
2402600,Ceará-Mirim,RN,3042,365,2.3537146614069693,71.86061801446417,15.910585141354371,92.99802761341223,16.305062458908612,38.29717291255753,23.076923076923077,62.29454306377383,14.628533859303088,486.80354274917335,491.6205951818611,516.8584789796882,478.13797827113837,558.1105337742088,506.306225791214,2117,30.40762656147271,11.998685075608153,2117,Nordeste
2403103,Currais Novos,RN,2846,521,1.983134223471539,55.41110330288124,8.749121574139144,84.78566408995081,12.860154602951509,36.5073787772312,35.10189739985945,55.0597329585383,9.838369641602249,501.5630919220055,507.19489322191276,529.7972609099351,502.08050139275764,597.4466109563602,527.6164716805943,2154,24.31482782853127,18.306394940267044,2154,Nordeste
2403251,Parnamirim,RN,7412,1068,1.67471667566109,48.71829465731247,8.000539665407446,75.13491635186185,7.946573124662709,27.671343766864542,45.412844036697244,48.78575283324339,5.801403130059364,513.2792156862745,526.2031568627451,545.664294117647,530.1193333333333,598.8980392156863,542.8328078431372,5100,31.19266055045872,14.409066378845118,5100,Nordeste
2403608,Extremoz,RN,1781,204,2.0713082537900056,67.04098820887143,10.106681639528354,85.28916339135317,11.84727681078046,32.846715328467155,27.961819202695114,64.28972487366647,7.748455923638406,490.748348856901,500.33725656223544,523.361134631668,485.4751905165114,567.0956816257409,513.4035224386114,1181,33.68893879842785,11.454239191465469,1181,Nordeste
2404200,Goianinha,RN,1614,205,2.19454770755886,67.53407682775713,12.825278810408921,89.28128872366791,11.152416356877323,38.66171003717472,26.765799256505574,62.7633209417596,10.470879801734819,487.7587344028521,493.7618538324421,520.5161319073084,485.00650623885923,558.8770053475936,509.18404634581105,1122,30.483271375464682,12.701363073110286,1122,Nordeste
2404705,Ipanguaçu,RN,432,46,2.3333333333333335,74.76851851851852,12.268518518518519,91.66666666666666,13.194444444444445,41.43518518518518,18.98148148148148,70.37037037037037,10.648148148148149,479.0046296296296,472.58209876543214,499.56234567901237,459.5003086419753,538.5185185185185,489.8335802469135,324,25.0,10.648148148148149,324,Nordeste
2405603,Jardim de Piranhas,RN,406,90,2.3596059113300494,71.92118226600985,15.270935960591133,85.4679802955665,12.31527093596059,50.98522167487685,24.38423645320197,60.3448275862069,15.270935960591133,489.4559633027523,497.9819571865444,517.076758409786,512.4504587155963,577.9204892966361,518.977125382263,327,19.458128078817737,22.167487684729064,327,Nordeste
2405801,João Câmara,RN,2169,311,2.4015675426463807,73.9972337482711,16.228676809589672,92.30059935454126,17.196864914707238,40.433379437528814,20.74688796680498,63.07053941908713,16.182572614107883,477.2335081967213,483.62498360655735,509.1719344262295,470.14236065573766,548.327868852459,497.70013114754096,1525,29.69110189027202,14.338404794836329,1525,Nordeste
2406106,Jucurutu,RN,849,142,2.287396937573616,64.42873969375736,12.838633686690223,94.22850412249706,16.25441696113074,40.98939929328622,24.852767962308597,63.133097762073035,12.014134275618375,491.9517665130568,497.81044546850995,519.4794162826421,492.4993855606759,575.5760368663595,515.4634101382488,651,23.32155477031802,16.725559481743225,651,Nordeste
2407005,Luís Gomes,RN,697,152,2.3658536585365852,62.84074605451937,10.616929698708752,95.98278335724534,25.107604017216644,42.03730272596843,24.2467718794835,60.97560975609756,14.777618364418938,480.9572796934866,486.76149425287355,512.1772030651341,476.4005747126437,562.9885057471264,503.85701149425284,522,25.107604017216644,21.8077474892396,522,Nordeste
2407104,Macaíba,RN,2228,281,2.235637342908438,67.95332136445242,11.89407540394973,90.70915619389586,13.824057450628366,39.18312387791742,24.640933572710953,63.46499102333932,11.89407540394973,488.3153497409327,499.0387953367876,519.9892487046633,484.05168393782384,558.6917098445596,510.0173575129534,1544,30.700179533213646,12.612208258527827,1544,Nordeste
2407203,Macau,RN,1097,152,1.9298085688240656,61.62260711030082,8.751139471285324,82.58887876025524,13.126709206927986,26.89152233363719,36.37192342752963,55.51504102096627,8.113035551504103,488.80194300518133,494.95880829015545,523.3382124352331,485.5225388601037,568.0569948186528,512.1356994818653,772,29.62625341841386,13.855970829535098,772,Nordeste
2408003,Mossoró,RN,11570,2200,1.6372515125324114,48.66032843560934,7.10458081244598,70.50129645635263,8.539325842696629,28.91961970613656,45.58340535868626,48.18496110630942,6.231633535004322,513.9952111347017,518.7933003066761,541.6033380514272,531.3507902807266,620.8563340410474,545.3197947629158,8478,26.72428694900605,19.014693171996544,8478,Nordeste
2408102,Natal,RN,33730,5014,1.4231248147050104,42.505188259709456,8.206344500444708,60.76193299733175,7.302104951082122,23.536910761932997,54.88585828639193,39.75689297361399,5.357248739994071,528.7632244729227,541.6786523356759,558.2134518396032,555.0942207523769,634.7391484084333,563.6977395618025,24190,28.283427216128075,14.865105247554105,24190,Nordeste
2408201,Nísia Floresta,RN,473,74,2.4524312896405918,76.32135306553911,17.12473572938689,91.75475687103594,19.027484143763214,41.014799154334035,19.661733615221987,64.05919661733616,16.27906976744186,477.2188498402556,475.69009584664536,506.37060702875397,458.8338658146965,511.75718849840257,485.9741214057508,313,33.82663847780126,15.644820295983086,313,Nordeste
2408300,Nova Cruz,RN,2505,481,2.4367265469061876,73.13373253493015,16.766467065868262,89.3812375249501,18.44311377245509,45.94810379241517,21.037924151696608,60.75848303393213,18.20359281437126,479.9714285714286,488.17052238805974,512.8320362473347,482.3637526652452,574.3603411513859,507.53961620469084,1876,25.109780439121753,19.201596806387226,1876,Nordeste
2408904,Parelhas,RN,1475,304,2.0874576271186442,56.949152542372886,10.440677966101696,93.49152542372882,14.101694915254237,33.76271186440678,32.88135593220339,57.016949152542374,10.101694915254237,499.63204903677763,503.454465849387,525.2195271453589,509.4399299474606,596.7600700525394,526.9012084063048,1142,22.576271186440678,20.610169491525422,1142,Nordeste
2409308,Patu,RN,2002,394,2.5074925074925076,71.92807192807193,17.08291708291708,96.45354645354645,24.275724275724276,41.00899100899101,20.32967032967033,60.289710289710285,19.38061938061938,475.90340091563115,475.2607586657946,504.1831916285154,475.44453891432306,560.9810333551341,498.3545846958797,1529,23.62637362637363,19.68031968031968,1529,Nordeste
2409407,Pau dos Ferros,RN,4246,866,2.1855864342910976,57.348092322185586,8.14884597268017,93.92369288742346,17.993405558172398,41.14460668864814,29.180405087140837,59.32642487046632,11.49317004239284,491.9327878974992,500.3909231244211,524.9590923124421,496.0750540290213,585.230009262118,519.7175733251004,3239,23.716439001413093,20.395666509656145,3239,Nordeste
2410207,Portalegre,RN,556,96,2.365107913669065,63.48920863309353,10.971223021582734,97.84172661870504,22.66187050359712,41.54676258992806,24.280575539568343,60.251798561151084,15.467625899280577,478.7452214452215,485.2519813519814,510.5088578088578,470.74219114219113,571.934731934732,503.4365967365967,429,22.84172661870504,17.26618705035971,429,Nordeste
2411056,Tibau,RN,502,87,2.250996015936255,67.52988047808765,8.565737051792828,92.82868525896414,11.354581673306772,44.820717131474105,21.91235059760956,68.72509960159363,9.362549800796813,483.117994100295,483.5823008849557,513.1168141592921,471.4648967551623,531.9174041297935,496.6398820058997,339,32.47011952191235,17.330677290836654,339,Nordeste
2411205,Santa Cruz,RN,2564,360,2.2277691107644304,63.29953198127926,13.76755070202808,88.53354134165366,17.121684867394695,40.054602184087365,28.159126365054604,57.87831513260531,13.962558502340094,491.7452076677316,497.2395633652822,524.691054313099,493.23722044728436,578.0191693290735,516.9864430244942,1878,26.755070202808117,14.040561622464898,1878,Nordeste
2411502,Santo Antônio,RN,1861,278,2.5416442772702847,75.4433100483611,19.290703922622246,91.77861364857604,22.031166039763566,45.62063406770554,19.39817302525524,60.12896292315959,20.47286405158517,481.75003861003864,490.45382239382235,513.5228571428571,484.3366795366795,564.3706563706563,506.88681081081086,1295,30.41375604513702,14.93820526598603,1295,Nordeste
2412005,São Gonçalo do Amarante,RN,3043,367,2.046993098915544,62.27407163982912,10.778836674334539,85.93493263227079,13.079198159710812,32.63227078540913,31.58067696352284,59.480775550443646,8.938547486033519,500.210799031477,508.35104116222755,532.1476997578693,501.1208716707022,572.8232445520581,522.9307312348668,2065,32.13933618139993,12.060466644758462,2065,Nordeste
2412203,São José de Mipibu,RN,1311,162,2.252479023646072,70.17543859649122,11.899313501144166,89.39740655987795,14.645308924485127,39.130434782608695,24.02745995423341,64.22578184591914,11.746758199847445,486.6057971014493,489.1552954292085,515.5833890746934,473.7714604236343,528.561872909699,498.7355629877369,897,31.57894736842105,12.356979405034325,897,Nordeste
2412500,São Miguel,RN,1671,481,2.403351286654698,65.70915619389586,10.293237582286057,98.86295631358468,18.073010173548774,47.3967684021544,22.262118491921004,63.076002393776186,14.661879114302812,487.8050343249428,498.90053394355454,519.6572845156369,507.8098398169336,567.719298245614,516.3783981693364,1311,21.54398563734291,28.785158587672054,1311,Nordeste
2412609,São Paulo do Potengi,RN,1915,330,2.404177545691906,72.74151436031332,13.942558746736292,94.93472584856397,21.0443864229765,37.75456919060052,20.887728459530024,63.28981723237598,15.822454308093995,482.8188070175439,486.9886315789474,511.08245614035087,475.4035087719298,531.6070175438597,497.5800842105263,1425,25.587467362924276,17.232375979112273,1425,Nordeste
2414407,Touros,RN,1257,236,2.4240254574383453,75.97454256165473,15.354017501988862,93.63564041368338,17.740652346857598,39.69769291964996,19.013524264120925,65.47334924423231,15.513126491646778,480.0532423208191,489.5341296928328,512.2232081911263,478.9301478953356,537.2241183162685,499.5929692832765,879,30.071599045346066,18.77486077963405,879,Nordeste
2414506,Umarizal,RN,785,185,2.529936305732484,71.84713375796179,16.43312101910828,96.43312101910828,25.35031847133758,42.92993630573248,17.8343949044586,63.94904458598726,18.21656050955414,483.27482993197276,479.243537414966,513.361224489796,468.4158163265306,551.2244897959183,499.1039795918368,588,25.09554140127389,23.56687898089172,588,Nordeste
2414803,Vera Cruz,RN,870,137,2.5977011494252875,76.0919540229885,17.70114942528736,96.32183908045977,21.26436781609195,48.39080459770115,15.517241379310345,63.5632183908046,20.919540229885058,487.1597402597403,489.9563311688311,511.93863636363636,476.67792207792206,536.1363636363636,500.3737987012987,616,29.19540229885057,15.747126436781608,616,Nordeste
2500304,Alagoa Grande,PB,1087,242,2.5538178472861084,76.26494940202392,19.687212511499542,86.0165593376265,22.81508739650414,50.59797608095676,18.491260349586017,60.625574977000916,20.883164673413063,480.8793060718711,488.5418835192069,507.0598513011152,470.1717472118959,555.1177199504338,500.3541016109046,807,25.758969641214346,22.263109475620976,807,Nordeste
2500403,Alagoa Nova,PB,1047,226,2.603629417382999,78.22349570200574,19.00668576886342,93.50525310410697,18.147086914995224,51.480420248328564,16.045845272206304,62.94173829990449,21.012416427889207,480.32871927554976,484.54139715394564,503.44851228978007,465.1940491591203,541.267787839586,494.9560931435964,773,26.17000955109837,21.585482330468004,773,Nordeste
2500502,Alagoinha,PB,767,157,2.544980443285528,78.8787483702738,16.81877444589309,91.39504563233378,18.904823989569753,48.5006518904824,16.6883963494133,64.92829204693612,18.383311603650586,476.0905429071804,478.11418563922945,499.6021015761821,460.4497373029772,533.8704028021016,489.6253940455341,571,25.55410691003911,20.469361147327252,571,Nordeste
2500601,Alhandra,PB,619,131,2.491114701130856,80.93699515347335,13.731825525040387,90.30694668820679,17.12439418416801,47.011308562197094,16.31663974151858,69.30533117932148,14.378029079159935,475.6481382978724,481.12340425531914,502.125,444.9760638297872,509.5744680851064,482.689414893617,376,39.25686591276252,21.163166397415186,376,Nordeste
2500700,São João do Rio do Peixe,PB,1091,213,2.3629697525206232,69.4775435380385,13.473877176901924,92.3923006416132,16.681943171402384,44.27131072410632,21.906507791017415,63.79468377635197,14.298808432630613,486.74890604890606,489.2123552123552,513.3554697554698,486.6332046332046,562.007722007722,507.59153153153153,777,28.78093492208983,19.523373052245645,777,Nordeste
2501005,Araruna,PB,1184,247,2.7119932432432434,78.80067567567568,20.69256756756757,94.08783783783784,28.209459459459456,49.40878378378378,14.358108108108109,61.570945945945944,24.070945945945947,476.5456118665019,477.84177997527814,504.64412855377003,468.5309023485785,581.6069221260816,501.833868974042,809,31.672297297297302,20.861486486486484,809,Nordeste
2501104,Areia,PB,1071,253,2.434173669467787,75.07002801120449,15.032679738562091,83.56676003734827,19.70121381886088,50.04668534080299,20.354808590102706,62.27824463118581,17.366946778711483,480.9790190735695,486.5057220708447,506.70422343324253,466.8730245231607,564.2234332425068,501.05708446866487,734,31.465919701213817,23.622782446311856,734,Nordeste
2501302,Aroeiras,PB,789,206,2.7896070975918885,82.6362484157161,18.631178707224336,92.14195183776933,27.122940430925226,58.42839036755386,11.913814955640051,61.97718631178707,26.108998732572875,472.6393996247655,477.11838649155726,498.80356472795495,466.85497185741093,579.7373358348968,499.0307317073171,533,32.446134347275034,26.108998732572875,533,Nordeste
2501500,Bananeiras,PB,1832,395,2.591703056768559,76.80131004366812,21.2882096069869,85.37117903930131,26.85589519650655,48.853711790393014,20.141921397379914,55.34934497816594,24.50873362445415,480.74067536454334,486.8846508058327,508.81680736761325,475.58933231005375,570.4528012279355,504.49685341519574,1303,28.875545851528383,21.561135371179038,1303,Nordeste
2501807,Bayeux,PB,2554,438,1.9819890368050117,67.69772905246671,15.661707126076744,68.20673453406421,12.45105716523101,34.18167580266249,35.39545810493344,53.680501174628034,10.924040720438528,489.8814226925338,499.5607289829512,521.5393885949442,487.76425631981186,559.4591416813639,511.64098765432095,1701,33.398590446358654,17.149569303054033,1701,Nordeste
2502508,Boqueirão,PB,1067,266,2.5529522024367384,77.41330834114339,15.182755388940954,93.6269915651359,20.524835988753516,48.547328959700096,16.026241799437678,65.5107778819119,18.46298031865042,489.7241730279898,492.4465648854962,516.5399491094148,488.3779898218829,559.236641221374,509.2650636132316,786,26.33552014995314,24.92970946579194,786,Nordeste
2503001,Caaporã,PB,624,115,2.293269230769231,75.96153846153845,15.384615384615385,90.22435897435898,16.346153846153847,31.41025641025641,21.474358974358974,65.38461538461539,13.141025641025642,468.68481308411214,463.8927570093458,489.56728971962616,449.47289719626167,488.9252336448598,472.10859813084113,428,31.41025641025641,18.429487179487182,428,Nordeste
2503209,Cabedelo,PB,2086,425,1.6534036433365293,51.72579098753596,9.204218600191755,68.55225311601151,8.676893576222437,27.181208053691275,45.54170661553212,48.22627037392138,6.2320230105465,508.6321503131524,511.8043145441893,534.5574112734864,517.9844119693806,580.6541405706332,530.7264857341684,1437,31.11217641418984,20.37392138063279,1437,Nordeste
2503506,Cacimba de Dentro,PB,746,197,2.591152815013405,81.50134048257372,10.589812332439678,95.44235924932975,29.892761394101875,41.689008042895445,13.002680965147453,69.57104557640751,17.426273458445042,477.4728624535316,481.6832713754647,509.6842007434944,471.4388475836431,554.0520446096655,498.8662453531598,538,27.88203753351206,26.40750670241287,538,Nordeste
2503704,Cajazeiras,PB,3801,768,2.1478558274138386,63.85161799526441,11.970534069981584,81.82057353328072,14.02262562483557,43.120231518021576,30.044725072349383,57.563799000263096,12.39147592738753,496.55376673040155,502.2449713193117,523.4687189292542,506.40114722753344,582.3938814531549,522.2124971319312,2615,31.202315180215734,20.2052091554854,2615,Nordeste
2504009,Campina Grande,PB,20131,4034,1.6950971139039293,51.87024986339477,8.31056579404898,68.65530773434007,9.274253638666732,31.399334359942376,43.907406487506826,48.79539019422781,7.297203318265362,513.8073537722521,524.7393896580955,541.8891141565414,529.0591763209947,626.8790618818875,547.2748191579542,14156,29.6805921216035,20.038746212309373,14156,Nordeste
2504306,Catolé do Rocha,PB,2330,670,2.2927038626609444,69.14163090128756,14.163090128755366,82.1030042918455,17.381974248927037,46.48068669527897,26.86695278969957,57.553648068669524,15.579399141630901,486.57460410557184,487.5140762463343,514.3995894428152,495.5552492668621,581.1378299120234,513.0362697947214,1705,26.824034334763947,28.75536480686695,1705,Nordeste
2504405,Conceição,PB,1273,347,2.7549096622152396,80.43990573448548,24.98036135113904,88.76669285153181,34.48546739984289,46.81853888452475,17.04634721131186,53.102906520031425,29.850746268656714,474.67452025586357,474.1004264392324,495.7648187633263,470.0446695095949,520.0639658848614,486.9296801705757,938,26.315789473684216,27.258444619010213,938,Nordeste
2505105,Cuité,PB,2452,493,2.5371125611745513,73.36867862969005,12.805872756933114,93.3931484502447,26.34584013050571,47.79771615008156,17.98531810766721,61.7047308319739,20.30995106035889,482.9285140562249,483.40464716006886,507.2671256454389,476.8528399311532,568.100975329891,503.7108204245553,1743,28.915171288743878,20.10603588907015,1743,Nordeste
2505600,Diamante,PB,480,123,2.470833333333333,76.04166666666666,16.666666666666664,88.33333333333333,23.541666666666668,42.5,20.833333333333336,59.583333333333336,19.583333333333332,476.132044198895,476.79640883977896,495.64281767955805,486.68839779005526,563.3701657458563,499.7259668508287,362,24.583333333333336,25.624999999999996,362,Nordeste
2506004,Esperança,PB,1662,381,2.237063778580024,68.41155234657039,9.085439229843562,85.31889290012033,17.870036101083034,43.020457280385074,25.812274368231048,60.5294825511432,13.65824308062575,493.7610243055555,501.6545138888889,526.4014756944445,498.2182291666667,585.4166666666666,521.0903819444444,1152,30.68592057761733,22.92418772563177,1152,Nordeste
2506301,Guarabira,PB,4898,1008,2.276235198040016,71.8252347897101,17.088607594936708,78.13393221723153,17.82360146998775,42.752143732135565,26.62311147407105,56.492445896284195,16.884442629644752,491.27889431887604,495.78149053146,516.428558338424,489.3274587660355,582.8100183262064,515.1252840562004,3274,33.156390363413635,20.579828501429155,3274,Nordeste
2506806,Ingá,PB,1230,233,2.613821138211382,79.51219512195122,21.6260162601626,84.79674796747967,25.528455284552848,49.91869918699187,17.72357723577236,59.756097560975604,22.520325203252032,477.7304740406321,486.2055304740406,505.04176072234765,473.4891647855531,555.8690744920993,499.66720090293455,886,27.967479674796746,18.943089430894307,886,Nordeste
2506905,Itabaiana,PB,2365,542,2.5226215644820296,78.73150105708245,21.353065539112052,84.18604651162791,20.930232558139537,47.061310782241016,19.830866807610995,58.64693446088795,21.522198731501057,478.1669758812616,480.4821273964131,503.5952380952381,466.1451453308596,553.0859616573903,496.29508967223256,1617,31.627906976744192,22.917547568710358,1617,Nordeste
2507002,Itaporanga,PB,1773,509,2.4201917653694305,72.70163564579808,22.617033276931753,82.74111675126903,22.053017484489565,41.906373378454596,25.211505922165824,54.371122391426965,20.417371686407222,485.02432432432437,488.7863363363364,509.991066066066,491.2522522522523,581.5015015015015,511.3110960960961,1332,24.873096446700504,28.70840383530739,1332,Nordeste
2507101,Itapororoca,PB,665,139,2.73984962406015,83.30827067669173,24.962406015037594,81.35338345864662,27.819548872180448,56.54135338345865,18.796992481203006,51.578947368421055,29.624060150375943,477.6898678414097,485.4511013215859,503.5729074889868,473.72158590308374,522.2907488986784,492.54524229074894,454,31.729323308270672,20.902255639097746,454,Nordeste
2507309,Jacaraú,PB,909,176,2.690869086908691,78.21782178217822,24.532453245324533,92.73927392739274,26.842684268426844,46.754675467546754,15.51155115511551,59.07590759075908,25.412541254125415,482.34709388971686,485.2016393442623,510.2248882265276,472.4135618479881,562.2950819672132,502.49645305514156,671,26.182618261826185,19.36193619361936,671,Nordeste
2507507,João Pessoa,PB,35518,7836,1.4481389717889521,44.97719466186159,8.415451320457233,60.00900951630159,7.517315164142126,23.894926516132664,53.11109859789403,41.10028717833211,5.788614223773861,518.9532520974831,530.8227127447063,548.8861845785058,543.5975149820216,627.363963244107,553.9247255293648,25030,29.528689678472887,22.062053043527225,25030,Nordeste
2507705,Juazeirinho,PB,1050,218,2.7266666666666666,77.14285714285715,19.333333333333332,98.28571428571429,24.857142857142858,53.047619047619044,14.571428571428571,61.523809523809526,23.904761904761905,477.6587449933245,484.7216288384513,500.92510013351136,453.3542056074766,517.0093457943925,486.73380507343126,749,28.666666666666664,20.761904761904763,749,Nordeste
2508901,Mamanguape,PB,2117,466,2.499763816721776,78.79074161549362,26.027397260273972,80.06613131790269,18.84742560226736,46.24468587623996,22.76806802078413,54.5583372697213,22.67359470949457,476.0955775577558,478.0893729372937,505.8848184818482,469.8082508250825,537.1485148514852,493.4053069306931,1515,28.43646669815777,22.012281530467643,1515,Nordeste
2509107,Mari,PB,851,179,2.5640423031727377,72.97297297297297,16.333725029377202,91.7743830787309,27.144535840188016,48.1786133960047,17.038777908343125,61.927144535840185,21.034077555816687,478.55214626391097,484.67774244833066,511.27233704292524,473.30635930047697,565.3100158982512,502.623720190779,629,26.086956521739136,21.034077555816687,629,Nordeste
2509701,Monteiro,PB,1853,443,2.3351322180248246,72.31516459794926,10.793308148947652,90.82568807339449,22.34214786832164,37.2369131138694,22.180248246087427,62.92498650836481,14.894765245547761,482.06869436201777,487.993471810089,510.7709198813056,475.2558605341246,520.326409495549,495.2830712166172,1348,27.25310307609282,23.90717754991905,1348,Nordeste
2510808,Patos,PB,6748,1722,2.0521636040308238,64.18197984588026,11.26259632483699,77.23770005927683,17.694131594546533,34.83995257854179,33.22465915826911,53.4973325429757,13.278008298755188,494.53708383473725,498.5673886883273,520.8663457681508,505.3204773365423,567.7376654632973,517.405792218211,4986,26.11144042679312,25.518672199170123,4986,Nordeste
2511301,Piancó,PB,1079,360,2.448563484708063,77.01575532900834,23.725671918443002,72.65987025023169,29.008341056533826,42.446709916589434,25.208526413345687,53.19740500463392,21.59406858202039,478.524358974359,482.43041958041954,503.7974358974359,491.0472027972028,608.7179487179487,512.9034731934731,858,20.481927710843372,33.364226135310474,858,Nordeste
2511400,Picuí,PB,1415,353,2.368904593639576,68.48056537102474,10.742049469964664,97.6678445229682,18.79858657243816,41.20141342756184,21.766784452296818,63.46289752650177,14.770318021201415,489.900286259542,493.4961832061069,513.2540076335878,487.23864503816793,546.5648854961833,506.0908015267176,1048,25.936395759717314,24.946996466431095,1048,Nordeste
2512002,Pocinhos,PB,698,112,2.5830945558739256,72.63610315186246,15.329512893982807,95.12893982808023,23.35243553008596,51.862464183381086,17.908309455587393,60.02865329512894,22.063037249283667,494.70745967741937,503.36814516129033,521.0328629032258,490.85987903225805,579.2741935483871,517.8485080645162,496,28.939828080229223,16.045845272206304,496,Nordeste
2512101,Pombal,PB,2299,708,2.577207481513702,78.86037407568509,18.268812527185734,90.99608525445846,21.487603305785125,48.107872988255764,17.007394519356243,62.37494562853415,20.61765985210961,488.5976865240023,495.25766338924234,513.2035280508965,495.6692886061307,557.7212261422787,510.0898785425101,1729,24.79338842975206,30.795998260113095,1729,Nordeste
2512309,Princesa Isabel,PB,1371,406,2.6812545587162653,76.65937272064187,12.691466083150985,98.54121079504012,34.9380014587892,45.29540481400438,16.849015317286653,59.22684172137126,23.924142961342085,484.3745526838966,491.66302186878727,514.7000994035785,507.2188866799205,553.1610337972166,510.2235188866799,1006,26.622902990517872,29.61342086068563,1006,Nordeste
2512507,Queimadas,PB,2043,415,2.4605971610376898,74.8898678414097,13.852178169358787,91.8257464512971,15.712187958883995,49.77973568281938,17.180616740088105,67.93930494371023,14.880078316201665,487.6458518518519,496.8620740740741,518.5359259259259,492.3322962962963,569.8666666666667,513.048562962963,1350,33.920704845814974,20.31326480665688,1350,Nordeste
2512705,Remígio,PB,915,181,2.5005464480874315,74.53551912568305,13.661202185792352,90.7103825136612,23.934426229508198,47.21311475409836,18.251366120218577,62.95081967213115,18.797814207650273,486.9105185185185,492.98637037037037,517.0571851851852,485.0388148148148,565.0370370370371,509.40598518518516,675,26.22950819672131,19.78142076502732,675,Nordeste
2512903,Rio Tinto,PB,1471,241,2.664174031271244,80.14955812372536,27.32834806254249,89.05506458191707,26.512576478586,43.3718558803535,16.859279401767505,57.10401087695445,26.03670972127804,464.9249506903353,464.7130177514793,491.2699211045365,442.48067061143985,521.6765285996055,477.0130177514793,1014,31.067301155676407,16.383412644459554,1014,Nordeste
2513406,Santa Luzia,PB,1168,260,2.0736301369863015,60.53082191780822,8.304794520547945,90.75342465753424,15.23972602739726,32.534246575342465,30.993150684931507,59.50342465753424,9.503424657534246,485.90707656612534,486.9170533642691,512.7965197215777,486.1835266821346,551.554524361949,504.6717401392111,862,26.1986301369863,22.26027397260274,862,Nordeste
2513703,Santa Rita,PB,3543,719,2.0863674851820493,70.11007620660457,14.761501552356759,76.79932260795935,12.983347445667516,33.98250070561671,30.65198983911939,58.25571549534293,11.09229466553768,485.14286871961104,493.23156401944897,518.5066855753647,474.80757698541333,559.1734197730956,506.17242301458674,2468,30.34151848715778,20.293536550945525,2468,Nordeste
2513901,São Bento,PB,1327,373,2.525244913338357,73.54935945742275,18.236623963828183,85.38055764883195,21.4016578749058,53.956292388847025,19.74378296910324,60.13564431047476,20.120572720422008,490.74255983350673,501.60072840790843,524.8109261186264,509.3041623309053,577.8772112382934,520.8671175858481,961,27.58100979653353,28.108515448379805,961,Nordeste
2514503,São José de Piranhas,PB,810,168,2.4925925925925925,70.12345679012346,17.901234567901234,85.4320987654321,22.469135802469136,53.333333333333336,22.71604938271605,54.19753086419753,23.08641975308642,486.96016806722685,493.26873949579834,514.3011764705883,500.4781512605042,577.4453781512605,514.4907226890756,595,26.543209876543205,20.74074074074074,595,Nordeste
2515104,São Sebastião de Lagoa de Roça,PB,552,108,2.4402173913043477,73.55072463768117,16.847826086956523,90.76086956521739,13.949275362318842,48.91304347826087,19.92753623188406,63.58695652173913,16.485507246376812,488.9237623762377,494.0519801980198,517.0816831683169,479.44455445544554,587.5247524752475,513.4053465346535,404,26.811594202898547,19.565217391304348,404,Nordeste
2515302,Sapé,PB,2336,536,2.5368150684931505,79.5804794520548,24.101027397260275,86.42979452054794,18.19349315068493,45.37671232876712,19.049657534246574,60.14554794520548,20.804794520547944,476.1821776155718,483.08473236009735,506.91307785888074,468.1037104622871,552.7372262773723,497.40418491484184,1644,29.62328767123288,22.945205479452056,1644,Nordeste
2515401,São Vicente do Seridó,PB,631,136,2.6608557844690965,81.14104595879556,19.17591125198098,98.57369255150554,21.71156893819334,45.48335974643423,13.312202852614895,66.08557844690966,20.602218700475436,476.75620608899294,472.3046838407494,494.1843091334895,454.6142857142857,517.423887587822,483.0566744730679,427,32.32963549920761,21.553090332805073,427,Nordeste
2516003,Solânea,PB,1664,375,2.522235576923077,73.61778846153845,14.903846153846153,88.22115384615384,25.600961538461537,49.87980769230769,19.411057692307693,59.375,21.213942307692307,483.9373035566584,485.5392886683209,509.66923076923075,474.6386269644334,567.741935483871,504.30527708850286,1209,27.34375,22.536057692307693,1209,Nordeste
2516102,Soledade,PB,851,194,2.524089306698002,73.79553466509988,13.396004700352526,96.3572267920094,23.73678025851939,45.12338425381904,18.683901292596943,60.752056404230316,20.564042303172737,488.21891891891886,489.9047297297297,509.01013513513516,473.3758445945946,524.7297297297297,497.04787162162165,592,30.434782608695656,22.796709753231493,592,Nordeste
2516201,Sousa,PB,4870,1222,2.4018480492813143,73.08008213552361,16.036960985626283,83.69609856262834,20.2258726899384,47.14579055441479,23.203285420944557,57.59753593429158,19.199178644763858,490.4504516835478,495.58031754722145,516.1931563098823,493.97122912674513,597.120175198467,518.6630659731727,3653,24.989733059548257,25.09240246406571,3653,Nordeste
2516300,Sumé,PB,1779,473,2.4451939291736933,74.98594716132658,14.05283867341203,91.84935356942103,24.17088251826869,39.46037099494098,18.100056211354694,64.4744238336144,17.425519955030914,477.47452615617897,481.0357088703563,505.44374526156184,469.1095526914329,530.0985595147839,492.6324184988628,1319,25.857223159078135,26.58797077009556,1319,Nordeste
2516508,Taperoá,PB,849,168,2.6572438162544167,78.56301531213192,14.723203769140165,95.40636042402826,27.208480565371023,49.82332155477032,13.30977620730271,66.3133097762073,20.376914016489987,483.3197916666667,493.3638888888888,512.3909722222222,475.62395833333335,556.875,504.31472222222226,576,32.155477031802114,19.78798586572438,576,Nordeste
2516607,Tavares,PB,672,196,2.6577380952380953,74.25595238095238,14.583333333333334,98.95833333333334,27.529761904761905,50.44642857142857,18.154761904761905,57.738095238095234,24.107142857142858,490.4619433198381,499.4846153846154,518.1977732793523,519.667004048583,575.748987854251,520.712064777328,494,26.488095238095234,29.166666666666668,494,Nordeste
2516904,Uiraúna,PB,1022,259,2.423679060665362,69.86301369863014,17.318982387475536,92.75929549902152,22.211350293542072,40.21526418786693,23.385518590998043,58.414872798434445,18.199608610567513,481.42877604166665,487.9075520833333,509.881640625,481.12213541666665,560.6770833333334,504.2034375,768,24.853228962818008,25.34246575342466,768,Nordeste
2600054,Abreu e Lima,PE,2869,593,1.9728128267689091,66.36458696409899,9.271523178807946,79.40048797490414,16.591146741024748,25.65353781805507,33.356570233530846,58.556988497734395,8.08644126873475,487.30551262235963,491.2515198351365,519.4455950540959,484.9251931993818,547.3570324574962,506.05697063369394,1941,32.345765074939,20.669222725688392,1941,Nordeste
2600104,Afogados da Ingazeira,PE,1683,500,2.2697563874034463,69.63755199049317,10.16042780748663,93.28579916815211,18.59774212715389,35.294117647058826,24.480095068330364,62.68568033273916,12.834224598930483,493.30641891891895,495.3101351351351,524.0786317567567,516.3603885135135,546.9087837837837,515.1928716216216,1184,29.64943553178847,29.708853238265004,1184,Nordeste
2600203,Afrânio,PE,1220,505,2.5221311475409838,76.22950819672131,13.19672131147541,98.19672131147541,23.524590163934427,41.0655737704918,17.45901639344262,64.91803278688525,17.62295081967213,464.120350877193,471.02175438596487,492.4570760233918,485.8101754385965,502.4561403508772,483.17309941520466,855,29.918032786885252,41.39344262295082,855,Nordeste
2600302,Agrestina,PE,547,148,2.5210237659963437,79.70749542961609,11.3345521023766,95.61243144424132,21.389396709323584,44.05850091407678,15.173674588665447,69.83546617915904,14.990859232175502,482.5318066157761,485.32468193384227,515.5419847328244,497.7992366412214,550.2290076335878,506.28534351145044,393,28.153564899451556,27.056672760511884,393,Nordeste
2600401,Água Preta,PE,467,111,2.2890792291220556,80.72805139186295,11.134903640256958,91.22055674518201,15.417558886509635,30.406852248394006,19.05781584582441,68.73661670235546,12.205567451820128,462.03462686567167,465.0173134328358,496.8277611940298,463.64179104477614,511.64179104477614,479.83265671641794,335,28.26552462526767,23.768736616702355,335,Nordeste
2600500,Águas Belas,PE,2247,795,2.9034267912772584,87.22741433021807,22.429906542056074,96.12817089452604,33.33333333333333,51.22385402759234,9.790832220738762,61.059190031152646,29.14997774810859,470.5890088945362,472.41448538754764,495.87744599745866,464.16054637865307,499.66963151207113,480.54222363405336,1574,29.951045838896306,35.380507343124165,1574,Nordeste
2600708,Aliança,PE,824,197,2.4684466019417477,79.85436893203884,16.74757281553398,89.56310679611651,21.601941747572813,39.07766990291262,17.475728155339805,64.32038834951457,18.203883495145632,476.66587030716727,481.1964163822525,507.7853242320819,481.0624573378839,571.1945392491467,503.5809215017065,586,28.883495145631066,23.90776699029126,586,Nordeste
2600807,Altinho,PE,605,151,2.5272727272727273,79.17355371900825,13.71900826446281,89.42148760330578,20.826446280991735,49.586776859504134,17.1900826446281,64.79338842975207,18.016528925619834,483.3137554585153,492.06506550218336,518.3718340611354,499.4495633187773,572.6637554585153,513.1727947598254,458,24.297520661157023,24.958677685950413,458,Nordeste
2601052,Araçoiaba,PE,691,151,2.4109985528219973,79.45007235890014,15.77424023154848,94.79015918958031,16.35311143270622,34.73227206946454,16.642547033285094,69.46454413892909,13.892908827785819,473.32188139059303,473.64989775051123,496.89325153374233,461.5353783231084,497.9141104294479,480.6629038854806,489,29.23299565846599,21.852387843704776,489,Nordeste
2601102,Araripina,PE,3635,1236,2.4420907840440167,77.08390646492434,19.53232462173315,85.52957359009629,22.118294360385143,39.944979367262725,22.145804676753784,57.77166437414031,20.082530949105916,481.1223609991942,486.28811442385177,507.6127316680097,490.7936341659952,566.6156325543916,506.4864947622885,2482,31.719394773039888,34.00275103163686,2482,Nordeste
2601201,Arcoverde,PE,4526,1268,2.344675209898365,72.8678745028723,13.256738842244808,87.18515245249668,21.29916040653999,39.85859478568272,24.348210340256298,57.931948740609805,17.71984091913389,488.45300319488814,491.6464536741214,518.855303514377,499.90961661341856,537.4568690095847,507.264249201278,3130,30.844012372956254,28.01590808661069,3130,Nordeste
2601409,Barreiros,PE,2098,554,2.213060057197331,75.35748331744519,11.630123927550047,87.8932316491897,16.11058150619638,30.31458531935176,24.78551000953289,63.29837940896091,11.916110581506196,478.46005606166784,484.4077084793273,510.71282410651713,487.74029432375613,554.6601261387526,503.1962018220042,1427,31.982840800762634,26.40610104861773,1427,Nordeste
2601607,Belém do São Francisco,PE,1364,402,2.7309384164222874,83.50439882697948,28.519061583577717,96.62756598240469,31.2316715542522,33.21114369501466,12.023460410557185,62.683284457478,25.29325513196481,457.71198770491804,456.4524590163934,481.2896516393443,445.6495901639344,472.21311475409834,462.66336065573773,976,28.445747800586506,29.472140762463344,976,Nordeste
2601706,Belo Jardim,PE,2292,740,2.089005235602094,69.06631762652705,10.165794066317627,81.06457242582897,13.787085514834205,34.81675392670157,29.84293193717277,59.554973821989535,10.602094240837696,492.4336848635236,499.1250620347394,526.3678039702233,508.83393300248144,602.3945409429281,525.8310049627792,1612,29.668411867364753,32.28621291448517,1612,Nordeste
2601904,Bezerros,PE,2172,727,2.263351749539595,71.45488029465929,12.753222836095764,85.2670349907919,16.16022099447514,40.699815837937386,24.49355432780847,61.46408839779005,14.042357274401473,497.86428571428576,499.9869674185463,527.9166666666666,512.9723057644111,601.3157894736842,528.0112030075188,1596,26.519337016574585,33.47145488029466,1596,Nordeste
2602100,Bom Conselho,PE,1780,532,2.6258426966292134,79.7752808988764,14.04494382022472,95.0,23.202247191011235,50.56179775280899,15.505617977528091,63.76404494382022,20.730337078651687,477.0385650224215,479.8270553064275,505.74334828101644,482.72503736920777,562.6756352765321,501.6019282511211,1338,24.831460674157302,29.8876404494382,1338,Nordeste
2602209,Bom Jardim,PE,1461,514,2.597535934291581,81.38261464750171,15.12662559890486,92.1971252566735,24.914442162902123,46.1327857631759,14.852840520191648,64.8186173853525,20.32854209445585,479.2733971291866,489.41062200956935,513.1631578947369,494.4380861244019,568.8421052631579,509.0254736842105,1045,28.47364818617385,35.1813826146475,1045,Nordeste
2602308,Bonito,PE,1750,527,2.5748571428571427,81.6,13.37142857142857,94.8,23.02857142857143,44.68571428571428,14.457142857142857,67.54285714285714,18.0,475.9385,481.79583333333335,509.3715,492.34175,580.9833333333333,508.0861833333334,1200,31.428571428571427,30.114285714285714,1200,Nordeste
2602605,Brejo da Madre de Deus,PE,694,183,2.5244956772334293,76.94524495677233,20.028818443804035,90.77809798270894,23.054755043227665,41.64265129682997,20.028818443804035,59.94236311239193,20.028818443804035,484.950303030303,497.23292929292927,519.4951515151515,502.0840404040404,585.1717171717172,517.7868282828283,495,28.674351585014414,26.368876080691646,495,Nordeste
2602902,Cabo de Santo Agostinho,PE,5063,944,1.9132925143195734,64.72447165712029,8.848508789255384,82.8362630851274,11.929685956942524,22.990321943511752,33.813944301797356,59.431167292119305,6.754888406083349,487.77336077624227,493.6945604234049,522.0638047633049,488.63372537488976,549.997059688327,508.43250220523373,3401,32.82638751728224,18.64507209164527,3401,Nordeste
2603009,Cabrobó,PE,2447,680,2.6804250102165916,83.61258684102984,23.171230077646097,96.89415610952187,31.058438904781365,33.30608908868002,13.363302002451983,63.342868818961996,23.293829178586023,460.5692307692308,459.080920654149,481.7771653543307,450.22259236826164,470.3210175651121,464.3941853422169,1651,32.52962811606048,27.78912954638333,1651,Nordeste
2603207,Caetés,PE,1130,296,2.724778761061947,81.76991150442477,13.539823008849558,96.19469026548673,24.24778761061947,56.725663716814154,12.300884955752213,66.72566371681415,20.97345132743363,485.7645939086294,488.2163705583756,511.7503807106599,485.75901015228425,532.258883248731,500.74984771573605,788,30.265486725663713,26.194690265486724,788,Nordeste
2603454,Camaragibe,PE,6006,1091,1.9060939060939062,61.33866133866134,9.44055944055944,78.87112887112887,13.436563436563437,27.522477522477523,35.33133533133533,56.776556776556774,7.892107892107893,495.68364146969344,500.52349637257197,526.4901006318746,499.2061783290428,562.6679148139481,516.9142663234262,4273,28.85447885447886,18.165168165168165,4273,Nordeste
2603900,Carnaíba,PE,1174,373,2.533219761499148,79.13117546848382,14.224872231686541,98.04088586030664,22.657580919931856,39.26746166950596,16.43952299829642,66.6098807495741,16.950596252129472,476.81162514828,478.7429418742586,510.7111506524318,503.27188612099644,542.1826809015421,502.34405693950174,843,28.194207836456563,31.771720613287908,843,Nordeste
2603926,Carnaubeira da Penha,PE,608,118,2.6546052631578947,80.75657894736842,21.710526315789476,99.3421052631579,28.125,35.526315789473685,12.993421052631579,65.625,21.38157894736842,463.39424460431655,467.88009592326136,481.7585131894484,453.8462829736211,523.884892086331,478.15280575539566,417,31.41447368421053,19.407894736842106,417,Nordeste
2604007,Carpina,PE,3082,631,1.9928617780661908,64.27644386761843,10.739779364049319,81.24594419208306,16.482803374432187,26.54120700843608,34.42569759896171,55.256327060350415,10.317975340687866,495.3514646237043,502.8575033799009,526.4930599369086,513.1789544840018,573.6097341144659,522.2981433077963,2219,28.001297858533427,20.47371836469825,2219,Nordeste
2604106,Caruaru,PE,13341,3669,1.85151038153062,59.87557154636084,8.22277190615396,70.90922719436324,11.475901356719886,34.66756614946406,38.3179671688779,52.8296229667941,8.852409864328012,508.5607260726073,516.8831683168316,539.7566698605344,531.3112104758864,618.9800915575429,543.0983732566806,9393,29.592984034180347,27.501686530245106,9393,Nordeste
2604205,Catende,PE,1564,363,2.4699488491048593,80.56265984654732,13.682864450127877,95.01278772378517,21.675191815856778,36.0613810741688,17.007672634271103,67.71099744245525,15.281329923273656,474.6443378119002,478.93857965451053,508.95681381957775,480.06458733205375,552.9558541266795,499.11203454894434,1042,33.37595907928389,23.209718670076725,1042,Nordeste
2605004,Cupira,PE,1041,338,2.4245917387127762,78.86647454370798,9.510086455331413,93.46781940441883,13.544668587896252,47.070124879923156,17.675312199807877,70.02881844380403,12.295869356388089,483.60654088050313,491.128679245283,516.9100628930818,502.82427672955976,599.1698113207547,518.7278742138365,795,23.63112391930836,32.468780019212296,795,Nordeste
2605103,Custódia,PE,1035,326,2.466666666666667,76.32850241545893,14.589371980676328,92.17391304347827,26.473429951690818,37.10144927536232,20.966183574879228,59.806763285024154,19.22705314009662,486.55518207282915,487.9421568627451,513.8707282913166,484.7197478991597,529.1596638655462,500.44949579831933,714,31.01449275362319,31.4975845410628,714,Nordeste
2605202,Escada,PE,1626,408,2.1912669126691267,77.98277982779828,15.805658056580565,79.21279212792129,17.466174661746617,28.65928659286593,25.030750307503073,62.36162361623616,12.607626076260765,474.0513058129739,485.9605728727885,510.04473462510526,476.88576242628477,540.2358887952822,497.43565290648695,1187,26.998769987699877,25.092250922509223,1187,Nordeste
2605301,Exu,PE,1607,440,2.6496577473553207,82.26509023024269,17.859365276913504,97.26197884256378,27.13130056004978,40.44803982576229,13.690105787181084,64.71686372121967,21.59303049159925,475.69827444535747,478.4261298274445,502.3718981101068,474.4654889071487,543.6811832374692,494.92859490550535,1217,24.26882389545737,27.380211574362168,1217,Nordeste
2605459,Fernando de Noronha,PE,63,19,1.7619047619047619,46.03174603174603,22.22222222222222,87.3015873015873,0.0,20.634920634920633,47.61904761904761,47.61904761904761,4.761904761904762,514.5666666666666,512.7619047619048,538.1190476190476,530.5880952380952,461.42857142857144,511.49285714285713,42,33.333333333333336,30.158730158730158,42,Nordeste
2605707,Floresta,PE,1656,334,2.4456521739130435,76.50966183574879,15.157004830917876,97.16183574879227,25.06038647342995,30.676328502415455,18.96135265700483,65.15700483091787,15.881642512077295,474.7197725284339,472.80717410323706,497.4743657042869,464.14155730533685,523.4645669291339,486.5214873140858,1143,30.978260869565222,20.169082125603865,1143,Nordeste
2606002,Garanhuns,PE,8685,2254,2.1506044905008634,65.7915947035118,9.833045480713874,85.31951640759931,16.557282671272308,37.55900978698906,29.199769717904434,58.05411629245826,12.746113989637307,497.09538337368843,503.2193704600484,528.5466343825666,511.2421791767554,575.6674737691687,523.1542082324455,6195,28.670120898100173,25.95279217040875,6195,Nordeste
2606101,Glória do Goitá,PE,1187,289,2.5425442291491156,83.31929233361416,19.62931760741365,90.48020219039596,25.021061499578767,35.80454928390901,15.922493681550126,63.60572872788543,20.47177759056445,468.110447761194,472.86293532338306,497.2371890547264,477.87599502487564,502.81094527363183,483.77950248756224,804,32.26621735467565,24.34709351305813,804,Nordeste
2606200,Goiana,PE,2839,691,1.970059880239521,69.88376188798873,11.201127157449806,75.83656216977809,14.829165199013739,25.255371609721735,33.568157802042975,57.30891158858753,9.122930609369497,480.93455549974885,486.3487192365646,512.701305876444,484.47840281265695,553.902561526871,503.6731089904571,1991,29.869672419866145,24.339556181754137,1991,Nordeste
2606408,Gravatá,PE,3057,829,2.114491331370625,70.19954203467452,13.47726529277069,76.84003925417076,14.91658488714426,36.015701668302256,30.12757605495584,56.395158652273466,13.47726529277069,494.92154195011335,502.9375056689342,529.4929705215419,512.569433106576,592.4263038548753,526.4695510204082,2205,27.870461236506383,27.118089630356558,2205,Nordeste
2606606,Ibimirim,PE,919,249,2.7214363438520133,83.89553862894451,16.430903155603918,97.71490750816105,31.991294885745376,42.110990206746465,12.948857453754082,63.003264417845486,24.047878128400434,470.3419898819561,467.1920741989882,494.4627318718382,468.8183811129848,500.6408094435076,480.29119730185494,593,35.47334058759522,27.094668117519046,593,Nordeste
2606804,Igarassu,PE,4024,895,2.0047216699801194,69.01093439363817,10.36282306163022,82.50497017892644,14.78628230616302,23.807157057654074,29.82107355864811,61.58051689860835,8.59840954274354,487.4264716126785,490.9037617554859,516.7271334029955,484.42250087077673,534.622082897945,502.8203901079763,2871,28.6530815109344,22.241550695825048,2871,Nordeste
2607208,Ipojuca,PE,2046,416,1.998533724340176,69.35483870967742,9.775171065493646,84.89736070381232,10.166177908113392,25.65982404692082,28.641251221896386,64.76050830889541,6.598240469208211,481.4952602952603,485.6029526029526,515.9511266511266,485.1965034965035,537.3737373737374,501.1239160839161,1287,37.096774193548384,20.332355816226784,1287,Nordeste
2607307,Ipubi,PE,862,201,2.7215777262180976,83.4106728538283,24.94199535962877,95.93967517401391,25.290023201856147,42.5754060324826,12.645011600928074,62.52900232018561,24.825986078886313,471.33477564102566,476.41762820512815,493.2416666666667,477.00048076923076,564.1346153846154,496.4258333333334,624,27.610208816705338,23.317865429234338,624,Nordeste
2607653,Itambé,PE,1872,452,2.498931623931624,76.6025641025641,19.444444444444446,93.96367521367522,17.147435897435898,42.73504273504273,18.58974358974359,63.56837606837607,17.84188034188034,480.8567131327953,482.7180484225972,506.8087307410125,482.0635363169479,561.7754952311078,502.8445047688922,1363,27.190170940170944,24.145299145299145,1363,Nordeste
2607901,Jaboatão dos Guararapes,PE,14956,2915,1.8325086921636802,60.40385129713827,9.334046536507087,75.18721583311046,13.018186680930729,25.307568868681468,38.21208879379513,54.07863064990639,7.709280556298475,495.39867745004756,503.8400951474786,529.8646907706947,507.0153472882968,570.871550903901,521.3980723120837,10510,29.727199786039048,19.4905054827494,10510,Nordeste
2608503,Lagoa de Itaenga,PE,749,221,2.3724966622162884,75.03337783711615,13.618157543391188,91.45527369826435,15.620827770360481,41.52202937249666,19.893190921228303,66.08811748998666,14.018691588785046,481.99838709677414,494.252688172043,513.0089605734767,499.62222222222226,572.7598566308244,512.3284229390681,558,25.500667556742318,29.506008010680908,558,Nordeste
2608750,Lagoa Grande,PE,870,172,2.5011494252873563,80.22988505747126,17.81609195402299,95.86206896551724,16.666666666666664,39.54022988505747,16.436781609195403,67.1264367816092,16.436781609195403,471.6309222423146,475.6289330922242,499.893670886076,474.5424954792043,518.5895117540687,488.05710669077763,553,36.4367816091954,19.770114942528735,553,Nordeste
2608800,Lajedo,PE,2297,713,2.539399216369177,77.71005659555942,16.412712233347847,88.28907270352634,22.81236395298215,48.71571615150196,18.632999564649545,60.818458859381806,20.548541575968652,487.8342648845686,495.35455650060754,516.7692588092344,497.51567436208995,581.1300121506683,515.7207533414338,1646,28.3413147583805,31.040487592511973,1646,Nordeste
2608909,Limoeiro,PE,3197,965,2.1110416015014075,70.47231779793557,11.072880825774163,77.94807632155145,17.391304347826086,34.21958085705349,29.871754770096963,57.272442915233036,12.855802314670003,496.1965002134016,503.195390524968,524.4773367477593,523.2673495518566,592.5736235595391,527.9420401195049,2343,26.712543009071,30.184548013762903,2343,Nordeste
2609006,Macaparana,PE,1179,330,2.486005089058524,81.25530110262935,11.789652247667515,95.16539440203562,19.253604749787957,41.13655640373198,15.267175572519085,70.0593723494487,14.67345207803223,481.64018801410106,488.2971797884842,507.77121034077555,493.9310223266745,580.1645123384254,510.36082256169215,851,27.82018659881256,27.989821882951656,851,Nordeste
2609303,Mirandiba,PE,610,119,2.554098360655738,80.0,19.508196721311474,97.70491803278688,25.901639344262296,32.295081967213115,15.901639344262295,65.40983606557377,18.688524590163937,469.6178313253012,477.1913253012048,495.64939759036145,468.7742168674699,493.8313253012048,481.01281927710846,415,31.967213114754102,19.508196721311474,415,Nordeste
2609402,Moreno,PE,1859,424,2.025820333512641,67.83216783216784,11.834319526627219,78.42926304464766,14.90048413125336,29.585798816568047,31.791285637439483,58.25712748789672,9.951586874663798,484.40542635658915,494.31248062015504,516.3156589147286,490.06062015503875,579.7209302325581,512.9630232558139,1290,30.607853684776764,22.807961269499728,1290,Nordeste
2609501,Nazaré da Mata,PE,1739,423,2.218516388729155,74.41058079355952,10.695802185163886,89.1891891891892,12.823461759631972,34.7326049453709,23.57676825761932,65.89994249568718,10.523289246693503,478.38936335403724,491.81451863354033,513.7791925465839,490.6374223602484,575.8074534161491,510.0855900621118,1288,25.934445083381252,24.324324324324326,1288,Nordeste
2609600,Olinda,PE,10608,2402,1.6270739064856712,54.355203619909496,8.861236802413273,67.09087481146304,11.887254901960784,20.51282051282051,46.04072398190045,47.3604826546003,6.598793363499246,499.20647725791736,504.77171901472695,531.8726052391503,511.962739476085,580.4874234328164,525.6601928841392,7673,27.667797888386126,22.643288084464555,7673,Nordeste
2609709,Orobó,PE,1238,366,2.607431340872375,81.09854604200322,11.954765751211632,93.45718901453958,25.44426494345719,48.78836833602585,14.135702746365105,67.93214862681745,17.932148626817447,478.8052744886975,479.1466092572659,504.9228202368138,481.07018299246505,552.9601722282024,499.3810118406889,929,24.959612277867528,29.563812600969307,929,Nordeste
2609907,Ouricuri,PE,3193,925,2.4462887566551834,76.63639210773567,17.444409646100844,91.45004697776386,22.831193235202004,36.26683369871594,21.139993736298152,60.569996868149076,18.290009395552772,479.02522123893806,480.2578761061947,503.41088495575224,478.2468584070796,518.0088495575221,491.78993805309733,2260,29.22016911994989,28.969621046038206,2260,Nordeste
2610004,Palmares,PE,2770,602,2.26101083032491,77.90613718411552,11.87725631768953,86.28158844765343,18.15884476534296,31.87725631768953,23.176895306859205,64.72924187725631,12.093862815884476,472.42053209947943,481.7593406593407,506.8525737420474,478.4438403701562,530.9080393290919,494.07686524002315,1729,37.581227436823106,21.732851985559567,1729,Nordeste
2610202,Panelas,PE,1362,455,2.6923641703377386,84.58149779735683,16.886930983847286,94.7136563876652,26.651982378854626,46.40234948604993,12.995594713656388,64.53744493392071,22.46696035242291,472.5924949290061,481.3634888438134,507.5317444219067,488.46156186612575,568.6409736308317,503.7180527383367,986,27.606461086637303,33.40675477239354,986,Nordeste
2610400,Parnamirim,PE,506,170,2.484189723320158,76.28458498023716,14.42687747035573,94.0711462450593,32.21343873517787,31.422924901185773,17.391304347826086,65.41501976284584,17.193675889328063,473.65702247191007,478.7466292134831,502.5095505617977,473.9719101123595,502.64044943820227,486.30511235955055,356,29.64426877470355,33.59683794466403,356,Nordeste
2610509,Passira,PE,1535,502,2.6416938110749184,83.32247557003257,16.677524429967427,92.83387622149837,23.12703583061889,48.20846905537459,13.745928338762214,65.60260586319218,20.651465798045603,475.57629757785463,477.2256920415225,501.59619377162625,478.42621107266433,502.6470588235294,487.09429065743944,1156,24.690553745928334,32.703583061889255,1156,Nordeste
2610608,Paudalho,PE,1388,254,2.224063400576369,73.4149855907781,9.94236311239193,89.33717579250721,15.129682997118154,34.5821325648415,23.12680115273775,65.99423631123919,10.878962536023055,479.4677694770544,483.4713980789755,510.44589114194235,487.28847385272144,538.4418356456777,499.8230736392743,937,32.49279538904899,18.29971181556196,937,Nordeste
2610707,Paulista,PE,9202,1909,1.6561617039773961,57.096283416648554,7.922190828080852,68.8871984351228,12.38861117148446,19.321886546402954,45.609650076070416,48.25038035209737,6.139969571832211,495.9956146983215,504.1591713292001,532.4284742174505,506.3592015726599,576.5371238469681,523.09591713292,6613,28.135188002608125,20.74549011084547,6613,Nordeste
2610905,Pesqueira,PE,3034,610,2.4825313117996046,75.67567567567568,14.601186552406064,92.5510876730389,23.335530652603822,42.08965062623599,20.10547132498352,61.43704680290046,18.45748187211602,483.43331690487923,489.67757516017747,515.8493839329719,492.96426811237063,540.6801379990143,504.5209364218827,2029,33.12458800263678,20.10547132498352,2029,Nordeste
2611002,Petrolândia,PE,2087,444,2.340201245807379,72.44849065644465,15.237182558696693,96.7896502156205,18.974604695735504,30.570196454240538,21.8016291327264,63.34451365596549,14.853857211308096,477.9169965870307,479.7944709897611,506.5082593856655,484.5829351535836,536.641638225256,497.0888600682594,1465,29.803545759463347,21.274556780067083,1465,Nordeste
2611101,Petrolina,PE,14663,3178,1.7949942030962287,56.1413080542863,9.234126713496556,77.78080883857328,10.107072222601104,26.236104480665624,39.74630021141649,53.3110550364864,6.942644752097116,511.5643843965867,516.6176147907355,537.1713327915481,532.3132872815928,588.3035351483137,537.1940308817553,9844,32.86503444042829,21.673600218236377,9844,Nordeste
2611606,Recife,PE,54757,12748,1.4446737403437004,45.94663695965813,7.902186021878481,61.330971382654276,9.46910897236883,19.818470697810326,52.57957886662893,41.80104826780138,5.619372865569699,517.1271646112879,525.7298508234442,548.517128157398,550.9353525168697,609.8058377931177,550.4230667804235,38679,29.362455941706077,23.281041693299485,38679,Nordeste
2611804,Ribeirão,PE,1448,374,2.265193370165746,77.20994475138122,15.953038674033149,78.1767955801105,22.92817679558011,32.251381215469614,26.174033149171272,56.83701657458563,16.988950276243095,472.81968031968034,474.88591408591407,500.15384615384613,471.72017982017985,570.9290709290709,498.10173826173826,1001,30.870165745856347,25.828729281767952,1001,Nordeste
2611903,Rio Formoso,PE,1108,255,2.2129963898916967,77.07581227436823,12.184115523465703,91.60649819494586,13.537906137184116,26.895306859205775,21.660649819494584,69.13357400722022,9.2057761732852,475.3898491083676,477.36694101508914,503.2054869684499,475.31550068587103,532.153635116598,492.68628257887514,729,34.205776173285194,23.014440433212997,729,Nordeste
2612208,Salgueiro,PE,3626,1096,2.23138444567016,69.52564809707667,12.355212355212355,94.26365140650856,17.78819635962493,29.20573634859349,25.3723110865968,62.410369553226694,12.217319360176502,483.9913141993958,485.50777945619336,509.12854984894255,500.913746223565,536.6540785498489,503.23909365558916,2648,26.971869829012686,30.2261445118588,2648,Nordeste
2612505,Santa Cruz do Capibaribe,PE,3615,1017,2.1504840940525587,71.53526970954357,8.962655601659751,76.2655601659751,12.033195020746888,46.251728907330566,27.828492392807746,61.82572614107884,10.345781466113415,495.0825490196078,503.13337254901967,527.4469411764705,508.9978823529412,581.7725490196078,523.2866588235294,2550,29.460580912863065,28.13278008298755,2550,Nordeste
2612604,Santa Maria da Boa Vista,PE,1384,363,2.51228323699422,82.08092485549133,18.352601156069365,95.44797687861272,24.783236994219653,30.5635838150289,15.028901734104046,68.42485549132948,16.546242774566476,461.94989270386264,457.50450643776827,481.06791845493564,441.1494635193133,455.47210300429185,459.42877682403434,932,32.65895953757225,26.228323699421964,932,Nordeste
2613008,São Bento do Una,PE,1170,279,2.505128205128205,77.94871794871796,15.897435897435896,92.47863247863248,21.53846153846154,42.64957264957265,17.863247863247864,64.1880341880342,17.94871794871795,491.3348271446863,497.4955185659411,522.6798975672215,511.62816901408445,564.5070422535211,517.529090909091,781,33.24786324786325,23.846153846153847,781,Nordeste
2613107,São Caitano,PE,1095,261,2.431963470319635,77.99086757990867,15.616438356164384,85.2054794520548,17.899543378995432,46.48401826484018,19.360730593607308,64.01826484018265,16.621004566210047,491.2770806658131,495.91152368758003,519.756338028169,500.24686299615877,593.8028169014085,520.1989244558258,781,28.67579908675799,23.835616438356162,781,Nordeste
2613503,São José do Belmonte,PE,1200,359,2.5375,77.83333333333333,16.416666666666664,97.08333333333333,24.25,38.166666666666664,15.416666666666668,67.16666666666666,17.416666666666668,473.0030303030303,479.87846320346324,500.6640692640692,479.8641774891775,541.3636363636364,494.9546753246753,924,23.0,29.916666666666668,924,Nordeste
2613602,São José do Egito,PE,2330,728,2.347639484978541,72.3175965665236,9.184549356223176,96.48068669527898,19.399141630901287,37.381974248927044,20.94420600858369,66.09442060085837,12.96137339055794,488.2437645687646,491.0585081585082,518.661013986014,508.3196386946387,558.5664335664336,512.9698717948718,1716,26.3519313304721,31.244635193133046,1716,Nordeste
2613701,São Lourenço da Mata,PE,3572,549,2.155095184770437,68.81298992161254,12.402015677491601,88.26987681970884,16.153415453527437,29.871220604703247,26.56774916013438,62.681970884658455,10.750279955207166,486.1620268620269,494.6306471306471,519.7631257631258,487.5256003256003,539.6336996336996,505.54301994301994,2457,31.21500559910414,15.369540873460247,2457,Nordeste
2613909,Serra Talhada,PE,3461,844,2.066165848020803,66.07916787055764,10.054897428488877,83.1551574689396,16.151401329095638,31.175960704998555,30.569199653279398,58.4513146489454,10.97948569777521,496.12870065789474,495.2983141447368,521.79453125,508.1175575657894,565.7565789473684,517.4191365131579,2432,29.731291534238657,24.386015602427044,2432,Nordeste
2614105,Sertânia,PE,1015,318,2.445320197044335,73.79310344827587,13.793103448275861,93.30049261083744,23.842364532019705,39.80295566502463,20.0,63.34975369458128,16.65024630541872,478.74716981132076,480.7283018867925,506.76603773584907,471.40188679245284,539.5417789757413,495.4370350404313,742,26.89655172413793,31.330049261083744,742,Nordeste
2614501,Surubim,PE,3749,1198,2.189117097892771,72.31261669778608,10.882902107228594,76.44705254734596,16.271005601493734,42.99813283542278,27.820752200586824,59.24246465724193,12.936783142171246,492.3062049062049,500.53827561327563,524.0436147186147,517.6656565656566,610.8152958152958,529.0738095238096,2772,26.060282742064555,31.955188050146706,2772,Nordeste
2614600,Tabira,PE,1664,490,2.453125,74.0985576923077,10.036057692307693,97.11538461538461,24.338942307692307,39.72355769230769,18.870192307692307,64.48317307692307,16.646634615384613,488.00649137222683,491.05036976170913,518.5271980279375,510.6005751848809,569.2851273623664,515.4939523418242,1217,26.86298076923077,29.447115384615387,1217,Nordeste
2615300,Timbaúba,PE,2284,665,2.293782837127846,73.4676007005254,13.17863397548161,87.04028021015762,18.432574430823117,37.25919439579685,23.59894921190893,62.478108581436075,13.922942206654993,481.89152063312605,485.2539853024308,507.73968343697004,498.5847371396269,594.3131712832109,513.5566195590729,1769,22.548161120840625,29.115586690017516,1769,Nordeste
2615706,Triunfo,PE,1039,311,2.256977863330125,68.7199230028874,12.800769971126083,94.6102021174206,17.901828681424448,31.665062560153995,24.831568816169394,63.33012512030799,11.838306063522618,491.60308087291395,496.7802310654685,519.0801026957638,510.7424903722722,574.7368421052631,518.5885494223363,779,25.024061597690086,29.93262752646776,779,Nordeste
2616308,Vicência,PE,718,167,2.3802228412256268,80.77994428969359,11.977715877437326,93.59331476323119,16.434540389972145,35.23676880222841,18.802228412256266,68.66295264623955,12.534818941504177,478.6551257253385,479.04410058027077,507.1845261121857,474.8195357833656,553.4235976789168,498.6253771760155,517,27.99442896935933,23.25905292479109,517,Nordeste
2616407,Vitória de Santo Antão,PE,4143,1040,1.9133478155925658,65.89427950760319,10.161718561428916,68.52522326816317,14.554670528602461,32.198889693458845,36.7366642529568,52.90852039584843,10.354815351194786,499.3635241686664,508.097188892698,527.8094274940007,512.9363729859444,592.6911210147412,528.1795269112101,2917,29.592083031619598,25.102582669563116,2917,Nordeste
2700102,Água Branca,AL,1058,182,2.7533081285444236,84.12098298676749,21.361058601134218,96.40831758034027,25.42533081285444,48.01512287334593,10.964083175803403,65.31190926275993,23.72400756143667,462.6586928104575,462.4816993464052,482.53869281045746,449.2905882352941,493.3071895424837,470.0553725490196,765,27.6937618147448,17.20226843100189,765,Nordeste
2700300,Arapiraca,AL,12663,2325,2.1605464739793097,66.13756613756614,13.353865592671562,78.87546395009082,14.996446339729921,42.69130537787254,30.221906341309325,55.21598357419253,14.562110084498144,497.3022737306843,506.2736754966887,526.6905077262693,515.4006401766004,581.2163355408388,525.3766865342163,9060,28.45297322909264,18.360578062070598,9060,Nordeste
2700409,Atalaia,AL,1030,169,2.5252427184466018,82.03883495145631,18.25242718446602,88.54368932038835,17.96116504854369,45.728155339805824,16.893203883495143,65.63106796116504,17.475728155339805,456.4686248331108,462.92630173564754,488.7102803738318,447.3329773030708,479.51935914552735,466.99150867823766,749,27.281553398058257,16.40776699029126,749,Nordeste
2700706,Batalha,AL,1378,283,2.6901306240928884,84.83309143686503,24.963715529753266,93.90420899854863,19.448476052249635,45.86357039187228,12.69956458635704,64.29608127721336,23.00435413642961,463.3730964467005,466.7232487309645,490.0601015228427,457.90162436548223,463.005076142132,468.21262944162436,985,28.519593613933235,20.53701015965167,985,Nordeste
2701001,Boca da Mata,AL,1388,195,2.438040345821326,83.28530259365994,16.64265129682997,86.88760806916427,18.73198847262248,38.25648414985591,18.227665706051873,65.34582132564842,16.42651296829971,465.0922379032258,468.4482862903226,494.1897177419355,468.02701612903223,512.983870967742,481.7482258064516,992,28.530259365994237,14.048991354466859,992,Nordeste
2701407,Campo Alegre,AL,1226,184,2.4518760195758564,77.16150081566069,13.62153344208809,93.88254486133768,14.600326264274063,45.92169657422512,17.128874388254488,68.59706362153344,14.274061990212072,473.0619492656876,480.3129506008011,504.3651535380507,477.22429906542055,559.626168224299,498.9181041388518,749,38.907014681892335,15.00815660685155,749,Nordeste
2702306,Coruripe,AL,1688,222,2.322274881516588,79.62085308056872,11.61137440758294,94.54976303317537,11.018957345971565,35.42654028436019,17.298578199052134,72.98578199052133,9.715639810426541,473.38651488616466,476.30122591943956,505.2662872154115,477.07031523642735,527.6357267950963,491.9320140105079,1142,32.345971563981045,13.151658767772512,1142,Nordeste
2702405,Delmiro Gouveia,AL,2224,360,2.4968525179856114,75.94424460431655,18.075539568345324,90.15287769784173,20.728417266187048,44.7841726618705,19.964028776978417,59.577338129496404,20.45863309352518,476.801125,477.6411875,503.711375,465.22118750000004,514.95,487.66497499999997,1600,28.057553956834536,16.18705035971223,1600,Nordeste
2702900,Girau do Ponciano,AL,1992,450,2.862449799196787,82.27911646586345,24.949799196787147,91.06425702811245,32.58032128514056,55.3714859437751,14.056224899598394,55.12048192771084,30.823293172690764,470.26356589147287,477.43276955602533,496.25821000704724,468.3190274841437,528.9781536293165,488.25034531360114,1419,28.76506024096386,22.590361445783135,1419,Nordeste
2703106,Igaci,AL,1012,173,2.8349802371541504,83.99209486166008,23.3201581027668,95.25691699604744,28.952569169960473,51.976284584980235,11.264822134387352,61.75889328063241,26.976284584980238,469.5832460732984,474.42539267015707,494.1399214659686,462.6446335078534,523.5602094240837,484.8706806282723,764,24.505928853754945,17.094861660079054,764,Nordeste
2704302,Maceió,AL,34970,6700,1.592851015155848,54.56677151844438,9.745496139548186,58.573062625107234,9.493851873034028,26.90591935945096,47.738061195310266,44.97855304546754,7.28338575922219,504.7598689031838,513.3665133132481,535.3462706619982,520.0463805879,594.3351518605976,533.5708370653856,24562,29.762653703174145,19.15927938232771,24562,Nordeste
2704708,Marechal Deodoro,AL,1692,242,2.100472813238771,69.91725768321513,13.534278959810875,83.62884160756501,9.456264775413711,33.51063829787234,28.073286052009454,61.406619385342786,10.520094562647754,493.27948717948715,497.8131741821397,521.9328912466843,489.1825817860301,538.0194518125553,508.0455172413793,1131,33.156028368794324,14.30260047281324,1131,Nordeste
2705002,Mata Grande,AL,1366,290,2.8140556368960468,88.50658857979502,26.061493411420205,98.90190336749633,18.667642752562223,49.2679355783309,8.784773060029282,66.17862371888727,25.036603221083453,452.6191082802548,451.93025477707005,475.21571125265393,439.4424628450106,444.9893842887474,452.83938428874734,942,31.039531478770133,21.2298682284041,942,Nordeste
2705705,Olho d'Água das Flores,AL,1487,298,2.484868863483524,79.2871553463349,18.897108271687962,90.38332212508406,23.67182246133154,36.247478143913916,18.291862811028917,63.81977135171486,17.88836583725622,469.8739520958084,473.22694610778444,494.2054890219561,461.2632734530938,482.03592814371257,476.121117764471,1002,32.616005379959645,20.04034969737727,1002,Nordeste
2706307,Palmeira dos Índios,AL,3886,759,2.346371590324241,74.57539886773031,15.92897581060216,84.14822439526506,20.58672156459084,39.39783839423572,23.59752959341225,59.547092125579006,16.855378281008747,476.7253938484621,480.39527381845465,502.6297824456114,476.99437359339834,522.9182295573894,491.9326106526632,2666,31.394750386001025,19.53165208440556,2666,Nordeste
2706703,Penedo,AL,2768,514,2.4020953757225434,77.20375722543352,18.316473988439306,85.58526011560693,22.07369942196532,37.03034682080925,22.615606936416185,58.887283236994215,18.497109826589593,473.5620521172639,477.1440825190011,501.1762214983713,468.4413137893594,517.2204125950054,487.50881650380023,1842,33.45375722543352,18.569364161849713,1842,Nordeste
2706901,Pilar,AL,1567,247,2.204211869814933,75.43075941289088,13.082322910019146,86.72622846202935,13.91193363114231,31.26994256541161,24.186343331206125,64.32673899170389,11.48691767708998,476.0156069364162,483.2506743737958,509.8293834296725,476.2553949903661,506.47398843930637,490.36500963391137,1038,33.75877472878111,15.762603701340142,1038,Nordeste
2707305,Porto Calvo,AL,1876,304,2.365138592750533,81.50319829424308,15.351812366737741,93.07036247334754,14.072494669509595,32.51599147121535,17.430703624733475,71.37526652452026,11.194029850746269,456.34474650991916,466.1694342395297,487.0724467303453,448.11219691403375,452.18221895664954,461.9762086700955,1361,27.452025586353944,16.204690831556505,1361,Nordeste
2707701,Rio Largo,AL,3485,526,2.173601147776184,74.49067431850789,10.329985652797705,86.80057388809182,11.850789096126256,33.888091822094694,23.701578192252512,67.48923959827835,8.809182209469153,478.20472885032535,486.76685466377444,512.9639913232104,475.9108026030368,528.3470715835141,496.4386898047722,2305,33.85939741750359,15.09325681492109,2305,Nordeste
2708006,Santana do Ipanema,AL,2816,480,2.55859375,78.0184659090909,22.54971590909091,89.48863636363636,23.046875,42.75568181818182,19.673295454545457,56.99573863636363,23.33096590909091,472.66367924528305,477.5393605870021,495.82861635220127,468.2083333333333,470.7337526205451,476.99474842767296,1908,32.24431818181818,17.045454545454543,1908,Nordeste
2708402,São José da Tapera,AL,1709,440,2.82387361029842,84.37682855471036,25.336454066705677,92.04212990052663,30.42715038033938,50.20479812755998,13.165593914569923,58.51375073142189,28.32065535400819,460.4116814159292,468.14831858407075,489.42477876106193,452.88353982300885,474.5840707964602,469.0904778761062,1130,33.879461673493275,25.74605032182563,1130,Nordeste
2708501,São Luís do Quitunde,AL,2113,285,2.423095125414103,82.11074301940369,15.144344533838144,92.47515380974917,13.109323237103643,39.46994794131567,15.806909607193564,71.84098438239471,12.352106010411736,462.4963773584905,469.8449811320755,494.27169811320755,454.5367547169811,480.63396226415097,472.3567547169811,1325,37.29294841457643,13.487931850449597,1325,Nordeste
2708600,São Miguel dos Campos,AL,1920,298,2.0859375,70.05208333333334,11.5625,82.29166666666666,10.46875,34.21875,27.447916666666668,63.38541666666667,9.166666666666666,483.6735339506173,492.6173611111111,516.7222222222222,486.9667438271605,553.395061728395,506.6749845679013,1296,32.49999999999999,15.520833333333334,1296,Nordeste
2709152,Teotônio Vilela,AL,2048,389,2.46142578125,75.390625,15.8203125,95.751953125,16.650390625,42.529296875,18.115234375,66.40625,15.478515625,485.279221732746,490.76505139500733,513.3290748898678,487.74765051395013,570.2643171806168,509.4770631424376,1362,33.49609375,18.994140625,1362,Nordeste
2709202,Traipu,AL,675,116,2.819259259259259,84.5925925925926,21.925925925925927,94.96296296296296,30.814814814814817,49.629629629629626,12.296296296296298,58.22222222222222,29.48148148148148,457.53126213592236,462.65339805825244,479.19339805825246,449.2429126213592,458.6407766990291,461.4523495145631,515,23.703703703703706,17.185185185185183,515,Nordeste
2709301,União dos Palmares,AL,4211,826,2.4789836143433863,79.55355022559962,16.385656613630967,89.55117549275707,19.63904060793161,42.76893849441938,19.092852054143908,62.882925670862036,18.024222274994063,465.1672108843538,468.5578231292517,492.57962585034016,458.1674149659864,476.96598639455783,472.28761224489796,2940,30.182854428876748,19.615293279506055,2940,Nordeste
2709400,Viçosa,AL,2232,438,2.5730286738351253,82.52688172043011,19.84767025089606,90.14336917562724,22.087813620071685,42.69713261648745,16.084229390681003,62.72401433691756,21.19175627240143,464.11081619110814,470.2307896483079,494.2753815527538,456.8819508958195,518.7392169873922,480.8476310550763,1507,32.482078853046595,19.623655913978492,1507,Nordeste
2800308,Aracaju,SE,28460,6816,1.5136683063949403,48.9950808151792,10.137034434293746,59.30077301475756,9.399156711173577,23.53478566408995,50.72382290934645,42.3330990864371,6.943078004216444,515.6466453044121,525.2279566181908,543.5324476213951,529.3073502588119,626.7941828937638,548.1017165393148,20285,28.724525650035137,23.949402670414617,20285,Nordeste
2800506,Areia Branca,SE,428,100,2.4883177570093458,78.27102803738318,17.289719626168225,91.58878504672897,15.887850467289718,45.794392523364486,14.485981308411214,72.66355140186917,12.850467289719624,475.0049668874172,482.2582781456954,499.02152317880797,456.3619205298013,540.0,490.5293377483444,302,29.439252336448597,23.364485981308412,302,Nordeste
2800670,Boquim,SE,1429,414,2.6298110566829953,80.82575227431771,24.4926522043387,90.76277116864941,26.312106368089573,40.587823652904135,16.30510846745976,60.81175647305809,22.883135059482154,474.93966635773864,481.8151992585727,503.7842446709916,475.3555143651529,586.4504170528267,504.46900834105656,1079,24.492652204338693,28.97130860741777,1079,Nordeste
2801009,Campo do Brito,SE,1153,336,2.5836947094535994,77.88378143972247,24.024284475281874,89.85255854293148,18.73373807458803,47.875108412836084,16.65221162185603,61.57849089332177,21.769297484822204,485.4168327796235,489.7065337763012,509.5050941306755,483.40022148394246,584.6290143964562,510.5315393133998,903,21.68256721595837,29.141370338248045,903,Nordeste
2801207,Canindé de São Francisco,SE,1368,334,2.4744152046783627,74.48830409356725,16.593567251461987,92.61695906432749,16.666666666666664,47.07602339181287,20.248538011695906,61.40350877192983,18.34795321637427,483.801246105919,484.46926272066463,508.11048805815165,473.0257528556594,530.9241952232607,496.06618899273104,963,29.605263157894733,24.415204678362574,963,Nordeste
2801306,Capela,SE,1046,292,2.5831739961759084,80.87954110898661,26.577437858508606,83.36520076481835,27.055449330783937,40.43977055449331,20.363288718929255,55.16252390057361,24.47418738049713,464.54400510204084,466.1404336734694,487.6233418367347,449.9021683673469,535.1020408163265,480.6623979591837,784,25.04780114722753,27.915869980879542,784,Nordeste
2801405,Carira,SE,1067,280,2.9268978444236176,83.7863167760075,30.740393626991562,94.93908153701967,30.646672914714152,52.57731958762887,12.371134020618557,54.63917525773196,32.98969072164948,466.35655080213905,474.2882352941176,493.68569518716583,458.78636363636366,531.7379679144385,484.97096256684495,748,29.89690721649485,26.241799437675727,748,Nordeste
2801504,Carmópolis,SE,673,139,2.37444279346211,76.52303120356612,23.922734026745914,90.63893016344726,16.344725111441306,30.0148588410104,21.2481426448737,62.25854383358098,16.493313521545318,470.312915851272,477.8454011741683,498.6463796477495,457.60939334637965,522.6223091976517,485.4072798434442,511,24.07132243684993,20.65378900445765,511,Nordeste
2802106,Estância,SE,1985,476,2.087153652392947,68.96725440806046,18.18639798488665,70.88161209068011,17.279596977329977,33.40050377833753,33.75314861460957,51.939546599496225,14.307304785894207,488.5578179291174,495.51765114662965,520.0695621959694,487.3128561501042,578.9437109103544,514.080319666435,1439,27.506297229219147,23.97984886649874,1439,Nordeste
2802403,Gararu,SE,642,248,2.808411214953271,83.8006230529595,34.73520249221183,92.6791277258567,28.037383177570092,41.58878504672897,14.797507788161992,55.9190031152648,29.283489096573206,461.08804780876494,461.94880478087646,486.4348605577689,450.71394422310755,545.1792828685259,481.0729880478088,502,21.80685358255452,38.62928348909657,502,Nordeste
2802809,Indiaroba,SE,432,86,2.752314814814815,82.87037037037037,28.009259259259263,93.51851851851852,26.38888888888889,44.44444444444444,14.351851851851851,59.49074074074075,26.15740740740741,461.81254125412545,454.05709570957094,480.68118811881186,432.38580858085805,503.76237623762376,466.53980198019804,303,29.861111111111114,19.90740740740741,303,Nordeste
2802908,Itabaiana,SE,5103,1504,2.184989222026259,67.29374877523026,16.18655692729767,74.8971193415638,15.892612188908487,44.22888496962571,29.845189104448366,54.105428179502255,16.049382716049383,502.9663586413587,513.0382367632368,528.857992007992,514.35999000999,635.2897102897103,538.9024575424576,4004,21.536351165980793,29.47285910248873,4004,Nordeste
2803005,Itabaianinha,SE,1355,503,2.7461254612546124,80.22140221402213,33.80073800738007,86.05166051660517,25.092250922509223,49.44649446494465,18.228782287822877,50.03690036900369,31.73431734317343,468.39931972789117,478.431778425656,503.6999028182702,483.6165208940719,595.8406219630709,505.997628765792,1029,24.0590405904059,37.12177121771218,1029,Nordeste
2803203,Itaporanga d'Ajuda,SE,1127,253,2.5616681455190773,80.301685891748,19.077196095829635,93.5226264418811,19.875776397515526,43.38952972493345,14.108251996450754,67.70186335403726,18.189884649511978,464.8700483091788,470.13743961352657,492.7440821256038,445.90084541062805,532.8743961352657,481.3053623188406,828,26.530612244897956,22.448979591836736,828,Nordeste
2803302,Japaratuba,SE,689,153,2.2685050798258346,72.71407837445574,13.352685050798257,93.03338171262699,16.400580551523948,31.349782293178517,21.6255442670537,66.0377358490566,12.336719883889694,468.91219512195124,473.2328330206379,500.80150093808635,470.02908067542216,554.5590994371482,493.5069418386492,533,22.64150943396226,22.206095791001452,533,Nordeste
2803500,Lagarto,SE,4226,983,2.4335068622811167,70.53951727401798,15.238996687174634,91.5522953147184,18.291528632276385,47.72834831992428,21.154756270705157,61.38192143871273,17.463322290582113,491.65105055810903,502.2071897570585,521.8205843729481,494.67370321733426,616.1063690085358,525.2917793827971,3046,27.92238523426408,23.260766682442025,3046,Nordeste
2803609,Laranjeiras,SE,621,119,2.111111111111111,73.91304347826086,16.425120772946862,78.74396135265701,15.619967793880837,26.40901771336554,28.180354267310786,61.191626409017715,10.628019323671497,470.61356673960614,477.2562363238512,500.789715536105,457.33588621444204,553.2603938730854,491.85115973741796,457,26.409017713365536,19.162640901771336,457,Nordeste
2804003,Maruim,SE,680,118,2.302941176470588,75.88235294117646,21.176470588235293,86.76470588235294,16.176470588235293,30.294117647058822,24.705882352941178,59.26470588235294,16.029411764705884,465.5991919191919,477.0531313131313,501.5426262626263,447.1119191919192,524.2424242424242,483.1098585858586,495,27.20588235294118,17.352941176470587,495,Nordeste
2804201,Monte Alegre de Sergipe,SE,480,123,2.8895833333333334,82.70833333333333,32.083333333333336,94.375,25.0,54.79166666666667,12.291666666666666,57.291666666666664,30.416666666666664,473.309649122807,475.73304093567253,498.69502923976614,470.4154970760234,567.7777777777778,497.18619883040935,342,28.749999999999996,25.624999999999996,342,Nordeste
2804409,Neópolis,SE,1751,409,2.7178754997144488,85.32267275842375,27.184466019417474,95.60251284980012,23.986293546544832,39.69160479725871,11.936036550542548,64.19189034837235,23.872073101085096,453.9885451505017,453.3914715719063,478.9844481605351,433.6690635451505,482.75919732441474,460.5585451505017,1196,31.696173615077093,23.358081096516276,1196,Nordeste
2804458,Nossa Senhora Aparecida,SE,581,235,2.7314974182444063,81.58347676419966,27.36660929432014,95.86919104991394,16.867469879518072,51.46299483648882,12.392426850258175,64.54388984509465,23.06368330464716,466.4308026030369,473.80520607375274,495.8028199566161,456.6921908893709,569.4577006507592,492.4377440347071,461,20.654044750430288,40.44750430292599,461,Nordeste
2804508,Nossa Senhora da Glória,SE,1950,588,2.534871794871795,74.82051282051282,23.23076923076923,89.02564102564102,20.205128205128204,46.205128205128204,20.358974358974358,57.128205128205124,22.512820512820515,490.1626472626472,491.1822591822592,511.4144837144837,483.4155232155232,569.7851697851698,509.1920166320166,1443,26.0,30.153846153846153,1443,Nordeste
2804607,Nossa Senhora das Dores,SE,1320,325,2.6166666666666667,78.25757575757576,25.454545454545453,93.56060606060606,22.954545454545457,41.43939393939394,17.045454545454543,60.303030303030305,22.65151515151515,474.0087261785356,477.3386158475426,497.76599799398196,466.3394182547643,557.1715145436309,494.5248545636911,997,24.469696969696976,24.62121212121212,997,Nordeste
2804805,Nossa Senhora do Socorro,SE,4864,1000,2.1202713815789473,69.51069078947368,14.185855263157896,83.10032894736842,13.384046052631579,31.846217105263158,28.227796052631575,61.698190789473685,10.074013157894738,480.77558037026154,491.94475462826915,516.6606523655598,471.2404349103732,566.482515427564,505.4207875404055,3403,30.037006578947366,20.559210526315788,3403,Nordeste
2805406,Poço Redondo,SE,921,306,2.954397394136808,85.88490770901196,31.921824104234524,97.17698154180239,26.058631921824105,54.39739413680782,8.903365906623236,59.826275787187846,31.27035830618892,457.513470681458,464.1221870047543,482.3446909667195,440.0158478605388,510.96671949286844,470.99258320126785,631,31.48751357220413,33.22475570032573,631,Nordeste
2805505,Poço Verde,SE,1107,373,2.754290876242096,77.68744354110207,19.51219512195122,96.6576332429991,27.461607949412826,54.11020776874436,12.556458897922312,62.33062330623306,25.112917795844623,478.94709302325583,484.52302325581394,508.9813953488372,485.2097674418605,582.5813953488372,508.04853488372095,860,22.312556458897927,33.694670280036135,860,Nordeste
2805604,Porto da Folha,SE,806,317,3.0124069478908186,84.863523573201,41.43920595533499,91.06699751861042,38.95781637717122,44.91315136476427,12.655086848635236,49.13151364764268,38.21339950372209,455.6329246935201,451.90420315236423,477.5341506129597,446.65796847635727,478.28371278458843,462.00259194395795,571,29.15632754342432,39.33002481389578,571,Nordeste
2805703,Propriá,SE,3210,890,2.5090342679127726,80.0,28.286604361370713,81.27725856697819,23.05295950155763,38.28660436137072,21.806853582554517,54.797507788161994,23.39563862928349,465.23229974160205,472.57256675279933,492.79457364341084,463.24052540913004,548.9922480620155,488.5664427217916,2322,27.663551401869157,27.725856697819314,2322,Nordeste
2805901,Riachuelo,SE,527,69,2.592030360531309,79.88614800759012,36.24288425047438,95.44592030360532,15.559772296015181,32.06831119544592,15.939278937381404,63.75711574952562,20.30360531309298,463.2227642276423,464.0466124661247,484.58075880758804,436.80325203252033,488.2926829268293,467.3892140921409,369,29.98102466793169,13.092979127134724,369,Nordeste
2806701,São Cristóvão,SE,3400,512,2.0538235294117646,64.3529411764706,12.852941176470589,82.94117647058825,13.0,32.23529411764706,30.529411764705884,59.79411764705882,9.676470588235295,491.6458646616541,500.7419799498747,523.7870091896408,486.98395989974944,576.4745196324144,515.9266666666666,2394,29.58823529411765,15.058823529411763,2394,Nordeste
2807105,Simão Dias,SE,1458,346,2.5315500685871055,76.33744855967079,14.40329218106996,91.70096021947873,20.713305898491083,50.0,16.666666666666664,64.81481481481481,18.51851851851852,484.3188299817185,489.33071297989034,511.6094149908592,483.6443327239488,576.9652650822669,509.17371115173677,1094,24.96570644718793,23.73113854595336,1094,Nordeste
2807402,Tobias Barreto,SE,2090,625,2.5923444976076553,76.02870813397129,20.95693779904306,88.5645933014354,22.296650717703347,51.38755980861244,18.899521531100476,57.32057416267943,23.779904306220097,478.4089201877934,490.5409792085848,514.176391683434,488.32260228034875,593.7625754527163,513.0422937625755,1491,28.660287081339707,29.904306220095695,1491,Nordeste
2807600,Umbaúba,SE,1392,389,2.7291666666666665,83.33333333333334,31.60919540229885,86.56609195402298,23.347701149425287,48.060344827586206,16.020114942528735,56.03448275862068,27.945402298850574,470.1344521224087,476.1968410661402,500.69378084896346,459.05883514313916,552.0039486673247,491.61757156959527,1013,27.227011494252874,27.945402298850574,1013,Nordeste
2900702,Alagoinhas,BA,5928,962,2.020580296896086,66.78475033738192,14.035087719298245,76.58569500674763,17.44264507422402,27.209851551956817,33.24898785425101,54.63900134952766,12.112010796221323,492.3782468405485,498.12869050820115,520.9481849959667,482.83094917988706,558.0209733799409,510.46140898090886,3719,37.2638326585695,16.228070175438596,3719,Nordeste
2901007,Amargosa,BA,1934,440,2.358841778697001,73.2678386763185,18.40744570837642,85.57394002068253,19.54498448810755,39.0899689762151,22.80248190279214,59.87590486039297,17.32161323681489,485.31609862219,490.1547498187092,514.1609862219,479.36047860768673,555.0108774474256,504.80063814358226,1379,28.697001034126167,22.750775594622542,1379,Nordeste
2901106,Amélia Rodrigues,BA,780,142,2.23974358974359,72.82051282051282,15.128205128205128,88.2051282051282,19.102564102564102,28.717948717948715,24.487179487179485,62.56410256410256,12.94871794871795,469.94268292682926,476.0713414634146,507.775406504065,458.7058943089431,534.5528455284552,489.4096341463415,492,36.92307692307693,18.205128205128204,492,Nordeste
2901205,Anagé,BA,914,172,2.7571115973741795,84.02625820568927,14.989059080962802,96.82713347921225,26.58643326039387,53.282275711159734,10.61269146608315,66.41137855579868,22.975929978118163,473.3075117370892,475.9754303599374,499.62300469483563,462.1267605633803,536.5258215962441,489.5117057902973,639,30.087527352297595,18.818380743982495,639,Nordeste
2901304,Andaraí,BA,450,128,2.602222222222222,80.66666666666666,21.333333333333336,96.88888888888889,25.333333333333336,36.0,17.555555555555554,60.88888888888889,21.555555555555557,463.81114369501466,470.7551319648094,501.23108504398823,448.5272727272727,518.2991202346041,480.52475073313786,341,24.22222222222222,28.444444444444443,341,Nordeste
2901353,Andorinha,BA,518,110,2.332046332046332,74.7104247104247,16.988416988416986,69.88416988416989,27.7992277992278,43.82239382239382,28.57142857142857,52.702702702702695,18.725868725868725,484.9788888888889,483.2325,505.71972222222223,476.7352777777778,546.6666666666666,499.46661111111115,360,30.501930501930495,21.235521235521233,360,Nordeste
2902104,Araci,BA,1368,278,2.6198830409356724,80.33625730994152,20.321637426900587,88.59649122807018,30.263157894736842,42.47076023391813,17.543859649122805,56.65204678362573,25.804093567251464,470.12202166064986,471.6451263537906,492.9993983152828,451.84909747292414,504.7653429602888,478.27619735258725,831,39.25438596491229,20.321637426900587,831,Nordeste
2902609,Baixa Grande,BA,1314,355,2.898021308980213,84.70319634703196,25.95129375951294,94.90106544901066,38.43226788432268,45.81430745814307,12.100456621004566,55.17503805175038,32.724505327245055,466.635593220339,467.4479872881356,495.0680084745763,448.4592161016949,522.6906779661017,480.0602966101695,944,28.15829528158296,27.01674277016743,944,Nordeste
2902708,Barra,BA,1438,348,2.6147426981919333,80.5980528511822,21.07093184979138,89.01251738525731,31.84979137691238,38.94297635605007,17.941585535465926,57.71905424200278,24.33936022253129,457.75209003215434,461.50139335476956,481.20932475884246,436.2202572347267,483.7513397642015,464.0868810289389,933,35.11821974965229,24.200278164116828,933,Nordeste
2902807,Barra da Estiva,BA,1357,357,2.317612380250553,72.07074428887252,11.274871039056743,93.58879882092852,16.138540899042003,38.68828297715549,22.91820191599116,63.74355195283714,13.338246131171703,484.13767195767196,492.1998941798942,514.0024338624338,485.13291005291,565.1005291005291,508.11468783068784,945,30.361090641120114,26.308032424465733,945,Nordeste
2902906,Barra do Choça,BA,1104,156,2.579710144927536,79.43840579710145,14.221014492753623,96.37681159420289,19.202898550724637,48.731884057971016,13.043478260869565,69.7463768115942,17.21014492753623,474.8976011994003,483.1802098950525,503.57766116941525,459.4505247376312,521.8890554722639,488.5990104947526,667,39.583333333333336,14.130434782608695,667,Nordeste
2903201,Barreiras,BA,8469,1847,2.0149958672806707,61.47124808123745,13.177470775770455,84.57905301688511,12.256464753808006,30.01535010036604,33.20344786869761,56.27582949580824,10.520722635494154,491.11203687597845,500.9623934597321,520.6907288224039,490.5463210993216,597.6030614019829,520.1829083318838,5749,32.11713307356241,21.80895028929035,5749,Nordeste
2903409,Belmonte,BA,206,42,2.5,78.15533980582524,17.96116504854369,95.63106796116504,23.78640776699029,34.46601941747573,16.019417475728158,66.50485436893204,17.475728155339805,456.6923076923077,456.68384615384616,477.75307692307695,436.00384615384615,475.84615384615387,460.59584615384614,130,36.89320388349514,20.388349514563107,130,Nordeste
2903904,Bom Jesus da Lapa,BA,2478,540,2.2021791767554477,70.17756255044391,13.559322033898304,87.12671509281678,19.89507667473769,29.459241323648104,27.037933817594833,59.200968523002416,13.761097659402743,476.0044144696505,484.5444512568976,503.58994481912936,475.5827713059473,545.8859595340282,497.1215082771306,1631,34.18079096045198,21.791767554479417,1631,Nordeste
2904100,Boquira,BA,545,157,3.1871559633027524,88.62385321100918,48.440366972477065,93.94495412844037,47.522935779816514,40.18348623853211,12.110091743119266,40.36697247706422,47.522935779816514,463.3659949622166,464.66801007556677,483.780604534005,457.26020151133497,545.9949622166247,483.01395465994966,397,27.155963302752294,28.807339449541285,397,Nordeste
2904308,Brejões,BA,506,104,2.5019762845849804,82.01581027667984,10.67193675889328,98.81422924901186,28.063241106719367,30.632411067193676,12.845849802371543,70.7509881422925,16.40316205533597,463.4318181818182,458.5833333333333,487.23545454545456,442.5678787878788,501.57575757575756,470.67884848484846,330,34.78260869565217,20.55335968379447,330,Nordeste
2904506,Brotas de Macaúbas,BA,537,174,2.6145251396648046,79.14338919925513,17.690875232774676,98.51024208566108,25.69832402234637,40.4096834264432,15.083798882681565,62.01117318435754,22.905027932960895,474.26135770234987,477.6407310704961,500.8383812010444,475.9114882506528,575.7702349869452,500.88443864229765,383,28.67783985102421,32.402234636871505,383,Nordeste
2904605,Brumado,BA,2473,524,2.017387788111605,60.81682167408007,8.208653457339263,84.1083704003235,14.071977355438738,34.532955923978975,34.04771532551557,54.87262434290335,11.079660331581076,501.12186605609617,513.5058958214081,527.9127074985689,523.2265025758443,600.0572409845449,533.1648425872925,1747,29.357056207035992,21.188839466235343,1747,Nordeste
2904704,Buerarema,BA,457,63,2.4201312910284463,77.02407002188184,20.787746170678336,89.49671772428884,20.13129102844639,34.57330415754923,22.319474835886215,60.17505470459519,17.505470459518598,470.0600628930818,485.3852201257862,501.851572327044,462.19025157232704,535.6603773584906,491.02949685534594,318,30.415754923413562,13.785557986870897,318,Nordeste
2904753,Buritirama,BA,538,158,2.9442379182156135,88.47583643122677,22.304832713754646,98.14126394052045,42.93680297397769,42.56505576208178,8.178438661710038,60.4089219330855,31.412639405204462,440.7092731829574,446.1152882205514,460.018045112782,419.9711779448622,435.6390977443609,440.49057644110275,399,25.8364312267658,29.36802973977695,399,Nordeste
2904902,Cachoeira,BA,1760,251,2.348863636363636,71.64772727272727,16.30681818181818,81.98863636363637,27.21590909090909,37.72727272727273,23.75,58.86363636363636,17.386363636363637,463.87903780068723,466.21932989690725,486.9929553264605,442.79948453608245,504.5189003436426,472.88194158075595,1164,33.86363636363636,14.261363636363637,1164,Nordeste
2905008,Caculé,BA,2135,668,2.3569086651053865,72.22482435597189,9.508196721311474,97.33021077283372,15.22248243559719,41.405152224824356,20.79625292740047,67.58782201405153,11.61592505854801,489.26816798539255,489.06628119293975,511.29056603773586,494.6723676202069,602.7023737066343,517.3999513085819,1643,23.04449648711944,31.288056206088992,1643,Nordeste
2905206,Caetité,BA,2796,761,2.38483547925608,69.49213161659513,15.701001430615163,90.62947067238912,19.778254649499285,42.8826895565093,22.532188841201716,59.978540772532185,17.489270386266096,488.894703595724,498.70145772594753,516.6575315840622,501.1468415937803,623.2361516034986,525.7273372206025,2058,26.394849785407725,27.217453505007157,2058,Nordeste
2905404,Cairu,BA,249,49,2.534136546184739,83.53413654618474,18.473895582329316,94.37751004016064,25.301204819277107,31.72690763052209,14.457831325301203,69.07630522088354,16.46586345381526,460.7025,464.73312500000003,497.3875,438.83125,467.75,465.880875,160,35.7429718875502,19.67871485943775,160,Nordeste
2905602,Camacan,BA,1699,323,2.4214243672748674,76.45673925838729,19.894055326662745,92.11300765155974,22.189523248969984,31.489111241907004,19.835197174808712,62.97822248381401,17.18658034137728,465.67451154529306,468.9474245115453,493.6515097690941,451.8429840142096,526.2166962699822,481.26662522202486,1126,33.72572101236021,19.011183048852264,1126,Nordeste
2905701,Camaçari,BA,8562,1143,1.9625087596355992,62.08829712683952,10.838589114692828,82.45736977341743,13.95701938799346,26.90960056061668,34.22097640738146,56.7507591684186,9.028264424199953,488.86097738876737,498.7534099197666,525.4894420131291,486.7459153902261,548.0926331145149,509.5884755652809,5484,35.949544498948846,13.349684653118429,5484,Nordeste
2905800,Camamu,BA,1162,203,2.5946643717728053,81.92771084337349,24.52667814113597,91.30808950086059,20.395869191049915,41.30808950086058,14.888123924268504,63.94148020654045,21.17039586919105,459.4814569536424,464.0882119205298,489.3113907284768,438.4605298013245,497.4834437086093,469.7650066225166,755,35.02581755593803,17.46987951807229,755,Nordeste
2905909,Campo Alegre de Lourdes,BA,553,141,2.790235081374322,83.54430379746836,20.976491862567812,94.57504520795659,33.09222423146474,46.835443037974684,12.658227848101266,59.3128390596745,28.028933092224236,459.505527638191,456.1032663316583,479.1989949748744,450.28844221105527,495.47738693467335,468.11472361809047,398,28.02893309222423,25.49728752260398,398,Nordeste
2906006,Campo Formoso,BA,2467,431,2.5614106201864613,77.34089987839481,17.916497770571542,91.00121605188488,29.30685042561816,40.57559789217674,18.200243210376975,59.789217673287396,22.010539116335632,481.4106711409396,486.66107382550337,506.1740939597316,468.3298657718121,548.6711409395973,498.24936912751684,1490,39.602756384272396,17.47061207944872,1490,Nordeste
2906204,Canarana,BA,1089,183,2.632690541781451,78.32874196510559,25.068870523415974,94.21487603305785,30.11937557392103,35.53719008264463,16.804407713498623,58.40220385674931,24.793388429752067,469.7734550561798,470.67724719101125,497.5724719101123,470.7373595505618,505.814606741573,482.91502808988764,712,34.61891643709826,16.804407713498623,712,Nordeste
2906303,Canavieiras,BA,602,87,2.4019933554817277,78.40531561461795,26.079734219269103,86.04651162790698,18.77076411960133,30.89700996677741,22.259136212624583,59.46843853820598,18.272425249169437,484.70401002506264,496.3047619047619,522.6749373433584,481.0416040100251,574.1854636591479,511.78215538847115,399,33.720930232558146,14.451827242524917,399,Nordeste
2906501,Candeias,BA,2595,457,1.9630057803468208,66.93641618497111,16.300578034682083,75.26011560693642,16.416184971098264,21.38728323699422,35.14450867052023,54.373795761079,10.48169556840077,480.77000000000004,488.1727906976744,514.0606976744186,468.975523255814,551.0348837209302,500.60277906976745,1720,33.71868978805394,17.61078998073218,1720,Nordeste
2906709,Cândido Sales,BA,1531,408,2.4448073154800785,78.314826910516,13.912475506205094,97.84454604833442,17.439581972566952,36.969301110385366,16.655780535597646,68.45199216198563,14.892227302416721,467.0021484375,474.6267578125,497.833984375,463.12705078125,523.69140625,485.25626953125,1024,33.11561071195297,26.649248856956238,1024,Nordeste
2906808,Cansanção,BA,1055,238,2.6928909952606634,82.65402843601896,16.682464454976305,94.12322274881517,32.98578199052133,42.843601895734594,14.218009478672986,62.18009478672985,23.601895734597157,466.8744,464.29472000000004,488.3176,442.98624,473.76,467.24659199999996,625,40.758293838862556,22.55924170616114,625,Nordeste
2906873,Capim Grosso,BA,1692,419,2.4858156028368796,75.53191489361703,18.498817966903072,89.65721040189125,24.349881796690305,40.543735224586285,20.62647754137116,59.57446808510638,19.79905437352246,481.43740053050396,485.3546419098143,510.5011494252874,470.8853227232538,535.8443854995579,496.80458001768346,1131,33.156028368794324,24.763593380614658,1131,Nordeste
2906907,Caravelas,BA,384,38,2.6536458333333335,78.64583333333334,25.520833333333332,96.875,26.302083333333332,38.02083333333333,18.229166666666664,57.8125,23.958333333333336,469.79793388429755,467.2095041322314,491.0904958677686,455.98884297520664,562.0661157024794,489.23057851239673,242,36.979166666666664,9.895833333333332,242,Nordeste
2907103,Carinhanha,BA,1367,280,2.6627651792245794,82.44330651060717,22.531089978054133,97.00073152889539,26.993416239941475,37.30797366495977,14.411119239209949,63.56986100950988,22.019019751280176,453.4400890868597,457.5160356347439,477.72594654788423,435.2730512249443,488.61915367483294,462.51485523385304,898,34.30870519385516,20.482809070958304,898,Nordeste
2907202,Casa Nova,BA,1213,253,2.4525968672712284,80.21434460016488,18.054410552349548,89.36521022258862,19.703215169002473,37.92250618301731,18.878812860676007,62.819455894476505,18.301731244847485,472.8428571428571,480.6214285714286,498.48295739348373,467.1309523809524,529.2731829573935,489.67027568922305,798,34.21269579554823,20.85737840065952,798,Nordeste
2907301,Castro Alves,BA,1038,273,2.53757225433526,78.90173410404624,20.616570327552985,91.71483622350675,24.66281310211946,37.861271676300575,16.955684007707127,62.90944123314065,20.134874759152215,472.05893854748604,475.80279329608936,501.8152234636872,462.52569832402236,511.4804469273743,484.73662011173184,716,31.02119460500964,26.300578034682083,716,Nordeste
2907509,Catu,BA,1508,230,1.7977453580901857,61.936339522546426,9.549071618037134,70.82228116710876,16.578249336870027,20.888594164456233,40.716180371352785,51.39257294429708,7.891246684350133,495.2483647175421,501.0911793855302,524.3752229930624,497.02656095143703,581.2685827552032,519.801982160555,1009,33.09018567639257,15.251989389920425,1009,Nordeste
2907806,Cícero Dantas,BA,1626,473,2.67220172201722,80.62730627306273,22.386223862238623,90.28290282902829,29.21279212792128,44.71094710947109,16.605166051660518,57.38007380073801,26.014760147601475,476.5006739679866,481.6081718618366,502.3995787700085,470.7925021061499,530.7834877843302,492.41688289806234,1187,26.998769987699877,29.08979089790898,1187,Nordeste
2908002,Coaraci,BA,1013,203,2.359328726554788,76.80157946692991,19.743336623889437,80.45409674234946,22.8035538005923,36.13030602171767,23.297137216189537,58.341559723593285,18.36130306021718,473.93285302593665,483.78933717579247,507.9158501440922,469.80763688760806,548.1844380403459,496.72602305475505,694,31.490621915103656,20.03948667324778,694,Nordeste
2908101,Cocos,BA,1306,445,2.6952526799387444,79.78560490045942,21.05666156202144,98.7748851454824,30.93415007656968,38.9739663093415,15.160796324655438,60.49004594180705,24.349157733537517,462.5074914869466,466.67139614074915,486.2068104426788,456.13575482406355,531.2145289443814,480.54719636776395,881,32.54211332312404,34.07350689127105,881,Nordeste
2908200,Conceição da Feira,BA,674,124,2.2908011869436202,75.22255192878339,14.688427299703264,87.53709198813057,20.919881305637983,30.712166172106826,22.106824925816024,64.39169139465875,13.501483679525222,472.64551422319477,472.5236323851203,500.2551422319475,448.0380743982494,496.1487964989059,477.92223194748357,457,32.195845697329375,18.397626112759642,457,Nordeste
2908408,Conceição do Coité,BA,2537,529,2.3334647221127316,75.522270398108,15.648403626330312,85.49467875443437,19.511233740638552,37.16988569176192,22.152148206543163,61.88411509657076,15.963736696886086,487.4315913094539,492.45836758661187,513.5479154433352,486.9526717557252,571.9788608338226,510.4738813857898,1703,32.87347260543949,20.85139929050059,1703,Nordeste
2908507,Conceição do Jacuípe,BA,1342,292,2.15424739195231,71.08792846497765,19.225037257824145,78.83755588673621,18.181818181818183,28.09239940387481,29.508196721311474,56.63189269746647,13.859910581222056,485.539841986456,492.6634311512415,517.0647855530474,477.88216704288936,531.9638826185102,501.0228216704289,886,33.97913561847988,21.758569299552907,886,Nordeste
2908903,Coração de Maria,BA,920,202,2.582608695652174,81.6304347826087,24.23913043478261,89.56521739130436,22.17391304347826,40.65217391304348,16.304347826086957,61.95652173913043,21.73913043478261,466.406329113924,471.121993670886,495.34952531645575,449.7697784810127,521.1392405063291,480.75737341772145,632,31.304347826086953,21.956521739130437,632,Nordeste
2909000,Cordeiros,BA,787,198,2.5946632782719186,76.62007623888184,16.39135959339263,98.6022871664549,20.71156289707751,47.14104193138501,17.15374841168996,63.6594663278272,19.186785260482846,481.35634266886325,487.58780889621084,508.7166392092257,492.00378912685335,567.5123558484349,507.4353871499177,607,22.871664548919945,25.158831003811944,607,Nordeste
2909307,Correntina,BA,1013,246,2.4234945705824282,73.8400789733465,16.88055281342547,91.2142152023692,29.516288252714705,30.89832181638697,21.618953603158932,59.13129318854886,19.2497532082922,480.9497032640949,485.4375370919882,497.1672106824926,468.64896142433236,536.9139465875371,493.8234718100891,674,33.464955577492596,24.28430404738401,674,Nordeste
2909802,Cruz das Almas,BA,3131,601,2.191951453209837,66.59214308527626,17.662088789524113,80.90067071223251,21.846055573299267,32.19418716065155,29.990418396678376,53.24177579048227,16.76780581283935,490.1645492760393,491.51971041569357,513.8541802895843,485.6483886034563,550.8827650630546,506.4139187295656,2141,31.619290961354196,19.195145320983713,2141,Nordeste
2909901,Curaçá,BA,943,265,2.6002120890774125,82.29056203605515,19.936373276776244,96.07635206786851,25.768822905620357,35.949098621421,14.103923647932131,65.64156945917286,20.254506892895016,475.46970740103274,476.34165232358004,497.22134251290873,462.8690189328744,536.3166953528399,489.64368330464714,581,38.3881230116649,28.101802757158005,581,Nordeste
2910057,Dias d'Ávila,BA,1783,296,1.914750420639372,62.98373527762199,10.600112170499159,80.65058889512058,13.460459899046551,23.780145821648908,35.445877734155914,55.524397083567024,9.029725182277062,487.17318718381114,492.37504215851607,521.5030354131534,474.89974704890386,552.8161888701518,505.75344013490724,1186,33.482893998878296,16.601233875490745,1186,Nordeste
2910503,Entre Rios,BA,1337,218,2.580403889304413,81.82498130142109,22.587883320867615,88.7060583395662,24.30815258040389,40.6133133881825,16.75392670157068,60.58339566192969,22.662677636499627,466.7071182548795,465.7188289322617,493.5602755453502,444.78932261768085,513.272101033295,476.8095292766934,871,34.85415108451758,16.30516080777861,871,Nordeste
2910602,Esplanada,BA,1789,411,2.5690329793180546,80.71548351034097,26.103968697596425,84.9077697037451,27.110117384013417,38.065958636109556,20.458356623812186,55.67356064840693,23.868082727780884,468.2601965601965,471.76822276822276,496.00188370188374,450.6997542997543,522.8828828828829,481.922588042588,1221,31.749580771380657,22.973728339854667,1221,Nordeste
2910701,Euclides da Cunha,BA,2571,607,2.5783741734733567,79.73551147413458,20.420070011668614,93.27110073901206,24.27071178529755,40.14002333722287,15.674834694671333,63.671723064955266,20.653442240373394,472.81447990543734,475.72322695035456,502.385756501182,453.3951536643026,516.063829787234,484.07648936170216,1692,34.18903150525088,23.609490470633997,1692,Nordeste
2910727,Eunápolis,BA,3478,716,1.8191489361702127,56.92926969522715,9.344450833812536,78.57964347326049,10.034502587694078,27.027027027027028,39.59171937895342,52.64519838987924,7.763082231167337,500.2132735426009,511.30587443946195,533.6505829596413,504.82174887892376,588.322869955157,527.6628699551569,2230,35.88269120184013,20.58654399079931,2230,Nordeste
2910800,Feira de Santana,BA,24503,4683,1.8714443129412726,59.58045953556707,11.292494796555525,74.34191731624699,13.688119822062605,28.241439823695057,37.7055870709709,52.62620903562829,9.668203893400808,500.70357031005324,509.2549953022236,531.1564296899468,502.94979016598813,590.3764484810523,526.8882467898528,15965,34.8447128922989,19.111945476064154,15965,Nordeste
2911105,Formosa do Rio Preto,BA,787,195,2.54002541296061,80.30495552731894,20.4574332909784,88.9453621346887,22.490470139771286,41.80432020330368,19.567979669631512,59.21219822109276,21.21982210927573,460.65298969072165,465.0422680412371,483.4482474226804,443.3562886597938,503.3814432989691,471.17624742268043,485,38.37357052096569,24.777636594663278,485,Nordeste
2911204,Gandu,BA,2331,510,2.5405405405405403,80.3088803088803,22.00772200772201,90.51909051909051,24.10982410982411,37.10853710853711,17.546117546117546,60.918060918060924,21.535821535821537,471.46677275620624,478.8677275620623,500.586887332909,457.04831317632085,549.8154042011457,491.5570210057288,1571,32.604032604032604,21.879021879021877,1571,Nordeste
2911600,Governador Mangabeira,BA,1083,206,2.443213296398892,78.1163434903047,19.575253924284393,87.71929824561403,20.960295475530934,37.95013850415512,18.467220683287167,63.711911357340725,17.820867959372112,469.7304812834225,471.8669786096257,499.6034759358289,454.33756684491976,531.096256684492,485.32695187165774,748,30.932594644506008,19.021237303785778,748,Nordeste
2911709,Guanambi,BA,5191,1162,2.1344634945097285,63.74494317087266,9.574263147755731,89.61664419187055,17.511076863802735,32.999422076671166,30.34097476401464,57.79233288383742,11.866692352147949,495.0411472697187,498.7487865416437,518.8159955874241,502.6044677330392,613.7065637065637,525.7833921676779,3626,30.14833365440185,22.384896937006356,3626,Nordeste
2912103,Ibicaraí,BA,1509,273,2.3359840954274356,78.99271040424122,16.56726308813784,88.13783962889332,18.223989396951623,31.676607024519548,20.742213386348578,65.14247846255799,14.115308151093439,471.9459016393443,476.53886210221793,499.8954676952748,462.24329797492766,547.0009643201543,491.5248987463838,1037,31.27899271040424,18.09145129224652,1037,Nordeste
2913101,Ibititá,BA,1200,278,2.470833333333333,78.58333333333334,19.583333333333332,91.5,24.25,33.166666666666664,17.75,64.16666666666667,18.083333333333336,474.75729665071765,473.77320574162684,501.25430622009566,470.1244019138756,533.6363636363636,490.7091148325359,836,30.333333333333336,23.166666666666664,836,Nordeste
2913200,Ibotirama,BA,1387,330,2.5191059841384282,79.1636625811103,15.428983417447728,95.8904109589041,27.46935832732516,33.95818312905551,15.861571737563086,66.04181687094449,18.096611391492427,461.87779017857144,465.84084821428576,488.7114955357143,449.14687499999997,505.3794642857143,474.19129464285714,896,35.40014419610671,23.792357606344627,896,Nordeste
2913606,Ilhéus,BA,6496,944,1.8726908866995073,60.20628078817734,12.977216748768472,74.86145320197043,12.68472906403941,26.539408866995075,37.93103448275862,52.24753694581281,9.821428571428571,494.0685369812196,505.42548110364015,528.416322745189,497.6322049617436,589.7240899605843,523.0533271504753,4313,33.605295566502456,14.532019704433496,4313,Nordeste
2913705,Inhambupe,BA,1809,449,2.831951354339414,84.85351022664456,28.41348811498065,93.14538419016031,28.468767274737424,48.31398562741847,11.995577667219457,60.309563294637925,27.69485903814262,469.03935742971885,470.71654618473895,495.7049799196787,454.0335742971888,520.4819277108434,481.99527710843375,1245,31.17744610281924,24.820342730790493,1245,Nordeste
2913903,Ipiaú,BA,3321,707,2.2152965974104184,72.95995182174045,14.122252333634448,85.42607648298706,16.29027401385125,32.73110508882866,24.872026498042757,61.848840710629325,13.279132791327914,478.5990099009901,484.3749324932494,510.34986498649863,463.9683168316832,567.3987398739874,500.9381728172818,2222,33.09244203553147,21.288768443239988,2222,Nordeste
2914000,Ipirá,BA,2265,480,2.6353200883002206,81.14790286975717,23.04635761589404,89.97792494481236,26.18101545253863,43.17880794701986,17.218543046357617,58.54304635761589,24.23841059602649,477.9921036769138,484.2721518987342,504.7482218203738,470.7159132007233,561.8083182640145,499.90734177215194,1659,26.75496688741722,21.192052980132452,1659,Nordeste
2914406,Iraquara,BA,1169,279,2.437125748502994,76.39007698887939,14.798973481608213,93.84088964927288,24.46535500427716,34.217279726261765,19.760479041916167,63.387510692899916,16.852010265183917,482.3407068062827,487.72395287958113,509.44895287958116,482.02303664921465,553.6125654450262,503.02984293193714,764,34.64499572284004,23.86655260906758,764,Nordeste
2914505,Irará,BA,2129,386,2.5706904650070457,81.25880695162047,19.304837952090185,91.59229685298263,23.81399718177548,41.099107562235794,14.889619539689997,65.33583842179426,19.774542038515737,473.54187020237265,476.64138171667827,500.8366364270761,451.479553384508,541.102581995813,488.72040474528956,1433,32.691404415218415,18.130577736026304,1433,Nordeste
2914604,Irecê,BA,3673,903,1.7628641437517016,59.86931663490335,12.169888374625646,67.51973863326981,11.734277157636809,24.993193574734548,42.254288047917235,48.951810509120605,8.793901442962156,506.78522500995615,512.747670250896,530.8918757467145,518.4081640780565,619.9442453205894,537.7554360812425,2511,31.636264633814328,24.584808058807514,2511,Nordeste
2914653,Itabela,BA,739,151,2.2895805142083896,73.88362652232748,11.637347767253045,94.45196211096076,15.290933694181327,33.69418132611637,20.70365358592693,67.52368064952638,11.772665764546684,473.75023041474657,482.96774193548384,505.55691244239637,458.80967741935484,543.594470046083,492.93580645161296,434,41.27198917456022,20.43301759133965,434,Nordeste
2914703,Itaberaba,BA,3776,785,2.3953919491525424,73.83474576271186,20.52436440677966,92.26694915254238,20.921610169491526,31.991525423728813,20.97457627118644,62.84427966101694,16.18114406779661,478.1349772067965,478.4813510153336,506.77277248238704,465.82130128470783,525.3543307086615,490.91294653957726,2413,36.09639830508474,20.789194915254235,2413,Nordeste
2914802,Itabuna,BA,7523,1249,1.824405157516948,57.22451149807257,12.12282334175196,73.00279143958527,13.412202578758475,26.67818689352652,39.89100093047986,50.81749302140104,9.291506048119102,497.3058835301181,511.99979987992793,533.1296577946767,502.1526515909545,603.3460076045627,529.5868000800481,4997,33.57703043998404,16.60241924764057,4997,Nordeste
2914901,Itacaré,BA,729,118,2.4348422496570645,78.46364883401921,18.930041152263374,91.35802469135803,20.713305898491083,34.01920438957476,17.00960219478738,66.2551440329218,16.735253772290807,471.63096234309626,468.19644351464433,496.24644351464434,449.87782426778244,526.4016736401674,482.47066945606696,478,34.43072702331962,16.18655692729767,478,Nordeste
2915502,Itajuípe,BA,884,131,2.274886877828054,74.09502262443439,15.04524886877828,89.81900452488688,17.194570135746606,31.334841628959275,22.511312217194572,65.04524886877829,12.44343891402715,472.7227655986509,481.7389544688027,505.2575042158516,456.7517706576728,541.2141652613828,491.5370320404722,593,32.9185520361991,14.819004524886878,593,Nordeste
2915601,Itamaraju,BA,1693,324,2.186650915534554,72.82929710572947,11.104548139397519,88.9545186060248,13.585351447135263,32.19137625516834,23.862965150620198,66.27288836385115,9.864146485528648,476.0626168224299,486.1052959501558,509.5692627206646,477.86157840083075,548.5565939771548,499.6310695742472,963,43.11872415829888,19.13762551683402,963,Nordeste
2915809,Itambé,BA,599,110,2.4140233722871454,77.29549248747914,15.692821368948248,93.32220367278798,20.20033388981636,34.891485809682806,18.864774624373958,66.2771285475793,14.858096828046744,471.81805929919136,475.61886792452833,496.1768194070081,458.56010781671154,525.8760107816712,485.6099730458221,371,38.06343906510852,18.363939899833053,371,Nordeste
2916005,Itanhém,BA,380,86,2.3394736842105264,73.68421052631578,13.94736842105263,95.78947368421052,18.157894736842106,32.36842105263158,21.578947368421055,64.73684210526316,13.684210526315791,482.9963503649635,489.4434306569343,510.1116788321168,484.29708029197076,559.8540145985402,505.3405109489051,274,27.89473684210526,22.63157894736842,274,Nordeste
2916104,Itaparica,BA,490,90,2.2448979591836733,78.77551020408163,17.346938775510203,84.28571428571429,19.387755102040817,24.693877551020407,22.244897959183675,66.12244897959184,11.63265306122449,480.43940298507465,487.5817910447761,511.81044776119404,470.6570149253732,520.776119402985,494.2529552238806,335,31.63265306122449,18.367346938775512,335,Nordeste
2916401,Itapetinga,BA,2904,712,2.0678374655647382,67.69972451790633,9.986225895316805,86.39807162534436,13.705234159779614,28.994490358126722,28.615702479338843,61.8801652892562,9.50413223140496,481.716011934361,483.3104425658876,510.33799104922923,476.7002486325211,560.0,502.4129388363998,2011,30.750688705234165,24.517906336088156,2011,Nordeste
2917003,Itiúba,BA,818,143,2.6858190709046457,79.82885085574573,18.94865525672372,93.15403422982885,34.474327628361856,42.1760391198044,15.28117359413203,60.391198044009776,24.327628361858192,464.9122866894198,465.7052901023891,486.8121160409557,439.8689419795222,472.18430034129693,465.8965870307168,586,28.361858190709043,17.48166259168704,586,Nordeste
2917102,Itororó,BA,874,170,2.466819221967963,81.00686498855835,18.421052631578945,93.13501144164759,17.391304347826086,36.72768878718535,16.704805491990847,67.96338672768879,15.331807780320366,477.55348837209306,480.29964221824685,500.81574239713774,452.13685152057246,580.1431127012522,498.1897674418605,559,36.04118993135012,19.450800915331808,559,Nordeste
2917300,Ituberá,BA,948,190,2.338607594936709,75.73839662447257,12.552742616033754,91.9831223628692,19.303797468354432,34.28270042194092,21.308016877637133,65.29535864978902,13.39662447257384,469.949213836478,481.9099056603774,505.77358490566036,460.5701257861635,524.4654088050314,488.53364779874215,636,32.91139240506329,20.042194092827003,636,Nordeste
2917508,Jacobina,BA,3828,802,2.1705851619644725,66.24869383490073,14.106583072100312,85.10971786833855,19.409613375130615,32.18390804597701,30.17241379310345,55.9299895506792,13.897596656217345,487.0270546598506,495.3377113645301,517.3683444750295,479.2362957137239,564.7738891073535,508.7486590640976,2543,33.56844305120167,20.950888192267502,2543,Nordeste
2917607,Jaguaquara,BA,2693,560,2.344968436687709,75.82621611585593,13.51652432231712,86.44634236910508,20.571852952098034,38.13590790939473,22.20571852952098,61.90122539918307,15.893056071295952,474.8924783549784,480.08262987012984,504.25151515151515,467.1055194805195,565.8008658008658,498.42660173160175,1848,31.377645748236173,20.794652803564798,1848,Nordeste
2917706,Jaguarari,BA,1053,261,2.0864197530864197,66.76163342830009,16.524216524216524,75.11870845204179,20.1329534662868,30.10446343779677,34.09306742640076,51.092117758784426,14.814814814814813,483.2790055248619,476.47762430939224,503.40828729281765,470.0091160220994,584.9447513812155,503.6237569060773,724,31.24406457739791,24.786324786324787,724,Nordeste
2918001,Jequié,BA,5977,1148,1.9974903797891919,62.071273213986956,10.808097707880208,83.36958340304501,14.221181194579222,29.27890245942781,33.62891082482851,56.14856951647984,10.222519658691652,499.0573529411765,502.6433944069431,526.0726374156219,500.05270009643203,596.2970106075217,524.824619093539,4148,30.6006357704534,19.20696001338464,4148,Nordeste
2918100,Jeremoabo,BA,1751,471,2.7555682467161624,81.83894917190177,23.472301541976016,92.40434037692748,30.7824100513992,47.05882352941176,14.220445459737293,58.30953740719589,27.470017133066822,464.1507450980392,471.6271372549019,493.21231372549016,452.3087058823529,528.8,482.01978039215686,1275,27.184466019417474,26.898914905768134,1275,Nordeste
2918209,Jiquiriçá,BA,471,109,2.626326963906582,77.70700636942675,17.8343949044586,97.0276008492569,25.902335456475583,44.161358811040344,15.92356687898089,62.84501061571125,21.231422505307858,474.6015151515152,482.3239393939394,503.40696969696967,465.4321212121212,546.4242424242424,494.43775757575753,330,29.93630573248408,23.142250530785564,330,Nordeste
2918357,João Dourado,BA,1187,258,2.4877843302443132,81.12889637742208,19.88205560235889,87.44734625105308,24.59983150800337,35.720303285593936,18.28138163437237,61.5838247683235,20.134793597304128,469.20000000000005,473.4033898305085,503.2123859191656,467.764406779661,528.0834419817471,488.33272490221646,767,35.38331929233362,21.735467565290648,767,Nordeste
2918407,Juazeiro,BA,7219,1339,1.9210416955256961,62.59869788059288,12.065383017038371,78.83363346723922,12.231611026457959,26.374844161241167,35.0602576534146,55.8941681673362,9.045574179249204,496.2746165160748,501.90537928136166,525.0996637949148,498.73332632906073,571.1620088253835,518.6349989493591,4759,34.07674193101538,18.54827538440227,4759,Nordeste
2918506,Jussara,BA,368,95,2.652173913043478,81.79347826086956,26.08695652173913,92.66304347826086,25.543478260869566,39.130434782608695,14.945652173913043,60.86956521739131,24.184782608695652,470.21818181818185,474.1586776859504,498.952479338843,466.8272727272727,534.9586776859504,489.0230578512397,242,34.2391304347826,25.815217391304344,242,Nordeste
2919157,Lapão,BA,697,154,2.278335724533716,71.87948350071736,13.629842180774748,88.95265423242468,17.216642754662843,36.15494978479197,24.2467718794835,62.84074605451937,12.91248206599713,478.509243697479,481.5989495798319,509.3153361344538,477.7802521008403,546.4285714285714,498.72647058823526,476,31.707317073170728,22.094691535150645,476,Nordeste
2919207,Lauro de Freitas,BA,9246,1925,1.5263897901795371,47.52325329872377,9.939433268440407,62.90287691974908,9.950248756218906,22.323166774821544,49.63227341553104,43.6513086740212,6.7164179104477615,509.0796151439299,520.3930381727158,540.6445400500626,523.2857008760951,608.9674593241552,540.4740707133918,6392,30.867402119835607,20.81981397361021,6392,Nordeste
2919504,Livramento de Nossa Senhora,BA,1255,366,2.2749003984063747,69.800796812749,13.147410358565736,90.11952191235059,18.326693227091635,36.09561752988048,25.0199203187251,60.39840637450199,14.581673306772908,490.03968586387435,495.4082722513089,516.6916230366492,505.5406282722513,590.0942408376964,519.554890052356,955,23.904382470119522,29.163346613545816,955,Nordeste
2919553,Luís Eduardo Magalhães,BA,2977,804,1.6842458851192477,53.77897211958347,10.883439704400404,70.17131340275445,6.617400067181727,26.9734632180047,43.19785018474975,50.08397715821297,6.718172657037286,497.29994609164424,509.88991913746634,531.2701886792453,505.4810781671159,592.6900269541779,527.32623180593,1855,37.68894860597918,27.007054081289887,1855,Nordeste
2919801,Macaúbas,BA,1446,405,2.4785615491009683,77.3167358229599,16.735822959889347,91.90871369294605,22.06085753803596,39.83402489626556,19.363762102351316,63.2088520055325,17.42738589211618,485.10635944700465,490.01944700460825,505.87686635944704,491.55788018433185,588.9769585253456,512.3075023041475,1085,24.96542185338866,28.008298755186722,1085,Nordeste
2920502,Maracás,BA,1310,296,2.502290076335878,76.56488549618321,17.251908396946565,94.80916030534351,21.908396946564885,39.69465648854962,17.099236641221374,64.58015267175573,18.3206106870229,475.1685520361991,483.7373303167421,508.26911764705886,471.8751131221719,547.1719457013575,497.2444117647059,884,32.51908396946565,22.595419847328245,884,Nordeste
2920601,Maragogipe,BA,749,182,2.6488651535380505,85.84779706275033,24.432576769025367,82.2429906542056,35.78104138851803,36.58210947930574,18.157543391188252,57.543391188251,24.299065420560748,458.329106029106,463.1706860706861,490.34012474012474,444.00873180873185,482.3284823284823,467.63542619542625,481,35.78104138851802,24.299065420560748,481,Nordeste
2921005,Mata de São João,BA,887,138,2.117249154453213,68.20744081172492,13.979706877113868,87.82412626832019,13.979706877113868,27.73393461104848,27.73393461104848,62.570462232243514,9.695603156708005,485.65732368896926,482.1396021699819,512.3980108499095,471.0667269439421,508.71609403254973,491.99555153707047,553,37.655016910935736,15.558060879368659,553,Nordeste
2921104,Medeiros Neto,BA,781,152,2.330345710627401,74.90396927016644,12.419974391805377,95.64660691421255,12.291933418693981,37.77208706786171,21.12676056338028,65.68501920614597,13.188220230473751,474.51102040816323,481.8840816326531,508.6783673469388,464.9689795918367,538.734693877551,493.7554285714286,490,37.259923175416134,19.46222791293214,490,Nordeste
2921203,Miguel Calmon,BA,663,128,2.331825037707391,69.68325791855203,15.384615384615385,90.34690799396682,20.96530920060332,36.80241327300151,25.188536953242835,58.22021116138764,16.59125188536953,483.5965217391304,493.8645652173913,511.4945652173913,473.49239130434785,570.0,506.4896086956522,460,30.618401206636502,19.306184012066367,460,Nordeste
2921302,Milagres,BA,897,212,2.4448160535117056,84.83835005574136,22.073578595317723,92.3076923076923,18.9520624303233,26.30992196209587,14.15830546265329,72.24080267558529,13.600891861761427,469.86564195298376,471.42603978300184,496.53309222423144,454.127486437613,521.1573236889693,482.6219168173598,553,38.35005574136009,23.634336677814936,553,Nordeste
2921500,Monte Santo,BA,1243,245,3.0362027353177794,82.461786001609,30.32984714400644,95.33386967015286,38.13354786806114,57.36122284794851,10.86082059533387,51.568785197103786,37.570394207562344,466.6765237020316,467.3566591422122,496.15643340857787,448.0665914221219,513.7923250564334,478.4097065462754,886,28.720836685438456,19.710378117457765,886,Nordeste
2921708,Morro do Chapéu,BA,2022,453,2.5192878338278932,78.1404549950544,18.694362017804153,91.29574678536103,24.480712166172104,39.317507418397625,19.63402571711177,59.19881305637982,21.16716122650841,473.29228529839884,474.02474526928677,500.37634643377,457.6450509461427,521.7321688500728,485.4141193595342,1374,32.04747774480712,22.403560830860535,1374,Nordeste
2922003,Mucuri,BA,837,216,1.7634408602150538,59.61768219832736,8.72162485065711,75.86618876941458,6.929510155316606,25.209080047789723,39.784946236559136,54.00238948626045,6.212664277180406,497.9443622920518,495.4536044362292,513.7683918669131,511.4998151571165,594.4177449168207,522.6167837338262,541,35.36439665471923,25.806451612903224,541,Nordeste
2922300,Muritiba,BA,638,133,2.04858934169279,70.84639498432603,12.068965517241379,73.66771159874608,18.495297805642632,29.780564263322884,33.22884012539185,56.58307210031348,10.18808777429467,478.9825791855203,486.09072398190045,507.59615384615387,464.7099547511312,532.89592760181,494.0550678733032,442,30.72100313479624,20.846394984326018,442,Nordeste
2922409,Mutuípe,BA,1105,217,2.5764705882352943,78.09954751131222,17.013574660633484,95.02262443438913,22.171945701357465,45.339366515837106,16.380090497737555,64.07239819004525,19.547511312217196,473.2805714285715,472.3525714285714,498.37285714285713,454.27014285714284,545.8285714285714,488.8209428571429,700,36.651583710407245,19.638009049773757,700,Nordeste
2922508,Nazaré,BA,1963,549,2.4325012735608764,79.41925624044829,21.344880285277636,84.97198166072339,24.707080998471728,32.80692817116658,21.752419765664797,58.12531839021905,20.12226184411615,464.9551851851852,470.50207407407413,492.4278518518518,447.29733333333337,503.85185185185185,475.8068592592593,1350,31.22771268466633,27.967396841569027,1350,Nordeste
2922904,Nova Soure,BA,1035,311,2.7285024154589372,82.99516908212561,26.183574879227052,90.6280193236715,29.468599033816425,43.574879227053145,15.36231884057971,56.231884057971016,28.405797101449277,475.5706703910614,476.56396648044694,499.58673184357536,458.647625698324,528.1843575418994,487.7106703910615,716,30.821256038647338,30.04830917874396,716,Nordeste
2923001,Nova Viçosa,BA,856,131,2.2161214953271027,76.05140186915888,14.018691588785046,90.42056074766354,11.214953271028037,29.906542056074763,22.07943925233645,67.28971962616822,10.630841121495326,474.9709737827715,484.3674157303371,506.4303370786517,474.9395131086143,541.6479400749064,496.4712359550562,534,37.616822429906534,15.30373831775701,534,Nordeste
2923209,Oliveira dos Brejinhos,BA,447,136,2.6621923937360177,81.87919463087249,20.581655480984338,97.31543624161074,31.543624161073826,34.899328859060404,12.751677852348994,65.54809843400447,21.700223713646533,463.13473053892216,462.41976047904194,484.4937125748503,449.32964071856287,500.05988023952096,471.88754491017966,334,25.279642058165553,30.42505592841163,334,Nordeste
2923407,Palmas de Monte Alto,BA,626,112,2.4936102236421727,76.8370607028754,17.57188498402556,90.89456869009584,22.523961661341854,41.533546325878596,19.808306709265175,60.54313099041534,19.64856230031949,478.24573804573805,484.3829521829522,505.9218295218295,471.25571725571723,556.5904365904366,499.27933471933477,481,23.162939297124595,17.89137380191693,481,Nordeste
2923605,Paramirim,BA,1666,506,2.476590636254502,75.09003601440575,16.986794717887154,95.91836734693877,18.847539015606245,40.816326530612244,18.7875150060024,64.8859543817527,16.3265306122449,480.6057480314961,489.74330708661415,503.67173228346456,483.02283464566926,588.1102362204724,509.0307716535433,1270,23.769507803121247,30.372148859543817,1270,Nordeste
2923704,Paratinga,BA,928,210,2.7672413793103448,85.66810344827587,24.78448275862069,98.16810344827587,31.14224137931034,36.96120689655172,10.237068965517242,65.19396551724138,24.568965517241377,457.08462643678166,459.2795977011494,481.4616379310345,439.68706896551726,520.4022988505748,471.58304597701147,696,25.0,22.629310344827587,696,Nordeste
2923803,Paripiranga,BA,1813,496,3.0319911748483177,82.84611141753999,24.324324324324326,97.2972972972973,36.01765030336459,62.71373414230557,9.045780474351902,57.19801434087148,33.75620518477661,478.43377902885294,480.9242083040113,500.4225897255454,466.6230823363828,580.6052076002815,501.4017733990148,1421,21.62162162162162,27.35797021511307,1421,Nordeste
2924009,Paulo Afonso,BA,4842,1057,2.0534902932672447,62.92854192482446,13.362247005369682,81.33002891367204,15.510119785212723,32.218091697645605,32.92028087567121,54.29574555968608,12.783973564642709,496.2403486924035,498.8388854296389,523.0312889165629,492.763605230386,571.0087173100871,516.3765691158158,3212,33.663775299463026,21.829822387443205,3212,Nordeste
2924306,Piatã,BA,732,202,2.26775956284153,67.34972677595628,7.786885245901639,96.58469945355192,18.0327868852459,37.02185792349727,25.81967213114754,61.47540983606557,12.704918032786885,480.61286231884054,487.18333333333334,509.41721014492754,486.0632246376812,573.5144927536232,507.35822463768113,552,24.590163934426236,27.595628415300546,552,Nordeste
2924405,Pilão Arcado,BA,541,182,2.5489833641404807,81.33086876155268,28.09611829944547,82.0702402957486,29.02033271719039,34.380776340110906,20.51756007393715,55.637707948244,23.844731977818853,465.5897637795276,462.496062992126,487.54068241469815,451.8622047244094,522.1522309711286,477.928188976378,381,29.574861367837336,33.64140480591497,381,Nordeste
2924603,Pindobaçu,BA,908,146,2.8788546255506606,82.48898678414098,25.770925110132158,96.36563876651982,38.32599118942731,44.93392070484582,14.096916299559473,54.18502202643172,31.718061674008812,469.7492831541219,465.7845878136201,494.83835125448024,452.9105734767025,499.82078853046596,476.6207168458781,558,38.54625550660793,16.079295154185022,558,Nordeste
2924801,Piritiba,BA,997,219,2.7713139418254764,81.04312938816449,22.868605817452355,92.67803410230691,34.10230692076229,46.43931795386159,15.646940822467403,54.663991975927786,29.689067201604814,470.7599431818182,468.2795454545454,495.09303977272725,456.12258522727274,515.0,481.0510227272727,704,29.38816449348044,21.965897693079235,704,Nordeste
2925105,Poções,BA,3489,740,2.538836342791631,78.99111493264546,12.668386357122385,92.71997707079393,24.333619948409286,45.170535970192034,16.50902837489252,64.689022642591,18.801948982516482,476.1059605488851,482.6298027444254,503.89524013722126,464.76307890222984,545.2572898799314,494.53027444253865,2332,33.16136428776154,21.20951562052164,2332,Nordeste
2925204,Pojuca,BA,1134,160,1.9532627865961198,68.07760141093475,10.934744268077601,73.4567901234568,14.02116402116402,28.835978835978835,34.12698412698413,57.407407407407405,8.465608465608465,497.40000000000003,507.84604715672674,528.2248266296809,493.33966712898757,590.7905686546463,523.5202219140083,721,36.419753086419746,14.109347442680775,721,Nordeste
2925303,Porto Seguro,BA,4392,872,1.8208105646630237,59.67668488160292,8.879781420765028,78.64298724954463,8.128415300546447,26.753187613843348,37.38615664845173,56.7167577413479,5.897085610200365,492.91363309352516,502.90017985611513,525.7071582733813,494.4048561151079,563.1798561151079,515.8211366906474,2780,36.70309653916212,19.854280510018217,2780,Nordeste
2925501,Prado,BA,878,163,2.203872437357631,70.3872437357631,16.514806378132118,87.12984054669704,10.136674259681094,36.21867881548975,25.17084282460137,60.59225512528473,14.236902050113894,476.13209647495364,488.72838589981444,511.72987012987016,477.8925788497217,580.6679035250464,507.0301669758813,539,38.61047835990888,18.56492027334852,539,Nordeste
2925600,Presidente Dutra,BA,460,95,2.367391304347826,69.78260869565217,21.086956521739133,91.08695652173913,24.347826086956523,30.434782608695656,25.217391304347824,57.826086956521735,16.956521739130434,482.2690476190476,488.25714285714287,510.3675595238095,481.14761904761906,546.7857142857143,501.7654166666666,336,26.956521739130434,20.652173913043477,336,Nordeste
2925758,Presidente Tancredo Neves,BA,658,163,2.7492401215805473,83.89057750759878,25.6838905775076,94.22492401215806,23.404255319148938,47.72036474164133,13.98176291793313,59.72644376899696,26.29179331306991,468.71845102505694,480.4111617312073,502.76970387243733,447.84715261958996,546.3325740318907,489.2158086560364,439,33.28267477203647,24.772036474164132,439,Nordeste
2926004,Remanso,BA,1309,417,2.2910618792971733,74.8663101604278,14.209320091673034,82.9640947288006,22.918258212375857,34.14820473644003,25.057295645530942,58.670741023682204,16.27196333078686,471.7656512605042,475.597794117647,496.01292016806724,465.081512605042,499.20168067226894,481.5319117647059,952,27.27272727272727,31.856378915202445,952,Nordeste
2926202,Riachão das Neves,BA,432,103,2.3518518518518516,78.47222222222221,10.185185185185185,96.29629629629629,17.824074074074073,32.407407407407405,15.50925925925926,73.61111111111111,10.87962962962963,458.6530744336569,462.5938511326861,485.0877022653722,448.3838187702266,543.042071197411,479.55210355987055,309,28.47222222222222,23.84259259259259,309,Nordeste
2926301,Riachão do Jacuípe,BA,2279,597,2.4365949978060555,78.36770513383063,19.131197893813077,87.23124177270732,22.422114962702942,36.50724001755156,20.0965335673541,61.693725318121984,18.209741114523915,480.9448828606658,488.025215782984,511.9336621454994,478.15622688039457,555.9556103575833,503.0031196054254,1622,28.828433523475205,26.195699868363313,1622,Nordeste
2926400,Riacho de Santana,BA,1382,373,2.510853835021708,78.07525325615052,15.701881331403763,91.60636758321273,24.819102749638205,40.88277858176556,18.523878437047756,62.66280752532561,18.813314037626625,483.26448863636364,486.6986742424242,501.58049242424244,483.23929924242424,581.2689393939394,507.2103787878788,1056,23.589001447178003,26.98986975397974,1056,Nordeste
2926608,Ribeira do Pombal,BA,2447,730,2.340416836943196,73.10993052717613,17.981201471189213,83.32652227217,21.61830813240703,38.0057212913772,24.805884756845117,55.86432366162648,19.3297915815284,480.55221590909093,478.83170454545456,503.8553977272727,472.9891477272727,563.2840909090909,499.9025113636364,1760,28.07519411524315,29.832447895382103,1760,Nordeste
2926707,Rio de Contas,BA,616,226,2.5551948051948052,75.64935064935064,14.285714285714285,97.24025974025975,22.24025974025974,46.103896103896105,17.857142857142858,62.98701298701299,19.155844155844157,468.4224789915967,477.88718487394954,497.21113445378154,467.1392857142857,545.7142857142857,491.27487394957984,476,22.72727272727273,36.688311688311686,476,Nordeste
2927002,Rio Real,BA,1022,296,2.483365949119374,79.35420743639922,28.47358121330724,80.62622309197651,21.135029354207436,38.74755381604697,23.18982387475538,53.42465753424658,23.385518590998043,469.9236111111111,482.19444444444446,501.6311111111111,465.92069444444445,585.1944444444445,500.9728611111111,720,29.549902152641884,28.962818003913892,720,Nordeste
2927200,Ruy Barbosa,BA,1951,482,2.7442337262942083,82.72680676576115,29.420809841107125,90.72270630445925,29.26704254228601,42.28600717580728,15.581752947206562,57.09892362890825,27.319323423885187,472.2936585365853,478.850162601626,500.3267479674797,461.90170731707315,526.5365853658536,487.98177235772357,1230,36.95540748334187,24.705279343926193,1230,Nordeste
2927408,Salvador,BA,85480,13313,1.6828614880673842,53.35751052877866,13.139915769770708,66.82732802994853,11.991109031352364,22.970285446888163,44.99064108563407,46.842536265793164,8.166822648572765,503.75909042134634,516.1073109664496,538.1203036697904,511.1831604549682,586.154946705773,531.0649624436655,55916,34.58586803930744,15.574403369209172,55916,Nordeste
2927507,Santa Bárbara,BA,808,144,2.650990099009901,81.1881188118812,22.153465346534652,92.07920792079209,25.247524752475247,44.43069306930693,14.356435643564355,63.73762376237624,21.905940594059405,462.9312734082397,471.49026217228464,488.21816479400746,445.5986891385768,491.16104868913857,471.87988764044945,534,33.91089108910891,17.82178217821782,534,Nordeste
2928000,Santaluz,BA,1489,316,2.674278038952317,81.06111484217595,22.431161853593014,89.52316991269308,33.51242444593687,40.899932840832776,16.521155137676296,57.018132975151104,26.4607118871726,474.6249714937286,477.57981755986316,504.4291904218928,455.9672748004561,509.8517673888255,484.49060433295324,877,41.101410342511755,21.22229684351914,877,Nordeste
2928109,Santa Maria da Vitória,BA,1828,475,2.347374179431072,74.45295404814004,17.450765864332602,88.8402625820569,19.037199124726477,34.9562363238512,22.975929978118163,59.84682713347921,17.177242888402624,477.8282664389411,484.2628522630231,508.8065755764304,470.4947907771136,531.8360375747225,494.64570452604613,1171,35.94091903719912,25.984682713347922,1171,Nordeste
2928208,Santana,BA,1069,215,2.6697848456501405,81.75865294667915,26.94106641721235,91.86155285313376,33.86342376052385,32.55378858746492,16.37043966323667,59.30776426566885,24.321796071094482,462.8867605633802,466.26507042253525,484.5067605633803,453.4888732394366,493.32394366197184,472.09428169014086,710,33.58278765201123,20.11225444340505,710,Nordeste
2928406,Santa Rita de Cássia,BA,1184,334,2.777027027027027,84.03716216216216,26.351351351351347,96.11486486486487,31.841216216216218,39.358108108108105,12.58445945945946,59.88175675675676,27.533783783783782,460.4904642409034,461.8055207026349,479.5826850690088,446.75282308657467,491.4930991217064,468.0249184441656,797,32.685810810810814,28.209459459459456,797,Nordeste
2928604,Santo Amaro,BA,2109,291,2.2275960170697013,72.64106211474632,15.789473684210526,81.83973447131342,22.143195827406352,30.346135609293505,27.216690374585113,57.70507349454718,15.078236130867708,468.05241820768134,474.12318634423895,502.35419630156474,448.09637268847797,518.3499288762447,482.19522048364155,1406,33.333333333333336,13.79800853485064,1406,Nordeste
2928703,Santo Antônio de Jesus,BA,4849,1078,2.004743246030109,63.0851722004537,13.322334501959165,76.81996287894411,14.229738090327903,33.01711693132604,34.72881006393071,53.70179418436791,11.569395751701382,498.26990536277606,503.4912933753943,525.9338801261829,500.4947949526814,585.564668769716,522.7509085173502,3170,34.62569601979789,22.231387915034027,3170,Nordeste
2928802,Santo Estêvão,BA,2945,671,2.565704584040747,80.44142614601019,21.29032258064516,89.71137521222411,22.003395585738538,43.12393887945671,17.589134125636672,60.33955857385399,22.07130730050934,464.80666018473505,467.48449197860964,492.59878463782206,450.1793874574623,518.7943607194944,478.7727369956247,2057,30.152801358234292,22.784380305602717,2057,Nordeste
2929107,São Felipe,BA,679,181,2.670103092783505,83.79970544918999,27.245949926362297,83.79970544918999,28.865979381443296,43.29896907216495,18.556701030927837,54.34462444771723,27.098674521354933,470.4427385892116,470.7246887966805,497.8159751037344,453.4529045643153,501.0373443983402,478.69473029045645,482,29.01325478645066,26.656848306332844,482,Nordeste
2929206,São Francisco do Conde,BA,977,119,2.375639713408393,76.56090071647903,16.68372569089048,93.44933469805528,24.053224155578302,26.816786079836234,18.62845445240532,66.63254861821903,14.73899692937564,464.8113486842105,471.3646381578948,496.89046052631585,431.79391447368425,490.95394736842104,471.1628618421053,608,37.76867963152508,12.18014329580348,608,Nordeste
2929255,São Gabriel,BA,541,160,2.1811460258780038,71.1645101663586,13.308687615526802,88.53974121996303,17.929759704251385,27.171903881700555,27.54158964879852,59.88909426987061,12.56931608133087,483.49445910290234,493.75488126649077,512.665963060686,488.8920844327177,548.9182058047494,505.54511873350924,379,29.944547134935306,29.57486136783734,379,Nordeste
2929305,São Gonçalo dos Campos,BA,1030,181,2.28252427184466,75.24271844660194,15.53398058252427,88.64077669902912,15.728155339805824,33.10679611650485,22.330097087378643,64.1747572815534,13.495145631067961,471.6955922865014,472.79683195592287,497.22093663911846,451.30399449035815,533.3608815426998,485.2756473829201,726,29.51456310679612,17.57281553398058,726,Nordeste
2929503,São Sebastião do Passé,BA,988,128,2.2753036437246963,73.582995951417,21.963562753036435,84.61538461538461,21.963562753036435,25.40485829959514,24.291497975708502,59.412955465587046,16.295546558704455,477.94478330658103,480.6645264847512,510.4651685393258,462.1571428571429,553.9967897271268,497.0456821829856,623,36.943319838056674,12.955465587044534,623,Nordeste
2929602,Sapeaçu,BA,902,226,2.3758314855875833,80.26607538802661,18.625277161862527,83.03769401330376,22.727272727272727,32.926829268292686,21.06430155210643,61.529933481153,17.405764966740577,469.92460815047025,469.7849529780564,497.0807210031348,455.3680250783699,523.7931034482758,483.1902821316615,638,29.268292682926834,25.055432372505543,638,Nordeste
2929701,Sátiro Dias,BA,346,79,2.800578034682081,84.39306358381504,19.653179190751445,95.37572254335261,26.878612716763005,53.75722543352601,11.560693641618498,64.73988439306359,23.699421965317917,474.6747863247863,467.7316239316239,508.2816239316239,457.3119658119658,519.0598290598291,485.4119658119658,234,32.36994219653179,22.832369942196532,234,Nordeste
2929909,Seabra,BA,2873,777,2.2763661677688827,68.29098503306648,12.600069613644274,94.7093630351549,17.647058823529413,34.38914027149321,25.060911938739995,62.26940480334145,12.669683257918551,485.5056930693069,496.14128712871286,518.1062376237624,490.25608910891094,578.7623762376238,513.7543366336633,2020,29.69021928297947,27.04490080055691,2020,Nordeste
2930105,Senhor do Bonfim,BA,4193,797,2.2673503458144526,72.88337705699976,18.149296446458383,82.47078464106845,20.414977343191033,32.81659909372764,25.542570951585976,58.35917004531361,16.098259003100406,484.28365091463417,484.71250000000003,507.15628810975613,472.6323932926829,544.2454268292682,498.6060518292683,2624,37.419508704984494,19.007870259957073,2624,Nordeste
2930154,Serra do Ramalho,BA,705,195,2.421276595744681,77.02127659574468,16.02836879432624,96.02836879432624,24.9645390070922,28.085106382978726,19.29078014184397,66.09929078014184,14.609929078014183,468.6420168067227,473.54474789915963,499.54663865546223,453.90987394957983,480.29411764705884,475.1874789915966,476,32.4822695035461,27.659574468085108,476,Nordeste
2930204,Sento Sé,BA,502,127,2.553784860557769,82.07171314741036,24.701195219123505,97.01195219123507,23.904382470119522,27.689243027888445,14.342629482071715,66.53386454183267,19.12350597609562,460.0525714285714,459.60942857142857,485.06371428571424,451.938,479.8857142857143,467.3098857142857,350,30.27888446215139,25.298804780876495,350,Nordeste
2930303,Serra Dourada,BA,1143,343,2.5441819772528436,84.68941382327209,21.25984251968504,96.23797025371829,22.134733158355203,30.09623797025372,14.085739282589676,67.45406824146981,18.460192475940506,454.4548941798942,455.28677248677246,472.41851851851857,442.70621693121694,490.6878306878307,463.11084656084654,756,33.85826771653543,30.0087489063867,756,Nordeste
2930501,Serrinha,BA,4434,901,2.3098782138024356,74.89851150202978,14.907532701849346,85.56608028867839,21.876409562471807,33.73928732521425,23.116824537663508,60.44203879115923,16.44113667117727,480.46684100418406,482.0878661087866,506.88675034867504,469.8112273361228,546.3807531380753,497.12668758716876,2868,35.317997293640055,20.320252593594947,2868,Nordeste
2930709,Simões Filho,BA,3737,544,2.0414771206850415,66.20283649986621,13.433235215413433,82.92748193738294,14.61065025421461,26.973508161626974,31.70992774953171,58.04120952635804,10.248862724110248,482.64427882507675,490.0453309951775,518.6711968434897,472.11420429636127,536.8610258658483,500.0672073651907,2281,38.96173401123896,14.557131388814556,2281,Nordeste
2930774,Sobradinho,BA,685,111,2.1255474452554743,67.15328467153284,14.306569343065693,86.42335766423358,17.664233576642335,27.00729927007299,28.029197080291972,61.16788321167883,10.802919708029197,489.0106575963719,487.66530612244895,512.8916099773243,479.6251700680272,523.6734693877551,498.57324263038544,441,35.62043795620438,16.204379562043798,441,Nordeste
2931004,Tanhaçu,BA,542,127,2.7121771217712176,85.05535055350553,16.605166051660518,97.04797047970479,28.96678966789668,43.542435424354245,11.992619926199263,65.68265682656826,22.324723247232473,480.5730198019802,477.9945544554455,500.3658415841584,473.1782178217822,534.5049504950495,493.32331683168314,404,25.461254612546124,23.43173431734317,404,Nordeste
2931350,Teixeira de Freitas,BA,5221,927,1.9580540126412564,60.582263934112234,11.779352614441677,83.77705420417544,8.408350890633978,31.258379620762305,33.63340356253591,58.13062631679755,8.235970120666538,500.34569600000003,511.014112,531.763456,509.85712,600.2688,530.6498368,3125,40.145565983528066,17.755219306646236,3125,Nordeste
2931905,Tucano,BA,1644,467,2.524939172749392,77.25060827250608,19.89051094890511,88.19951338199513,27.61557177615572,39.53771289537713,18.67396593673966,59.91484184914842,21.41119221411192,482.7319849482596,485.32643461900284,508.66425211665097,474.7830667920979,516.1618062088429,493.53350893697086,1063,35.34063260340633,28.406326034063262,1063,Nordeste
2932002,Uauá,BA,752,174,2.646276595744681,75.93085106382979,20.877659574468087,96.27659574468085,34.57446808510639,36.96808510638298,17.02127659574468,57.446808510638306,25.53191489361702,479.0966728280961,481.049168207024,506.79907578558226,463.5547134935305,544.6210720887245,495.0241404805915,541,28.058510638297875,23.138297872340424,541,Nordeste
2932101,Ubaíra,BA,558,111,2.598566308243728,79.39068100358423,15.770609318996415,95.6989247311828,27.060931899641577,41.935483870967744,15.591397849462366,63.620071684587806,20.78853046594982,471.9890547263682,474.71218905472637,492.09179104477613,455.8388059701493,516.1691542288557,482.1601990049751,402,27.956989247311824,19.892473118279568,402,Nordeste
2932200,Ubaitaba,BA,1280,248,2.546875,78.90625,20.234375,95.15625,22.5,37.890625,15.546874999999998,65.625,18.828125,469.61379716981133,474.99693396226417,499.42865566037733,453.36922169811317,534.7641509433962,486.43455188679246,848,33.75,19.375,848,Nordeste
2932408,Uibaí,BA,396,79,2.3813131313131315,72.22222222222221,14.646464646464647,87.12121212121212,24.494949494949495,39.64646464646464,22.474747474747474,59.59595959595959,17.929292929292927,494.37740740740736,497.4355555555556,517.3862962962962,483.51,561.4074074074074,510.82333333333327,270,31.818181818181824,19.94949494949495,270,Nordeste
2932457,Umburanas,BA,573,135,2.605584642233857,80.97731239092496,16.75392670157068,97.03315881326353,27.399650959860384,38.39441535776614,14.659685863874344,66.66666666666666,18.673647469458988,456.0357333333333,463.82693333333333,488.33093333333335,438.76026666666667,521.76,473.74277333333333,375,34.554973821989535,23.56020942408377,375,Nordeste
2932507,Una,BA,460,51,2.384782608695652,76.30434782608695,18.478260869565215,93.69565217391305,12.82608695652174,37.173913043478265,18.043478260869566,69.34782608695652,12.608695652173912,481.4534954407295,495.3121580547113,513.4075987841945,464.048632218845,530.5775075987842,496.9598784194529,329,28.47826086956522,11.08695652173913,329,Nordeste
2932606,Urandi,BA,501,151,2.3592814371257487,71.6566866267465,9.3812375249501,94.41117764471058,18.163672654690618,42.315369261477045,19.960079840319363,65.46906187624751,14.570858283433132,484.796,492.1717333333333,503.5522666666667,484.28293333333335,620.16,516.9925866666666,375,25.149700598802394,30.13972055888224,375,Nordeste
2932903,Valença,BA,2833,506,2.144369925873632,68.23155665372397,14.331097776208965,84.18637486763149,14.966466643134485,32.72149664666431,28.203318037416164,59.124602894458164,12.67207906812566,492.40538666666663,498.3374933333334,521.66896,485.6488533333333,572.2453333333333,514.0612053333333,1875,33.81574302859159,17.860924814684083,1875,Nordeste
2933000,Valente,BA,1199,293,2.238532110091743,71.14261884904087,15.59633027522936,88.9908256880734,19.683069224353627,28.440366972477065,26.522101751459548,59.1326105087573,14.345287739783153,487.0958385876419,495.0607818411097,516.1431273644389,487.6819672131147,578.2597730138714,512.8482976040353,793,33.861551292743954,24.43703085904921,793,Nordeste
2933208,Vera Cruz,BA,1122,257,2.3832442067736186,77.45098039215686,20.766488413547236,85.91800356506238,20.766488413547236,33.42245989304813,21.836007130124777,60.87344028520499,17.290552584670234,472.558567774936,474.84565217391304,499.92928388746805,455.6079283887468,497.0076726342711,479.989820971867,782,30.303030303030297,22.905525846702318,782,Nordeste
2933307,Vitória da Conquista,BA,16190,2894,1.8181593576281656,54.484249536751086,7.510809141445336,77.41815935762817,10.809141445336627,31.593576281655345,39.77146386658431,52.77949351451513,7.449042618900556,509.6837511693171,520.9356220767072,540.5103648269411,526.5335921421889,617.444340505145,543.0215341440598,10690,33.9715873996294,17.87523162445954,10690,Nordeste
2933604,Xique-Xique,BA,1882,490,2.540913921360255,79.54303931987248,24.335812964930923,90.43570669500531,25.345377258235917,34.431455897980875,18.172157279489902,60.095642933049945,21.73219978746015,468.847347266881,467.2238745980707,492.96631832797425,448.8146302250804,521.8971061093248,479.94985530546626,1244,33.900106269925615,26.036131774707762,1244,Nordeste
3100203,Abaeté,MG,818,206,1.7921760391198045,46.69926650366748,7.45721271393643,92.54278728606357,3.9119804400977993,28.606356968215156,42.42053789731051,53.0562347188264,4.52322738386308,501.7566243194193,522.2315789473683,541.0705989110709,540.919782214156,615.9346642468239,544.3826497277678,551,32.64058679706602,25.183374083129586,551,Sudeste
3100906,Águas Formosas,MG,677,227,2.259970457902511,67.79911373707533,19.202363367799112,94.97784342688331,15.657311669128507,28.360413589364846,27.76957163958641,58.050221565731164,14.180206794682423,468.78022471910117,480.46000000000004,505.0705617977528,475.8644943820225,551.5056179775281,496.3361797752809,445,34.26883308714919,33.53028064992615,445,Sudeste
3101102,Aimorés,MG,990,272,1.9656565656565657,54.848484848484844,9.393939393939393,93.13131313131314,6.565656565656567,32.62626262626262,37.676767676767675,54.848484848484844,7.474747474747474,490.44355345911947,503.5256289308176,525.9330188679246,506.5533018867925,581.5408805031446,521.5992767295597,636,35.75757575757576,27.474747474747474,636,Sudeste
3101508,Além Paraíba,MG,1153,295,1.6461405030355594,49.43625325238508,8.586296617519515,71.11882046834344,7.632263660017347,27.840416305290542,45.96704249783174,46.92107545533391,7.111882046834345,496.8153638814016,509.60148247978435,533.6404312668463,522.5295148247978,626.2803234501348,537.773423180593,742,35.64614050303556,25.585429314830876,742,Sudeste
3101607,Alfenas,MG,3087,609,1.4778101716877228,40.07126660187885,4.146420472951085,72.82150955620344,3.66051182377713,27.08130871396178,51.66828636216392,45.221898283122776,3.1098153547133136,513.3824777887463,531.7530602171767,547.8850937808489,549.6517769002961,648.9733464955577,558.3291510365252,2026,34.3699384515711,19.727891156462583,2026,Sudeste
3101706,Almenara,MG,1921,400,2.3092139510671523,68.92243623112962,12.753774076002083,96.46017699115043,15.825091098386256,36.959916710046855,23.945861530452888,63.40447683498178,12.649661634565332,476.9082051282051,492.73128205128205,511.56880341880344,483.64051282051287,545.5726495726495,502.0842905982906,1170,39.09422175950026,20.82248828735034,1170,Sudeste
3101904,Alpinópolis,MG,900,267,1.6411111111111112,49.111111111111114,3.888888888888889,74.44444444444444,4.444444444444445,32.22222222222222,44.55555555555556,52.22222222222223,3.2222222222222223,499.0098283931357,513.3851794071763,536.0422776911076,544.5904836193448,668.2059282371295,552.2467394695788,641,28.77777777777778,29.666666666666668,641,Sudeste
3102308,Alvinópolis,MG,488,99,2.0204918032786887,53.48360655737705,15.983606557377051,96.92622950819673,7.172131147540983,28.48360655737705,37.90983606557377,50.614754098360656,11.475409836065573,495.45728476821193,507.52284768211916,529.2639072847683,518.5390728476821,582.8476821192053,526.7261589403973,302,38.114754098360656,20.28688524590164,302,Sudeste
3102605,Andradas,MG,828,186,1.5108695652173914,39.97584541062802,6.521739130434782,72.22222222222221,1.570048309178744,30.79710144927536,51.690821256038646,44.08212560386474,4.2270531400966185,506.91417322834644,531.0942913385827,550.7643700787402,541.161811023622,653.9370078740158,556.7743307086614,508,38.64734299516909,22.463768115942027,508,Sudeste
3102803,Andrelândia,MG,880,250,1.9431818181818181,54.88636363636363,7.954545454545454,93.06818181818181,5.454545454545454,32.95454545454545,36.81818181818181,57.38636363636363,5.795454545454545,489.00473282442744,509.0248854961832,527.9056488549619,510.85114503816794,579.4503816793894,523.247358778626,655,25.568181818181824,28.40909090909091,655,Sudeste
3103405,Araçuaí,MG,2260,558,2.3013274336283187,68.49557522123894,14.690265486725664,97.21238938053098,15.973451327433628,33.76106194690266,24.646017699115045,62.34513274336283,13.008849557522122,476.8874338624339,485.8462301587302,508.3126322751322,482.9072751322752,570.3703703703703,504.8647883597884,1512,33.097345132743364,24.690265486725664,1512,Sudeste
3103504,Araguari,MG,2760,698,1.4463768115942028,41.70289855072464,6.594202898550725,69.09420289855073,4.420289855072464,22.82608695652174,53.8768115942029,41.30434782608695,4.8188405797101455,514.3774193548387,529.3289170506912,549.9742511520737,548.6873847926267,646.7972350230415,557.8330414746544,1736,37.10144927536232,25.28985507246377,1736,Sudeste
3104007,Araxá,MG,2602,623,1.3693312836279785,35.43428132205995,2.7286702536510377,77.40199846272098,3.074558032282859,18.293620292083013,57.99385088393544,40.16141429669485,1.8447348193697155,519.960791589363,530.9706246134817,549.9978973407544,561.1627705627706,649.8701298701299,562.3924427952999,1617,37.855495772482705,23.943120676402767,1617,Sudeste
3104205,Arcos,MG,860,230,1.4313953488372093,38.83720930232558,3.604651162790698,77.67441860465117,3.1395348837209305,19.883720930232556,55.93023255813954,42.093023255813954,1.9767441860465116,514.4463986599665,526.3125628140704,547.5574539363483,559.1077051926299,647.9731993299832,559.0794639865996,597,30.581395348837216,26.744186046511626,597,Sudeste
3104304,Areado,MG,805,165,1.839751552795031,49.192546583850934,5.217391304347826,87.82608695652175,3.7267080745341614,38.01242236024845,38.01242236024845,57.51552795031056,4.472049689440994,492.2781138790035,507.4679715302491,529.888434163701,521.7919928825622,631.9928825622776,536.6838790035588,562,30.186335403726705,20.496894409937887,562,Sudeste
3104502,Arinos,MG,1139,281,2.1984196663740123,68.92010535557506,16.681299385425813,96.66374012291485,9.745390693590869,27.831431079894642,26.42669007901668,63.47673397717296,10.09657594381036,470.7497797356828,480.02951541850217,503.1411160058737,468.1395007342144,525.5212922173274,489.5162408223201,681,40.210711150131694,24.670763827919227,681,Sudeste
3104908,Baependi,MG,481,157,1.5758835758835759,49.272349272349274,5.197505197505198,63.409563409563404,3.9501039501039505,35.75883575883576,47.81704781704782,47.81704781704782,4.365904365904366,507.2145348837209,526.6488372093023,545.9229651162791,556.8049418604651,656.9767441860465,558.7136046511628,344,28.482328482328477,32.640332640332645,344,Sudeste
3105103,Bambuí,MG,679,168,1.561119293078056,34.90427098674521,3.0927835051546393,88.80706921944035,2.798232695139912,26.50957290132548,54.0500736377025,43.74079528718704,2.2091310751104567,522.8204868154158,528.5559837728194,547.7764705882353,560.0511156186612,635.8620689655172,559.0132251521298,493,27.393225331369663,24.742268041237114,493,Sudeste
3105400,Barão de Cocais,MG,772,200,1.3860103626943006,36.26943005181347,4.533678756476684,76.29533678756476,2.072538860103627,19.4300518134715,55.95854922279793,41.968911917098445,2.072538860103627,509.82769230769236,524.9063461538461,540.6488461538462,543.5363461538462,622.7307692307693,548.3299999999999,520,32.64248704663213,25.906735751295333,520,Sudeste
3105608,Barbacena,MG,5264,1028,1.6958586626139818,42.5531914893617,8.548632218844984,83.16869300911854,4.711246200607903,30.604103343465045,46.25759878419453,47.92933130699088,5.813069908814589,512.0927677329624,531.0905980528512,549.0108484005564,554.9201112656467,626.5424200278164,554.7313490959666,3595,31.705927051671733,19.52887537993921,3595,Sudeste
3106200,Belo Horizonte,MG,71729,12559,1.2445454418714885,28.04723333658632,5.7117762690125335,66.80143317207823,3.5480767890253597,20.3460246204464,62.81699173277197,34.2706576140752,2.912350653152839,535.5848715097603,557.303284325838,570.4166584301129,587.8042788897126,655.1923235318343,581.2602833374516,48564,32.295166529576605,17.508957325488993,48564,Sudeste
3106309,Belo Oriente,MG,595,100,1.8823529411764706,51.59663865546219,6.050420168067227,96.63865546218487,5.714285714285714,28.235294117647058,40.33613445378151,54.957983193277315,4.705882352941177,479.9113636363636,494.58838383838383,522.5790404040404,501.8123737373738,561.6666666666666,512.1115656565656,396,33.445378151260506,16.80672268907563,396,Sudeste
3106705,Betim,MG,8810,1318,1.6125993189557322,39.87514188422247,6.333711691259931,87.61634506242906,4.052213393870602,23.382519863791146,49.54597048808173,47.11691259931896,3.3371169125993188,509.13955236929536,528.4170834061898,550.3689631054381,538.6857142857143,611.2222416506382,547.5667109634552,5719,35.08513053348467,14.960272417707152,5719,Sudeste
3107109,Boa Esperança,MG,1671,518,1.7354877318970676,49.55116696588869,5.146618791143029,82.2262118491921,3.7701974865350087,32.85457809694793,41.53201675643327,54.937163375224415,3.53081986834231,493.87899008115426,517.4804328223626,535.992876465284,532.4768259693418,618.0703336339044,539.5798917944094,1109,33.632555356074214,30.99940155595452,1109,Sudeste
3107307,Bocaiúva,MG,1904,379,1.9002100840336134,61.97478991596639,10.871848739495798,83.56092436974791,9.191176470588236,24.422268907563023,34.61134453781513,57.51050420168067,7.878151260504201,492.7362537764351,508.02628398791546,525.5065709969788,505.2150302114803,604.0030211480363,527.0974320241692,1324,30.46218487394958,19.905462184873947,1324,Sudeste
3107406,Bom Despacho,MG,1005,254,1.3532338308457712,32.83582089552239,3.383084577114428,75.02487562189056,3.084577114427861,20.99502487562189,60.49751243781094,38.00995024875622,1.4925373134328357,518.1283987915408,541.4022658610272,554.3870090634441,559.6383685800604,644.4712990936556,563.6054682779456,662,34.12935323383085,25.273631840796018,662,Sudeste
3108008,Bom Sucesso,MG,690,168,1.8391304347826087,51.73913043478261,6.956521739130435,87.10144927536231,4.492753623188406,33.6231884057971,38.84057971014493,56.52173913043478,4.63768115942029,492.2232409381663,510.6539445628998,527.3556503198294,512.9008528784648,630.8742004264392,534.8015778251599,469,32.028985507246375,24.347826086956523,469,Sudeste
3108255,Bonito de Minas,MG,329,68,2.911854103343465,80.54711246200608,41.94528875379939,98.78419452887537,26.13981762917933,43.76899696048632,13.37386018237082,52.58358662613982,34.04255319148936,443.8663793103448,459.80560344827586,473.2573275862069,429.3534482758621,442.41379310344826,449.73931034482763,232,29.48328267477204,20.66869300911854,232,Sudeste
3108552,Brasilândia de Minas,MG,716,196,2.138268156424581,67.87709497206704,14.94413407821229,94.55307262569832,10.474860335195531,25.977653631284912,28.35195530726257,61.871508379888276,9.776536312849162,471.9800904977376,488.7834841628959,509.3610859728507,476.9371040723982,552.9864253393665,500.0096380090498,442,38.268156424581,27.37430167597765,442,Sudeste
3108602,Brasília de Minas,MG,1592,333,2.4478643216080402,71.4824120603015,24.623115577889447,96.7964824120603,17.713567839195978,34.17085427135678,22.738693467336685,57.41206030150754,19.849246231155778,475.12054665409994,489.81724787935906,512.3688030160226,477.81027332704997,543.5249764373233,499.728369462771,1061,33.35427135678392,20.917085427135678,1061,Sudeste
3109006,Brumadinho,MG,1250,286,1.7312,43.36,8.16,84.16,4.16,33.28,44.16,50.56,5.28,509.3241212121212,528.300606060606,541.4814545454545,543.9310303030303,627.6121212121212,550.1298666666667,825,34.0,22.88,825,Sudeste
3109303,Buritis,MG,791,230,2.2060682680151706,71.04930467762325,17.699115044247787,89.75979772439949,9.987357774968395,32.11125158027813,25.410872313527182,61.441213653603036,13.147914032869783,472.95256673511295,481.6548254620123,505.6788501026694,467.6143737166325,536.3039014373717,492.84090349075973,487,38.4323640960809,29.077117572692796,487,Sudeste
3110004,Caeté,MG,993,183,1.6445115810674724,43.101711983887206,6.3444108761329305,87.41188318227593,6.042296072507553,21.550855991943603,47.43202416918429,48.439073514602214,4.128902316213495,505.57597597597595,526.4678678678679,542.0351351351352,548.5729729729729,644.5945945945946,553.4493093093093,666,32.93051359516617,18.429003021148034,666,Sudeste
3110608,Cambuí,MG,1229,277,1.6598860862489828,44.263628966639544,4.149715215622457,83.48250610252238,3.580146460537022,30.51261187957689,44.58909682668836,52.48169243287225,2.9292107404393817,506.64851632047476,523.9532640949554,544.7189910979229,538.5191394658754,635.9940652818991,549.9667952522256,674,45.1586655817738,22.538649308380798,674,Sudeste
3111200,Campo Belo,MG,1782,433,1.6402918069584735,45.56677890011223,3.872053872053872,80.02244668911335,4.040404040404041,30.52749719416386,45.00561167227834,52.1324354657688,2.861952861952862,511.98630363036307,530.9483498349836,546.646204620462,551.3156765676567,653.0693069306931,558.7931683168316,1212,31.986531986531986,24.298540965207632,1212,Sudeste
3111507,Campos Altos,MG,256,91,1.7734375,41.40625,3.125,96.09375,7.03125,29.6875,48.828125,46.09375,5.078125,484.0150289017341,505.0849710982659,538.3005780346821,512.193063583815,592.2543352601156,526.3695953757226,173,32.421875,35.546875,173,Sudeste
3111606,Campos Gerais,MG,788,197,1.8946700507614214,54.06091370558376,11.6751269035533,81.8527918781726,5.710659898477157,36.16751269035533,38.19796954314721,53.55329949238579,8.248730964467004,496.32774774774776,506.85909909909907,527.7457657657658,530.8183783783784,615.6396396396397,535.4781261261261,555,29.56852791878173,25.0,555,Sudeste
3112307,Capelinha,MG,1443,367,2.218988218988219,64.31046431046431,12.543312543312544,92.7927927927928,10.94941094941095,41.3028413028413,26.74982674982675,61.53846153846154,11.711711711711711,492.23135678391964,512.2668341708543,529.0556783919599,518.5177889447236,620.8643216080402,534.5871959798995,995,31.046431046431046,25.43312543312543,995,Sudeste
3113305,Carangola,MG,1901,582,1.882167280378748,56.18095739084692,10.468174644923725,80.16833245660179,7.73277222514466,33.66649132035771,37.71699105733825,53.34034718569174,8.942661756970017,489.0399845916795,510.3881355932204,532.0053929121726,510.26386748844374,623.497688751926,533.0390138674885,1298,31.720147290899526,30.615465544450288,1298,Sudeste
3113404,Caratinga,MG,3531,875,1.8799207023506088,51.85499858397055,6.343811951288587,86.6043613707165,6.59869725290286,36.59020107618238,38.62928348909657,54.91362220334183,6.457094307561598,502.31080391322837,523.017184176946,540.1529561888558,541.7713738834539,638.1965121225011,549.0897660569971,2351,33.41829510053809,24.780515434721043,2351,Sudeste
3113701,Carlos Chagas,MG,386,82,2.0854922279792745,62.95336787564767,15.544041450777202,86.52849740932642,8.290155440414509,35.233160621761655,29.533678756476682,61.13989637305699,9.32642487046632,476.08602620087333,490.3934497816594,519.2812227074236,488.9021834061136,558.6026200873363,506.6531004366812,229,40.67357512953368,21.243523316062177,229,Sudeste
3113800,Carmésia,MG,195,42,2.353846153846154,64.1025641025641,17.435897435897434,98.97435897435898,12.82051282051282,42.05128205128205,27.17948717948718,57.948717948717956,14.871794871794872,478.04358974358973,488.72564102564104,515.1034188034188,484.9940170940171,553.3333333333334,504.04,117,40.0,21.53846153846154,117,Sudeste
3114303,Carmo do Paranaíba,MG,648,224,1.683641975308642,44.44444444444444,5.246913580246913,86.72839506172839,4.012345679012346,27.9320987654321,46.45061728395062,48.91975308641975,4.62962962962963,501.05408163265304,517.4889795918367,537.7804081632654,524.4948979591836,621.5102040816327,540.4657142857143,490,24.382716049382715,34.5679012345679,490,Sudeste
3115300,Cataguases,MG,1583,308,1.4548325963360706,42.26152874289324,4.674668351231838,71.13076437144662,4.295641187618446,23.12065698041693,52.5584333543904,44.535691724573596,2.9058749210360073,521.6581285444234,537.765595463138,554.8517958412098,562.8856332703214,641.4366729678638,563.7195652173914,1058,33.16487681617183,19.45672773215414,1058,Sudeste
3115508,Caxambu,MG,1238,406,1.7520193861066236,53.06946688206785,9.208400646203554,76.97899838449112,4.92730210016155,31.017770597738288,40.7108239095315,52.988691437802906,6.30048465266559,495.82802259887006,517.193220338983,534.5341242937853,536.9693785310735,626.4180790960452,542.1885649717514,885,28.513731825525035,32.794830371567045,885,Sudeste
3116605,Cláudio,MG,955,211,1.7539267015706805,41.8848167539267,7.329842931937172,90.68062827225131,1.8848167539267016,33.61256544502618,44.50261780104712,51.41361256544502,4.0837696335078535,506.2590839694657,529.522748091603,545.9706870229007,553.0541984732824,635.4809160305343,554.0575267175573,655,31.413612565445025,22.094240837696336,655,Sudeste
3117504,Conceição do Mato Dentro,MG,637,135,1.7692307692307692,49.13657770800628,13.343799058084773,77.55102040816327,6.122448979591836,30.76923076923077,44.11302982731554,45.839874411302986,10.047095761381476,489.96392251815985,506.8232445520581,527.7058111380145,513.922033898305,577.9661016949152,523.2762227602906,413,35.16483516483516,21.19309262166405,413,Sudeste
3118007,Congonhas,MG,1449,304,1.4147688060731538,37.54313319530711,5.521048999309869,75.08626639061421,2.8295376121463076,20.496894409937887,56.935817805383024,40.165631469979296,2.898550724637681,508.55428276573787,524.4163054695563,546.6295149638803,552.0126934984521,651.640866873065,556.6507327141384,969,33.126293995859214,20.9799861973775,969,Sudeste
3118304,Conselheiro Lafaiete,MG,3547,766,1.592613476177051,39.4135889484071,6.399774457287849,85.84719481251763,4.087961657738934,23.512827741753593,52.26952354102058,43.473357767127155,4.257118691852269,517.4418806959403,538.6716652858327,555.7599005799502,564.1246893123447,643.1317315658658,563.8259734879867,2414,31.942486608401467,21.59571468846913,2414,Sudeste
3118403,Conselheiro Pena,MG,650,192,1.903076923076923,56.769230769230774,9.384615384615385,87.07692307692308,7.230769230769231,29.846153846153843,37.53846153846154,54.61538461538461,7.846153846153846,477.6266821345708,494.4962877030162,519.4250580046404,505.71995359628767,595.6380510440836,518.5812064965197,431,33.692307692307686,29.53846153846154,431,Sudeste
3118601,Contagem,MG,14691,2387,1.4676332448437819,34.12973929616772,5.915186168402423,80.56633312912668,3.532775168470492,22.619290722210877,55.87774828126063,40.84133142740453,3.280920291334831,518.4203756058158,539.2438206785137,556.3395294830372,557.0011005654281,628.7096122778676,559.9428877221325,9904,32.584575590497586,16.24804301953577,9904,Sudeste
3118809,Coração de Jesus,MG,866,213,2.3833718244803697,71.36258660508084,22.97921478060046,98.38337182448036,17.090069284064665,28.52193995381062,22.632794457274827,60.969976905311775,16.397228637413395,474.4751401869159,480.63495327102805,508.69233644859816,469.7022429906542,547.8130841121496,496.26355140186917,535,38.22170900692841,24.59584295612009,535,Sudeste
3119104,Corinto,MG,788,164,2.220812182741117,66.75126903553299,17.131979695431472,95.17766497461929,9.898477157360407,33.121827411167516,26.015228426395936,62.56345177664975,11.421319796954315,477.00759753593434,495.54435318275154,515.7936344969199,490.6595482546201,554.7433264887063,506.74969199178645,487,38.1979695431472,20.812182741116754,487,Sudeste
3119302,Coromandel,MG,781,233,1.852752880921895,55.18565941101152,7.042253521126761,89.88476312419974,4.865556978233035,28.297055057618437,36.107554417413574,58.38668373879642,5.505761843790013,495.81876247504994,506.05788423153695,526.874251497006,509.90439121756486,597.6447105788424,527.26,501,35.85147247119078,29.833546734955185,501,Sudeste
3119401,Coronel Fabriciano,MG,1995,338,1.449624060150376,38.69674185463659,4.611528822055138,76.44110275689223,3.7092731829573933,21.503759398496243,53.63408521303258,43.859649122807014,2.506265664160401,515.3786407766991,535.2751306945482,552.1552651232263,561.9123973114264,652.9947722180732,563.5432412247947,1339,32.882205513784456,16.94235588972431,1339,Sudeste
3120904,Curvelo,MG,2662,661,1.7569496619083396,48.72276483846732,8.865514650638618,84.48534936138242,5.184072126220887,28.437265214124718,42.561983471074385,51.50262960180315,5.935386927122464,496.6953650057937,515.3648899188877,534.3935689455388,519.1972190034762,614.7508690614137,536.080382387022,1726,35.161532682193844,24.830954169797145,1726,Sudeste
3121605,Diamantina,MG,3247,594,1.948875885432707,50.78534031413613,13.366184170003079,90.36033261472129,7.884200800739144,32.49153064367108,38.527871881736985,52.17123498614106,9.300893132121958,504.06825103830175,521.1396862021227,533.6803876326719,523.4826949700046,608.2418089524689,538.1225657591141,2167,33.261472128118264,18.293809670465045,2167,Sudeste
3122306,Divinópolis,MG,6806,1306,1.4491625036732294,33.94064061122538,5.392300910960917,79.28298560094035,2.3949456362033503,23.905377607992946,56.12694681163679,41.154863355862474,2.7181898325007348,528.1803317031682,548.681841377844,561.8044227089092,585.7917286838189,666.6680842015735,578.2252817350627,4703,30.899206582427276,19.188950925653835,4703,Sudeste
3123700,Engenheiro Caldas,MG,566,145,2.0530035335689045,62.014134275618375,4.240282685512367,97.70318021201413,6.18374558303887,35.159010600706715,29.858657243816257,65.90106007067138,4.240282685512367,483.6543417366947,503.3966386554622,520.7100840336135,507.98123249299715,580.8963585434174,519.3277310924369,357,36.925795053003526,25.618374558303884,357,Sudeste
3123908,Entre Rios de Minas,MG,907,199,1.9955898566703418,50.05512679162073,9.151047409040794,97.24366041896361,3.8588754134509373,39.250275633958104,33.73759647188533,60.85997794928335,5.402425578831313,503.8481889763779,525.7850393700787,539.984094488189,544.2773228346456,628.0944881889764,548.3978267716535,635,29.98897464167586,21.940463065049613,635,Sudeste
3124005,Ervália,MG,542,120,2.0350553505535056,55.71955719557196,7.380073800738007,85.97785977859779,5.535055350553505,48.8929889298893,33.579335793357934,57.38007380073801,9.040590405904059,509.0314917127072,529.2649171270718,540.714640883978,540.2883977900552,619.6132596685082,547.782541436464,362,33.210332103321036,22.14022140221402,362,Sudeste
3124104,Esmeraldas,MG,854,140,1.8864168618266979,51.52224824355972,9.367681498829041,90.1639344262295,4.332552693208431,33.25526932084309,36.885245901639344,57.72833723653395,5.386416861826698,495.72730627306277,520.7627306273063,538.9618081180812,519.6073800738008,576.8265682656827,530.3771586715867,542,36.53395784543325,16.39344262295082,542,Sudeste
3124302,Espinosa,MG,744,186,2.3951612903225805,69.6236559139785,19.758064516129032,96.90860215053763,16.129032258064516,37.096774193548384,22.983870967741936,60.08064516129033,16.93548387096774,482.53605072463773,491.731884057971,517.7740942028985,503.6548913043478,573.6594202898551,513.871268115942,552,25.806451612903224,25.0,552,Sudeste
3125101,Extrema,MG,1107,181,1.4570912375790424,35.59168925022583,3.9747064137308037,80.93947606142729,2.2583559168925023,22.94489611562782,56.36856368563685,40.921409214092144,2.710027100271003,509.27167832167834,528.9103146853147,549.2015734265734,543.1473776223776,605.9440559440559,547.295,572,48.32881662149955,16.350496838301716,572,Sudeste
3126109,Formiga,MG,1462,357,1.4213406292749657,36.66210670314637,3.146374829001368,71.75102599179206,2.188782489740082,28.385772913816687,55.06155950752394,42.6812585499316,2.2571819425444595,537.0144432194046,549.1436604189636,559.345644983462,591.5900771775082,692.9217199558985,586.0031091510474,907,37.96169630642955,24.418604651162788,907,Sudeste
3126703,Francisco Sá,MG,796,239,2.369346733668342,73.11557788944724,25.0,85.80402010050251,19.47236180904523,33.54271356783919,24.371859296482413,56.15577889447236,19.47236180904523,472.1569090909091,485.39690909090905,501.85054545454545,469.58181818181816,582.2545454545455,502.2481454545454,550,30.90452261306532,30.025125628140703,550,Sudeste
3127107,Frutal,MG,1566,431,1.6596424010217115,50.89399744572158,5.938697318007663,79.11877394636015,2.937420178799489,27.07535121328225,43.486590038314176,53.12899106002554,3.3844189016602813,491.7130916414904,508.76042296072507,528.6372608257805,505.196273917422,583.705941591138,523.6025981873112,993,36.59003831417624,27.522349936143037,993,Sudeste
3127701,Governador Valadares,MG,8294,1882,1.5921147817699541,43.83891970098867,6.390161562575355,80.62454786592717,4.605739088497709,23.75210995900651,49.46949602122016,46.17795997106342,4.352544007716422,504.34324475004644,522.7041813789259,542.4449916372422,538.7262962274671,622.2709533543951,546.0979334696153,5381,35.12177477694719,22.69110200144683,5381,Sudeste
3128006,Guanhães,MG,1241,355,1.9153908138597906,54.95568090249798,10.07252215954875,80.7413376309428,9.427880741337631,36.34165995165189,37.792103142626914,51.89363416599516,10.314262691377921,489.8287356321839,504.52459770114945,521.8979310344828,510.0366666666667,600.1149425287356,525.2805747126437,870,29.89524576954069,28.60596293311845,870,Sudeste
3128709,Guaxupé,MG,1407,348,1.3539445628997868,39.09026297085998,1.7768301350390905,67.37739872068231,1.7768301350390905,25.37313432835821,54.58422174840085,44.349680170575695,1.0660980810234542,523.3063965884861,543.3330490405117,556.4826226012793,570.4735607675906,640.9594882729211,566.9110234541578,938,33.333333333333336,24.733475479744136,938,Sudeste
3129806,Ibirité,MG,3594,401,1.7412353923205341,43.099610461880914,6.288258208124652,91.70840289371174,3.867557039510295,29.15971062882582,43.600445186421815,52.81023928770172,3.589315525876461,501.2642133098281,520.412560599383,543.2180255619215,521.7524900837373,595.8219479947113,536.4938475099162,2269,36.867000556483035,11.15748469671675,2269,Sudeste
3130101,Igarapé,MG,960,179,1.6697916666666666,42.5,7.083333333333333,84.58333333333333,4.0625,28.749999999999996,46.875,48.333333333333336,4.791666666666667,499.9638709677419,521.3412903225806,541.3972580645161,529.0667741935484,598.2258064516129,537.999,620,35.416666666666664,18.645833333333332,620,Sudeste
3130606,Inconfidentes,MG,677,200,1.8700147710487445,46.233382570162476,4.283604135893649,95.42097488921713,2.954209748892171,38.10930576070901,39.88183161004431,57.31166912850812,2.806499261447563,513.7872017353579,531.6268980477223,547.8789587852494,563.2002169197397,626.767895878525,556.6522342733189,461,31.90546528803545,29.542097488921716,461,Sudeste
3130903,Inhapim,MG,917,217,2.0610687022900764,57.79716466739367,5.888767720828789,94.98364231188658,7.52453653217012,39.91275899672846,30.75245365321701,62.159214830970555,7.088331515812432,489.96261829652997,508.08690851735014,525.8777602523659,519.6757097791799,608.2649842271294,530.373596214511,634,30.861504907306436,23.66412213740458,634,Sudeste
3131307,Ipatinga,MG,7615,1596,1.4517399868680236,37.20288903479974,3.716349310571241,77.97767564018385,3.545633617859488,22.73145108338805,54.497701904136576,43.046618516086674,2.4556795797767563,525.9649324861001,540.8267474185861,556.2684868943606,572.691004765687,660.0913423351867,571.1685027799841,5036,33.867367038739324,20.95863427445831,5036,Sudeste
3131703,Itabira,MG,3348,736,1.5486857825567504,40.681003584229394,8.900836320191159,77.47909199522103,2.807646356033453,25.0,51.16487455197133,43.966547192353644,4.86857825567503,508.4474817046922,526.0854068015497,544.6590615583298,549.3266896254843,636.2978906586311,552.9633060697374,2323,30.61529271206691,21.983273596176822,2323,Sudeste
3131901,Itabirito,MG,1296,222,1.459104938271605,31.095679012345677,3.4722222222222223,88.58024691358025,2.1604938271604937,20.60185185185185,58.48765432098766,39.50617283950617,2.006172839506173,521.4095132743363,538.1601769911505,556.8905973451327,563.2726769911504,633.362831858407,562.6191592920354,904,30.246913580246915,17.12962962962963,904,Sudeste
3132107,Itacarambi,MG,828,150,2.385265700483092,70.28985507246377,21.73913043478261,97.34299516908213,16.304347826086957,32.850241545893724,21.135265700483092,63.40579710144928,15.458937198067632,451.82545454545453,466.6066666666666,485.97474747474746,445.8060606060606,513.6565656565657,472.773898989899,495,40.21739130434783,18.115942028985508,495,Sudeste
3132404,Itajubá,MG,4736,1156,1.296241554054054,33.76266891891892,3.040540540540541,66.57516891891892,3.0616554054054053,23.18412162162162,59.45945945945946,38.407939189189186,2.1326013513513513,515.366796875,537.5018930288462,551.7602463942308,572.3458533653846,659.0805288461538,567.2110637019231,3328,29.729729729729726,24.408783783783782,3328,Sudeste
3132503,Itamarandiba,MG,1273,292,2.270227808326787,67.16417910447761,14.29693637077769,98.586017282011,10.133542812254518,36.84210526315789,25.687352710133542,62.529457973291436,11.78318931657502,485.84215568862277,509.131497005988,524.6831137724552,513.7761676646707,602.6107784431138,527.20874251497,835,34.406912804399056,22.93794186959937,835,Sudeste
3133303,Itaobim,MG,1146,295,2.4607329842931938,72.6003490401396,20.855148342059337,98.1675392670157,17.801047120418847,36.64921465968586,21.11692844677138,60.47120418848168,18.411867364746946,472.3805890227577,484.6018741633199,505.4547523427042,473.43427041499336,541.178045515395,495.40990629183403,747,34.81675392670157,25.74171029668412,747,Sudeste
3133808,Itaúna,MG,1851,385,1.331172339276067,32.847109670448404,4.808211777417612,69.80010804970286,3.0253916801728797,22.636412749864938,58.23878984332793,39.222042139384115,2.5391680172879525,531.879086115993,556.6669595782074,566.4429701230229,591.8480667838313,697.8383128295255,588.9350790861159,1138,38.51971907077255,20.799567801188545,1138,Sudeste
3134202,Ituiutaba,MG,3340,679,1.671556886227545,47.604790419161674,7.544910179640718,82.03592814371258,4.700598802395209,25.269461077844312,45.868263473053894,49.49101796407185,4.640718562874251,499.6394226432116,509.95539016689224,530.0840324763194,510.57600360847994,582.7604871447902,526.6030672079387,2217,33.62275449101796,20.32934131736527,2217,Sudeste
3134400,Iturama,MG,1312,464,1.6890243902439024,54.954268292682926,7.317073170731707,80.1829268292683,3.8109756097560976,22.63719512195122,43.21646341463415,52.66768292682927,4.115853658536586,487.17149270482605,491.9998877665545,516.2565656565656,495.7978675645343,557.5308641975308,509.7513355780022,891,32.088414634146346,35.36585365853659,891,Sudeste
3134707,Jacinto,MG,583,148,2.4065180102915953,76.84391080617495,13.379073756432247,98.11320754716981,17.83876500857633,34.476843910806174,18.181818181818183,68.09605488850772,13.7221269296741,463.85874316939885,468.9885245901639,496.87540983606556,458.5450819672131,519.2349726775956,481.50054644808745,366,37.221269296741,25.38593481989708,366,Sudeste
3135050,Jaíba,MG,882,146,2.241496598639456,68.25396825396825,16.780045351473923,93.08390022675736,11.11111111111111,34.92063492063492,25.170068027210885,62.925170068027214,11.904761904761903,475.10385395537526,489.17707910750505,506.54056795131845,478.77809330628804,535.2129817444219,496.9625152129817,493,44.10430839002267,16.55328798185941,493,Sudeste
3135100,Janaúba,MG,2557,570,1.8975361752053188,56.78529526789207,13.140398904966757,85.49080954243253,7.508799374266719,26.828314430973798,37.38756355103637,54.39968713335941,8.212749315604222,493.9249855741489,503.4626081938834,523.4590305828044,517.4052510098096,593.2487016733987,526.300115406809,1733,32.225263981228004,22.29174814235432,1733,Sudeste
3135209,Januária,MG,2786,478,2.3158650394831297,66.7264895908112,22.36180904522613,96.05168700646087,15.829145728643216,30.61737257717157,25.771715721464467,58.43503230437904,15.793251974156497,475.74845605700716,482.9836698337292,508.308729216152,473.23592636579576,547.8978622327791,497.6349287410926,1684,39.554917444364676,17.15721464465183,1684,Sudeste
3135803,Jequitinhonha,MG,822,156,2.4148418491484187,70.92457420924573,18.97810218978102,93.30900243309003,17.761557177615572,40.51094890510949,23.114355231143552,58.15085158150851,18.734793187347933,466.16494623655916,476.2696774193548,502.3864516129033,468.58000000000004,527.741935483871,488.2286021505376,465,43.43065693430657,18.97810218978102,465,Sudeste
3136207,João Monlevade,MG,2605,536,1.5228406909788867,37.92706333973129,6.218809980806142,81.91938579654511,3.99232245681382,22.226487523992322,53.20537428023032,43.22456813819578,3.570057581573896,518.7671625344353,533.3815426997245,548.3440771349863,556.9904683195592,638.931129476584,559.2828760330578,1815,30.326295585412666,20.57581573896353,1815,Sudeste
3136306,João Pinheiro,MG,996,299,1.6566265060240963,52.40963855421686,5.421686746987952,78.5140562248996,5.421686746987952,23.895582329317268,42.570281124497996,52.911646586345384,4.518072289156627,494.0864353312303,509.36261829653,533.3869085173501,524.3679810725552,613.9432176656152,535.0294321766561,634,36.34538152610441,30.020080321285143,634,Sudeste
3136652,Juatuba,MG,730,73,1.773972602739726,45.34246575342466,5.89041095890411,93.56164383561644,5.47945205479452,27.123287671232877,43.83561643835616,52.19178082191781,3.9726027397260277,511.884375,521.9588942307693,543.2824519230769,534.3026442307693,606.3942307692307,543.5645192307692,416,43.013698630136986,10.0,416,Sudeste
3136702,Juiz de Fora,MG,14839,1969,1.3645798234382371,33.472605970752745,6.051620729159647,67.96953972639666,4.218613114091245,24.74560280342341,57.38931194824449,39.23444976076555,3.3762382909899586,527.6461802401857,551.0738823291956,564.1262185891613,571.1228075486931,648.7011807447775,572.5340538904027,9909,33.22326302311477,13.269088213491475,9909,Sudeste
3137007,Ladainha,MG,306,35,2.6601307189542482,78.10457516339869,30.065359477124183,98.69281045751634,17.320261437908496,41.830065359477125,16.33986928104575,62.091503267973856,21.568627450980394,474.33750000000003,493.0757352941177,512.0779411764706,484.57132352941176,541.7647058823529,501.1654411764706,136,55.55555555555556,11.437908496732026,136,Sudeste
3137205,Lagoa da Prata,MG,1488,366,1.5423387096774193,42.80913978494624,3.024193548387097,81.04838709677419,4.032258064516129,23.31989247311828,52.083333333333336,45.766129032258064,2.1505376344086025,512.7285857572718,536.1064192577733,550.4492477432298,569.2362086258777,674.6238716148446,568.6288665997994,997,32.997311827956985,24.596774193548388,997,Sudeste
3137601,Lagoa Santa,MG,2143,444,1.3061129258049464,30.937937470835276,5.832944470368642,70.69528698086795,2.6598226784881005,20.48530097993467,60.38264115725618,36.86420905272982,2.753149790013999,520.4193311036789,543.1218060200669,559.9794648829431,564.0690969899666,639.9598662207358,565.5099130434783,1495,30.237984134391038,20.718618758749415,1495,Sudeste
3137809,Lambari,MG,533,143,1.848030018761726,51.594746716697934,6.378986866791744,87.61726078799249,4.690431519699812,34.52157598499062,38.649155722326455,55.53470919324578,5.816135084427768,501.3756345177665,530.7010152284264,546.2322335025381,546.1383248730964,645.0253807106599,553.8945177664974,394,26.07879924953096,26.82926829268293,394,Sudeste
3138203,Lavras,MG,4801,876,1.3722141220579045,34.805248906477814,4.0408248281608,69.29806290356176,3.645073942928557,25.432201624661527,55.44678192043324,41.78296188294105,2.770256196625703,520.1568932655654,534.6312261753494,550.4687738246506,560.8496188055909,657.12833545108,564.6469695044473,3148,34.430327015205165,18.246198708602375,3148,Sudeste
3138401,Leopoldina,MG,1282,249,1.5709828393135725,43.8377535101404,4.6801872074882995,79.25117004680187,5.46021840873635,23.868954758190327,49.06396255850234,47.581903276131044,3.3541341653666144,509.5481613285883,525.2431791221827,542.5309608540925,540.5014234875445,618.932384341637,547.351221826809,843,34.24336973478938,19.422776911076443,843,Sudeste
3138609,Lima Duarte,MG,491,121,1.8411405295315681,47.04684317718941,10.9979633401222,89.40936863543789,3.8696537678207736,32.79022403258656,42.15885947046843,51.32382892057027,6.517311608961303,503.67312138728323,514.7604046242775,530.6745664739884,523.792485549133,576.1849710982659,529.8171098265896,346,29.531568228105908,24.643584521384927,346,Sudeste
3138658,Lontra,MG,1113,257,2.6639712488769094,79.06558849955077,26.325247079964058,97.84366576819407,21.743036837376458,41.41958670260557,15.27403414195867,62.44384546271339,22.282120395327944,463.31324085750316,474.309079445145,498.11639344262295,467.8022698612863,540.8827238335435,488.88474148802015,793,28.751123090745732,23.090745732255165,793,Sudeste
3138807,Luz,MG,542,121,1.5461254612546125,48.33948339483395,7.9335793357933575,68.26568265682657,4.243542435424354,25.830258302583026,48.154981549815496,46.125461254612546,5.719557195571956,503.85648854961835,511.8529262086514,533.6959287531806,520.5468193384223,584.9872773536896,530.9878880407124,393,27.49077490774908,22.324723247232473,393,Sudeste
3138906,Machacalis,MG,468,211,2.358974358974359,74.57264957264957,16.45299145299145,98.07692307692307,15.81196581196581,30.982905982905983,20.299145299145298,66.45299145299145,13.247863247863249,454.7546875,460.191875,486.79625,448.25593749999996,503.9375,470.78725000000003,320,31.62393162393162,45.085470085470085,320,Sudeste
3139003,Machado,MG,1057,295,1.436140018921476,38.78902554399243,2.9328287606433303,68.96877956480606,1.7029328287606436,31.22043519394513,53.358561967833495,45.127719962157045,1.5137180700094608,519.3955223880597,538.5116689280868,556.3127544097694,567.4218453188603,666.5671641791045,569.6417910447761,737,30.27436140018922,27.90917691579943,737,Sudeste
3139201,Malacacheta,MG,467,126,2.4775160599571735,74.94646680942184,17.77301927194861,96.1456102783726,15.845824411134904,43.0406852248394,19.700214132762312,60.81370449678801,19.48608137044968,471.9033950617284,490.48981481481485,508.01851851851853,474.8824074074074,535.8641975308642,496.2316666666667,324,30.620985010706637,26.98072805139186,324,Sudeste
3139300,Manga,MG,919,237,2.4494015233949944,76.6050054406964,21.00108813928183,98.69423286180631,16.75734494015234,31.88248095756257,19.477693144722526,63.65614798694232,16.866158868335145,455.97675840978593,469.08837920489293,489.0582568807339,445.5117737003058,510.8256880733945,474.0921712538227,654,28.835690968443963,25.78890097932535,654,Sudeste
3139409,Manhuaçu,MG,4604,1024,1.97871416159861,57.18940052128584,8.275412684622067,87.92354474370113,6.950477845351869,37.532580364900085,34.51346655082537,57.40660295395309,8.079930495221546,497.0763609246831,516.5296047725577,534.0552572706935,530.4866517524235,626.13721103654,540.8570171513795,2682,41.74630755864466,22.241529105125977,2682,Sudeste
3139508,Manhumirim,MG,690,168,1.772463768115942,51.15942028985507,7.246376811594203,78.69565217391305,7.101449275362319,33.04347826086956,40.869565217391305,52.7536231884058,6.3768115942028984,502.5270967741936,526.5176344086021,541.5744086021506,532.3483870967742,649.8064516129032,550.5547956989247,465,32.608695652173914,24.347826086956523,465,Sudeste
3139607,Mantena,MG,758,195,1.9406332453825859,56.464379947229546,6.464379947229551,93.13984168865436,4.353562005277045,33.64116094986807,34.82849604221636,60.29023746701847,4.881266490765172,484.1355828220859,504.5257668711657,526.0650306748466,506.67341513292433,571.7382413087935,518.6276073619632,489,35.48812664907651,25.725593667546175,489,Sudeste
3140001,Mariana,MG,2097,290,1.5674773485932285,38.102050548402474,4.86409155937053,80.78206962327134,4.673342870767764,28.32618025751073,50.69146399618503,45.87505960896519,3.4334763948497855,510.49450222882615,529.6462109955423,545.9371471025261,538.3929420505201,606.5230312035661,546.1987667161961,1346,35.81306628516929,13.829279923700524,1346,Sudeste
3140704,Mateus Leme,MG,612,89,1.661764705882353,44.93464052287582,6.372549019607843,84.80392156862744,4.411764705882353,25.653594771241828,44.28104575163398,51.307189542483655,4.411764705882353,514.8657289002557,528.4542199488491,551.1877237851662,545.1066496163684,635.7033248081841,555.0635294117646,391,36.111111111111114,14.54248366013072,391,Sudeste
3141108,Matozinhos,MG,856,124,1.5373831775700935,40.42056074766355,7.242990654205607,81.42523364485982,3.5046728971962615,21.144859813084114,51.98598130841121,43.925233644859816,4.0887850467289715,499.51072056239013,522.8328646748682,541.9284710017574,524.203690685413,606.6432337434095,539.0237961335677,569,33.52803738317757,14.485981308411214,569,Sudeste
3141801,Minas Novas,MG,1013,268,2.411648568608095,68.70681145113524,16.189536031589338,98.3218163869694,16.288252714708786,41.65844027640671,22.8035538005923,60.315893385982235,16.88055281342547,464.6445234708392,483.63527738264577,501.78122332859175,480.023186344239,538.2930298719773,493.6754480796586,703,30.60217176702863,26.456071076011845,703,Sudeste
3142908,Monte Azul,MG,1184,391,2.21875,69.25675675675676,15.202702702702704,89.86486486486487,18.58108108108108,28.969594594594593,27.280405405405407,58.27702702702703,14.442567567567568,474.86802325581397,487.42,508.6725581395349,491.34453488372094,559.1395348837209,504.28893023255813,860,27.36486486486487,33.02364864864865,860,Sudeste
3143104,Monte Carmelo,MG,1473,361,1.7155465037338764,47.99728445349626,4.344874405974202,87.03326544467073,4.480651731160896,27.698574338085542,44.059742023082144,52.41004752206382,3.5302104548540396,497.8284042553192,510.4953191489361,531.4920212765958,518.4370212765957,620.4255319148937,535.7356595744681,940,36.184657162253906,24.507807196198232,940,Sudeste
3143302,Montes Claros,MG,16572,2986,1.5938329712768524,46.125995655322235,9.733285059135891,76.18875211199614,6.203234371228579,21.132029930002414,48.17161477190442,46.494086410813416,5.334298817282162,513.7087576742507,529.2146623329721,546.8434091729866,540.5156554712893,639.9187432286024,554.0402455760202,11076,33.16437364228819,18.01834419502776,11076,Sudeste
3143401,Monte Sião,MG,582,133,1.493127147766323,32.81786941580756,3.951890034364261,76.46048109965635,2.5773195876288657,33.50515463917525,54.123711340206185,42.61168384879725,3.264604810996564,522.1595687331537,546.5301886792453,563.3471698113207,574.1247978436658,638.0592991913746,568.844204851752,371,36.254295532646054,22.852233676975946,371,Sudeste
3143906,Muriaé,MG,3520,758,1.75625,46.96022727272727,6.619318181818182,84.88636363636364,6.676136363636363,30.482954545454543,43.40909090909091,51.22159090909091,5.369318181818182,511.59935205183587,527.6571058315335,544.9555507559396,549.8470842332613,639.6889848812095,554.749615550756,2315,34.23295454545454,21.534090909090907,2315,Sudeste
3144003,Mutum,MG,547,137,2.0548446069469835,65.08226691042047,13.16270566727605,88.84826325411335,6.032906764168191,32.35831809872029,30.712979890310788,61.425959780621575,7.861060329067642,491.1427118644068,511.1010169491525,527.7749152542373,524.295593220339,604.9491525423729,531.8526779661017,295,46.06946983546618,25.045703839122485,295,Sudeste
3144102,Muzambinho,MG,1275,301,1.7309803921568627,42.8235294117647,4.313725490196078,90.43137254901961,2.9019607843137254,32.62745098039216,43.68627450980392,53.490196078431374,2.823529411764706,509.32064732142857,531.1738839285714,547.1735491071429,556.7995535714286,613.28125,551.5497767857142,896,29.72549019607843,23.607843137254903,896,Sudeste
3144300,Nanuque,MG,956,308,1.8430962343096233,60.77405857740585,8.99581589958159,85.0418410041841,7.426778242677824,22.07112970711297,36.82008368200837,57.42677824267782,5.7531380753138075,484.49968553459115,495.00786163522014,514.1493710691824,492.94323899371074,559.622641509434,509.24455974842766,636,33.47280334728033,32.21757322175732,636,Sudeste
3144607,Nepomuceno,MG,476,84,1.7394957983193278,45.168067226890756,9.243697478991598,79.62184873949579,4.621848739495799,35.294117647058826,43.90756302521008,49.36974789915966,6.722689075630252,510.25368731563424,526.0053097345133,540.5985250737463,549.7020648967551,625.9587020648968,550.5036578171091,339,28.781512605042014,17.647058823529413,339,Sudeste
3144706,Nova Era,MG,927,159,1.8705501618122977,53.182308522114354,11.542610571736784,87.70226537216828,5.717367853290183,28.91046386192017,37.648327939590075,55.87918015102481,6.472491909385113,496.26516007532956,509.56949152542376,532.7800376647834,522.5378531073446,589.3785310734463,530.1062146892656,531,42.71844660194175,17.15210355987055,531,Sudeste
3144805,Nova Lima,MG,2452,445,1.2361337683523654,32.01468189233279,5.383360522022838,65.74225122349104,2.6101141924959217,17.862969004893962,60.35889070146819,37.60195758564437,2.039151712887439,520.7316855270994,540.0754615842764,560.4019058963669,570.1949970220369,636.0690887432996,565.4946277546159,1679,31.525285481239806,18.148450244698207,1679,Sudeste
3145208,Nova Serrana,MG,2003,296,1.7973040439340988,47.72840738891663,5.841238142785821,87.56864702945582,4.742885671492761,33.84922616075886,39.49076385421868,56.31552670993509,4.193709435846231,499.08179043743644,524.9214649033571,544.3778229908444,535.8808748728383,608.7283825025432,542.5980671414039,983,50.923614578132806,14.777833250124814,983,Sudeste
3145307,Novo Cruzeiro,MG,1322,405,2.71482602118003,81.08925869894101,20.953101361573374,98.56278366111951,23.14674735249622,47.73071104387292,14.37216338880484,62.632375189107414,22.995461422087747,462.44180238870797,482.5918566775244,497.48512486427796,464.7513572204126,512.1606948968513,483.88616720955486,921,30.332829046898635,30.63540090771558,921,Sudeste
3145604,Oliveira,MG,1481,395,1.5091154625253207,43.07900067521945,6.61715057393653,70.56043214044566,2.2282241728561782,28.426738690074277,49.155975692099936,47.26536124240378,3.5786630654962863,518.4684792626729,534.651797235023,551.6670046082949,559.9852534562212,671.6866359447005,567.2918341013825,1085,26.73869007427414,26.67116812964213,1085,Sudeste
3145901,Ouro Branco,MG,1246,241,1.3739967897271268,30.096308186195824,4.735152487961477,75.4414125200642,2.7287319422150884,24.398073836276083,58.98876404494382,38.362760834670944,2.648475120385233,528.7529976019184,546.7568345323741,563.2693045563549,574.5065947242206,652.9016786570743,573.2374820143884,834,33.06581059390048,19.341894060995184,834,Sudeste
3146008,Ouro Fino,MG,685,191,1.4262773722627737,39.70802919708029,4.37956204379562,70.21897810218978,2.18978102189781,26.13138686131387,54.598540145985396,42.77372262773723,2.627737226277372,518.0304545454545,527.7,551.2863636363636,565.8202272727273,657.5,564.0674090909091,440,35.76642335766424,27.883211678832115,440,Sudeste
3146107,Ouro Preto,MG,2505,211,1.532934131736527,31.57684630738523,4.710578842315369,88.30339321357286,4.950099800399202,23.75249500998004,54.21157684630739,43.11377245508982,2.6746506986027945,511.9585381630013,535.2800776196636,548.6174644243208,543.9282664941785,601.862871927555,548.3294437257438,1546,38.28343313373254,8.423153692614772,1546,Sudeste
3146305,Padre Paraíso,MG,904,251,2.5575221238938055,78.98230088495575,17.699115044247787,98.78318584070797,16.5929203539823,43.69469026548673,15.929203539823009,66.26106194690266,17.809734513274336,463.9046232876712,476.06592465753425,498.00479452054793,458.35804794520544,529.0410958904109,485.07489726027393,584,35.39823008849557,27.765486725663717,584,Sudeste
3147006,Paracatu,MG,2103,394,1.495958155016643,45.458868283404655,5.896338563956252,74.51260104612459,3.851640513552068,19.876367094626723,50.97479790775083,45.50641940085592,3.518782691393248,506.764480874317,519.9151444184231,539.6953942232631,528.6734582357533,624.9336455893833,543.996424668228,1281,39.0870185449358,18.735140275796482,1281,Sudeste
3147105,Pará de Minas,MG,2623,616,1.559664506290507,41.40297369424324,6.1380099123141445,78.61227601982462,2.5162028211971026,27.296988181471598,49.48532215020968,47.42661075104842,3.0880670987418988,521.367012195122,538.0881097560975,551.9723170731708,568.9210365853659,668.560975609756,569.7818902439025,1640,37.47617232176896,23.484559664506293,1640,Sudeste
3147402,Paraopeba,MG,804,161,1.8345771144278606,55.970149253731336,10.945273631840797,83.70646766169155,5.348258706467662,27.487562189054728,38.059701492537314,55.84577114427861,6.0945273631840795,504.06480769230774,517.0390384615384,532.8840384615385,526.9228846153846,606.1538461538462,537.4129230769231,520,35.32338308457711,20.024875621890548,520,Sudeste
3147907,Passos,MG,3580,786,1.5120111731843575,39.720670391061454,3.798882681564246,78.91061452513966,3.6592178770949726,25.11173184357542,51.42458100558659,46.229050279329606,2.346368715083799,507.758416252073,528.5760364842454,547.0028606965174,552.5516169154229,659.0298507462686,558.9837562189055,2412,32.625698324022345,21.955307262569832,2412,Sudeste
3148004,Patos de Minas,MG,4436,1249,1.3999098286744815,34.64833183047791,3.4490532010820556,75.85662759242561,2.660054102795311,23.376916140667266,56.6726780883679,41.23083859332732,2.096483318304779,523.9112945838838,540.6096763540291,553.7315059445178,564.4748348745046,671.1492734478203,570.7753170409511,3028,31.74030658250676,28.15599639314698,3028,Sudeste
3148103,Patrocínio,MG,2209,559,1.5228610230873698,42.05522861023087,4.753282028066998,77.13897691263016,3.123585332729742,25.215029425079223,50.430058850158446,46.49162516976007,3.0783159800814848,506.6823571945047,521.5852494577007,542.2088214027477,537.7611713665943,644.8445408532176,550.616428054953,1383,37.39248528746039,25.305568130375732,1383,Sudeste
3148707,Pedra Azul,MG,762,165,2.248031496062992,69.5538057742782,11.548556430446194,93.83202099737534,13.517060367454068,36.351706036745405,24.409448818897637,64.1732283464567,11.41732283464567,465.5506147540984,484.7561475409836,504.87438524590164,468.80840163934425,534.9180327868852,491.78151639344264,488,35.95800524934383,21.653543307086615,488,Sudeste
3149309,Pedro Leopoldo,MG,1247,209,1.2293504410585405,31.19486768243785,4.490777866880514,68.72493985565356,1.7642341619887731,16.760224538893347,64.07377706495589,33.84121892542101,2.0850040096230953,523.6645598194131,542.315914221219,556.8141083521444,570.4879232505643,637.0428893905192,566.065079006772,886,28.949478748997592,16.760224538893347,886,Sudeste
3150802,Piranga,MG,643,163,2.3716951788491447,65.16329704510109,19.440124416796266,98.28926905132192,8.087091757387247,46.18973561430793,24.261275272161743,59.25349922239502,16.485225505443236,490.11567328918323,516.6602649006622,528.1401766004415,523.9924944812362,613.2008830022075,534.4218984547462,453,29.54898911353032,25.34992223950233,453,Sudeste
3151206,Pirapora,MG,2361,396,1.9186785260482846,57.179161372299866,11.689961880559085,89.53833121558662,8.343922066920797,25.11647606946209,37.78060144006777,54.29902583650995,7.920372723422278,487.12107877927605,502.70078069552875,526.4539389638041,496.6292405961675,560.652945351313,514.7115968772179,1409,40.32189750105888,16.772554002541295,1409,Sudeste
3151404,Pitangui,MG,677,170,1.7459379615952733,50.81240768094535,7.976366322008863,85.96750369276218,2.658788774002954,27.17872968980798,43.1314623338257,51.994091580502214,4.874446085672083,496.39630484988453,518.5718244803695,535.5757505773672,539.8080831408776,610.6235565819861,540.195103926097,433,36.04135893648449,25.11078286558346,433,Sudeste
3151503,Piumhi,MG,1316,428,1.5866261398176291,44.756838905775076,4.635258358662614,74.77203647416414,3.7993920972644375,30.69908814589666,48.02431610942249,48.10030395136778,3.875379939209726,499.92266973532793,518.5463751438435,538.8369390103567,536.1553509781357,599.4246260069045,538.5771921749138,869,33.96656534954408,32.52279635258359,869,Sudeste
3151800,Poços de Caldas,MG,4061,840,1.2915538044816548,31.93794631864073,3.6197980792908155,67.79118443733071,2.2408273824181237,23.565624230485103,59.418862349175086,38.389559221866534,2.1915784289583846,526.3802058590657,550.7722090261283,564.5777513855899,576.81144101346,658.7885985748219,575.4660411718131,2526,37.79857178034967,20.684560453090373,2526,Sudeste
3152006,Pompéu,MG,622,119,1.9131832797427653,56.91318327974276,10.77170418006431,90.67524115755627,3.858520900321544,29.099678456591636,37.138263665594856,56.91318327974276,5.94855305466238,495.21561712846346,514.682871536524,529.7062972292191,531.8017632241813,666.3476070528967,547.5508312342569,397,36.17363344051447,19.131832797427652,397,Sudeste
3152105,Ponte Nova,MG,3321,670,1.8512496236073472,52.243300210779886,7.768744354110208,85.12496236073473,5.721168322794339,34.26678711231557,38.151159289370675,55.82655826558266,6.022282445046673,497.5132547169812,520.4847169811321,537.7806603773585,529.0992452830188,612.6037735849056,539.4963301886793,2120,36.16380608250527,20.174646190906355,2120,Sudeste
3152204,Porteirinha,MG,1410,410,2.126241134751773,62.269503546099294,13.120567375886525,96.02836879432624,10.851063829787234,30.354609929078013,30.56737588652482,59.85815602836879,9.574468085106384,490.944578313253,498.568875502008,520.7026104417671,505.1895582329317,592.1084337349398,521.5028112449799,996,29.361702127659573,29.078014184397162,996,Sudeste
3152501,Pouso Alegre,MG,4403,1123,1.2857142857142858,33.49988644106291,3.452191687485805,67.86282080399727,2.384737678855326,21.371791960027252,59.709289121053835,38.17851464910289,2.112196229843289,523.8652605459057,544.6747252747252,560.7099255583126,577.291811414392,652.5274725274726,571.8138390641617,2821,35.930047694753576,25.505337270043153,2821,Sudeste
3154606,Ribeirão das Neves,MG,5303,627,1.9164623797850273,49.51914010937205,7.920045257401472,95.85140486517065,6.185178201018291,32.17046954554026,36.58306618894965,58.155760890062226,5.26117292098812,493.532618629174,517.1580667838313,538.6762390158171,511.3578207381371,581.1810193321617,528.3811528998243,2845,46.35112200641146,11.823496134263625,2845,Sudeste
3155603,Rio Pardo de Minas,MG,872,271,2.4736238532110093,74.08256880733946,13.302752293577983,96.55963302752293,19.15137614678899,44.26605504587156,18.807339449541285,65.94036697247707,15.252293577981652,470.4673333333334,488.358,506.64066666666673,489.95099999999996,584.5,507.98339999999996,600,31.19266055045872,31.077981651376145,600,Sudeste
3156700,Sabará,MG,2031,194,1.6651895617922206,42.63909404234367,8.370260955194485,87.59231905465288,3.79123584441162,24.1260462826194,47.66125061546037,48.3998030526834,3.9389463318562288,503.70968006562754,524.4016406890894,546.6701394585726,531.5802296964725,596.1443806398687,540.5012141099262,1219,39.98030526834072,9.551944854751355,1219,Sudeste
3157005,Salinas,MG,1893,514,2.312202852614897,69.25515055467511,17.69677760169044,94.34759640781827,16.376122556788168,33.5446381405177,25.83201267828843,58.58425779186477,15.583729529846805,477.78780297107113,487.8776387802971,508.94456606724003,487.97771696638,555.3870211102424,503.5949491790462,1279,32.43528790279979,27.152667723190703,1279,Sudeste
3157203,Santa Bárbara,MG,907,231,1.5391400220507165,39.58103638368247,7.938257993384785,78.05953693495039,3.9691289966923926,24.366041896361633,51.81918412348401,43.109151047409036,5.071664829106946,505.578108581436,525.4725043782837,546.323642732049,540.1656742556918,625.7443082311734,548.6568476357268,571,37.04520396912899,25.468577728776186,571,Sudeste
3157807,Santa Luzia,MG,4862,588,1.6587823940765116,41.81406828465652,7.301522007404361,84.92389962978199,4.216371863430687,27.62237762237762,46.72974084738791,49.321266968325794,3.948992184286302,502.99151414309483,530.1840931780366,547.0583028286189,529.8787354409318,602.6821963394343,542.5589683860233,3005,38.19415878239407,12.0937885643768,3005,Sudeste
3158201,Santa Maria do Suaçuí,MG,653,200,2.3996937212863707,70.59724349157733,19.448698315467077,98.31546707503828,12.710566615620214,38.89739663093415,20.82695252679939,63.24655436447168,15.926493108728943,480.33459119496854,491.29329140461215,513.9345911949686,485.85765199161426,576.3102725366876,509.54607966457024,477,26.952526799387442,30.627871362940272,477,Sudeste
3159605,Santa Rita do Sapucaí,MG,1104,217,1.1684782608695652,29.528985507246375,3.0797101449275366,60.416666666666664,2.1739130434782608,21.64855072463768,65.30797101449275,33.242753623188406,1.4492753623188406,513.3240875912409,532.1440875912409,554.1966423357665,579.0916788321168,697.8686131386861,575.3250218978102,685,37.95289855072463,19.655797101449277,685,Sudeste
3160702,Santos Dumont,MG,934,117,1.6873661670235547,45.50321199143469,7.494646680942184,88.6509635974304,4.710920770877944,22.376873661670235,46.57387580299786,48.394004282655246,5.032119914346895,498.78937409024746,524.1183406113537,542.1077147016011,533.0359534206696,597.3216885007278,539.07461426492,687,26.445396145610278,12.526766595289079,687,Sudeste
3161106,São Francisco,MG,2040,546,2.6098039215686275,77.3529411764706,32.15686274509804,95.53921568627452,19.754901960784313,36.17647058823529,17.30392156862745,60.98039215686275,21.715686274509803,462.39863739591215,474.43898561695687,496.65329295987885,459.7275548826646,511.12793338380015,480.8692808478425,1321,35.245098039215684,26.764705882352942,1321,Sudeste
3162005,São Gonçalo do Sapucaí,MG,488,145,1.5204918032786885,43.23770491803279,5.942622950819672,69.67213114754098,4.098360655737705,29.098360655737704,48.77049180327869,47.74590163934426,3.483606557377049,507.90180180180175,530.3672672672673,544.2222222222222,560.8798798798799,622.5225225225225,553.1787387387387,333,31.762295081967217,29.713114754098363,333,Sudeste
3162104,São Gotardo,MG,1345,369,1.6802973977695168,42.75092936802974,3.866171003717472,83.79182156133828,3.3457249070631967,34.27509293680298,44.237918215613384,52.78810408921933,2.973977695167286,501.49319727891157,516.1045351473923,537.6201814058957,527.9757369614513,624.5804988662131,541.5548299319728,882,34.42379182156133,27.434944237918213,882,Sudeste
3162500,São João del Rei,MG,5192,878,1.5720338983050848,37.69260400616333,5.508474576271186,78.6979969183359,3.2935285053929118,32.01078582434514,49.98073959938367,46.10939907550077,3.9098613251155623,516.0971983356449,540.6239389736477,555.7177531206657,560.1548127600555,644.8377253814147,563.4862857142857,3605,30.566255778120187,16.910631741140218,3605,Sudeste
3162708,São João do Paraíso,MG,778,203,2.4704370179948585,71.59383033419023,21.979434447300772,98.58611825192803,10.925449871465295,43.958868894601544,21.336760925449873,60.53984575835476,18.123393316195372,481.7613190730837,499.4946524064171,517.6704099821746,503.7044563279858,589.8039215686274,518.4869518716578,561,27.892030848329053,26.092544987146532,561,Sudeste
3162807,São João Evangelista,MG,1190,337,2.0470588235294116,56.72268907563025,11.092436974789916,93.52941176470588,8.991596638655462,34.36974789915966,36.38655462184874,53.109243697478995,10.504201680672269,505.63905683192263,513.0702539298669,531.181015719468,530.4458282950424,609.1656590084643,537.9003627569529,827,30.50420168067227,28.319327731092436,827,Sudeste
3162906,São João Nepomuceno,MG,1056,224,1.7035984848484849,48.390151515151516,5.871212121212121,76.51515151515152,4.356060606060606,35.22727272727273,43.371212121212125,51.70454545454546,4.924242424242424,507.1653225806452,519.4014784946237,542.2478494623656,542.4385752688172,621.6129032258065,546.5732258064515,744,29.54545454545454,21.21212121212121,744,Sudeste
3162922,São Joaquim de Bicas,MG,505,61,1.8396039603960397,48.91089108910891,7.128712871287128,93.66336633663367,4.752475247524752,29.504950495049503,38.613861386138616,56.237623762376245,5.148514851485149,501.9395569620253,521.121835443038,542.628164556962,525.1145569620254,577.6582278481013,533.6924683544304,316,37.42574257425743,12.07920792079208,316,Sudeste
3162955,São José da Lapa,MG,617,79,1.7050243111831442,38.41166936790924,6.807131280388978,93.84116693679093,3.2414910858995136,28.200972447325768,46.353322528363044,50.405186385737444,3.2414910858995136,498.3660891089109,523.8284653465347,544.5477722772278,526.6165841584159,586.9306930693069,536.0579207920792,404,34.52188006482982,12.80388978930308,404,Sudeste
3163706,São Lourenço,MG,2523,797,1.4466904478795086,41.73602853745541,4.0428061831153395,68.05390408244153,2.893380895759017,27.94292508917955,51.76377328577091,45.3824811732065,2.853745541022592,509.1948094975152,530.0758144671453,547.7164549972391,551.3203202650469,632.921038100497,554.2456874654887,1811,28.22037257233452,31.58937772493064,1811,Sudeste
3163805,São Miguel do Anta,MG,496,124,2.25,62.298387096774185,7.459677419354839,93.95161290322581,11.491935483870968,49.79838709677419,27.21774193548387,60.68548387096774,12.096774193548388,488.66946778711485,510.7014005602241,514.9546218487394,511.02324929971985,603.0812324929972,525.685994397759,357,28.0241935483871,25.0,357,Sudeste
3164209,São Romão,MG,366,122,2.7076502732240435,82.5136612021858,30.87431693989071,99.72677595628416,24.59016393442623,33.060109289617486,12.021857923497267,64.75409836065575,23.224043715846996,442.1541125541126,460.63116883116885,480.7402597402597,443.4398268398269,480.86580086580085,461.5662337662338,231,36.885245901639344,33.33333333333333,231,Sudeste
3164704,São Sebastião do Paraíso,MG,2026,483,1.6712734452122409,46.10069101678184,5.281342546890425,81.29318854886476,4.1954590325765055,30.256663376110566,45.21224086870681,50.0,4.787759131293188,508.57304415182034,528.7703330751356,546.8603408210689,553.8431448489544,644.3996901626646,556.4893106119287,1291,36.278381046396845,23.840078973346497,1291,Sudeste
3167103,Serro,MG,778,170,2.3573264781491003,67.09511568123393,25.064267352185087,90.48843187660668,9.897172236503856,43.18766066838046,26.221079691516707,53.98457583547558,19.794344473007712,473.4776422764228,489.1786585365854,513.1646341463414,472.7073170731707,560.2032520325204,501.74630081300813,492,36.760925449871465,21.85089974293059,492,Sudeste
3167202,Sete Lagoas,MG,5759,1183,1.4321930890779648,40.00694565028651,7.44920993227991,71.08873068241014,4.479944434797708,20.194478208022225,54.67963188053482,41.257162701857965,4.063205417607223,521.3583094928479,541.8963589076723,553.4924057217165,562.5021066319896,644.2496749024707,564.6997711313394,3845,33.234936620941134,20.54176072234763,3845,Sudeste
3168002,Taiobeiras,MG,1353,358,2.1759053954175904,66.81448632668145,15.225424981522542,90.169992609017,11.825572801182558,33.555062823355506,27.19881744271988,60.310421286031044,12.490761271249076,485.14887387387387,503.9112612612613,520.8439189189189,514.9388513513513,602.8603603603603,525.5406531531531,888,34.3680709534368,26.45971914264597,888,Sudeste
3168606,Teófilo Otoni,MG,5247,1170,1.8791690489803696,53.63064608347627,10.768057937869258,85.03906994473031,8.633504859919954,29.845626072041163,40.15627977892129,51.61044406327425,8.233276157804461,499.2769230769231,517.9784138342278,534.5672331544424,519.0491055456172,592.9994036970782,532.7742158616577,3354,36.07775871926815,22.29845626072041,3354,Sudeste
3168705,Timóteo,MG,2027,420,1.310804144055254,31.869758263443515,3.058707449432659,74.88899851998026,2.4173655648741983,18.84558460779477,60.335471139615194,38.431179082387764,1.23334977799704,528.7556358381503,547.6981213872832,562.5731936416186,584.4309248554913,668.106936416185,578.3129624277457,1384,31.721756290083867,20.720276270350272,1384,Sudeste
3169307,Três Corações,MG,1946,410,1.4691675231243577,39.51695786228161,5.0359712230215825,73.38129496402878,5.241521068859199,23.741007194244602,52.569373072970194,43.884892086330936,3.545734840698869,505.4003834355828,532.9583588957055,551.6213957055215,546.2414877300614,640.8588957055215,555.4161042944785,1304,32.990750256937304,21.068859198355604,1304,Sudeste
3169356,Três Marias,MG,605,136,1.659504132231405,50.247933884297524,7.43801652892562,81.15702479338843,5.619834710743802,21.487603305785125,43.96694214876033,51.2396694214876,4.793388429752066,498.8207084468665,515.2730245231608,532.5937329700272,525.0062670299727,600.0544959128065,534.3496457765668,367,39.33884297520661,22.479338842975206,367,Sudeste
3169406,Três Pontas,MG,1154,266,1.5155979202772965,40.72790294627383,3.2928942807625647,76.16984402079723,2.512998266897747,28.856152512998268,50.25996533795494,46.70710571923743,3.032928942807626,503.667670157068,527.2247382198954,541.1314136125654,549.0222513089005,658.8743455497382,555.9840837696336,764,33.795493934142115,23.050259965337954,764,Sudeste
3169604,Tupaciguara,MG,470,147,1.7468085106382978,53.829787234042556,10.425531914893616,84.25531914893617,3.404255319148936,22.76595744680851,42.12765957446808,55.319148936170215,2.553191489361702,491.11761006289305,511.9405660377359,526.8018867924528,503.388679245283,615.7232704402516,529.7944025157233,318,32.340425531914896,31.27659574468085,318,Sudeste
3169703,Turmalina,MG,915,242,2.1431693989071037,62.185792349726775,10.710382513661203,98.25136612021858,9.617486338797814,33.55191256830601,28.524590163934427,62.62295081967213,8.852459016393443,486.6386904761905,498.4565476190476,520.6428571428571,502.30848214285714,594.672619047619,520.5438392857143,672,26.55737704918033,26.44808743169399,672,Sudeste
3169901,Ubá,MG,3489,785,1.652335912869017,45.600458584121526,5.216394382344512,77.87331613642877,3.611349957007739,32.93207222699914,44.45399828030954,51.791344224706215,3.754657494984236,520.1321116928447,533.7924956369982,549.7571116928447,562.4217713787085,651.9197207678883,563.6046422338569,2292,34.30782459157352,22.499283462310117,2292,Sudeste
3170107,Uberaba,MG,8834,2301,1.3484265338465022,35.97464342313788,4.27892234548336,69.96830427892235,3.4299298166176135,21.19085352048902,57.77677156441023,39.41589314014037,2.8073352954494,524.0830663221361,538.7349870801033,555.0607235142119,559.1042549526271,643.2385874246339,564.0443238587425,5805,34.28797826579127,26.047090785601085,5805,Sudeste
3170206,Uberlândia,MG,19599,4634,1.2899637736619216,32.088371855706924,3.678759120363284,70.7127914689525,2.8725955405888057,19.643859380580643,60.50308689218837,37.3947650390326,2.1021480687790195,523.8713871111772,542.7027459443369,558.0006176514362,560.192178895669,646.8075606489061,566.314898050305,13438,31.435277310066844,23.644063472626154,13438,Sudeste
3170404,Unaí,MG,2374,532,1.7249368155012637,51.4743049705139,10.067396798652064,80.58129738837405,5.602358887952822,24.76832350463353,43.681550126369,50.463352990732936,5.855096882898062,498.18308525033825,508.80230040595404,528.3905277401894,507.1332882273342,593.1664411366712,527.1351285520974,1478,37.74220724515585,22.40943555181129,1478,Sudeste
3170701,Varginha,MG,3439,887,1.2855481244547833,32.59668508287293,3.2858389066589124,68.07211398662402,2.268101192207037,22.33207327711544,60.27915091596394,37.85984297760977,1.8610061064262866,520.6488372093023,544.3038174637999,557.9696358051777,567.9643703378675,654.8924967090829,569.1558315050461,2279,33.730735678976444,25.792381506251814,2279,Sudeste
3170800,Várzea da Palma,MG,735,143,1.980952380952381,59.455782312925166,11.700680272108844,92.51700680272108,8.435374149659863,25.98639455782313,34.285714285714285,57.55102040816327,8.16326530612245,483.16476377952756,500.3515748031496,518.2204724409448,497.1561023622047,559.6456692913385,511.70771653543306,508,30.884353741496597,19.45578231292517,508,Sudeste
3170909,Varzelândia,MG,512,114,2.845703125,79.8828125,39.84375,99.609375,18.9453125,46.2890625,13.28125,58.0078125,28.7109375,458.09139784946234,474.14381720430106,491.0497311827957,457.6056451612903,511.98924731182797,478.57596774193553,372,27.34375,22.265625,372,Sudeste
3171006,Vazante,MG,656,196,1.5990853658536586,51.21951219512195,7.164634146341463,78.35365853658537,4.115853658536586,19.054878048780488,46.03658536585366,49.69512195121951,4.2682926829268295,495.066090712743,510.68336933045356,526.6637149028078,521.2084233261339,633.7365010799136,537.4716198704104,463,29.42073170731707,29.878048780487802,463,Sudeste
3171204,Vespasiano,MG,2483,287,1.7611759967780911,43.97905759162304,8.618606524365687,87.87756745871928,6.081353201772051,29.561014901329035,43.09303262182843,51.42972211035038,5.477245267821184,496.06021711366543,518.6457215836526,540.0597701149425,519.3586206896551,589.8339719029374,532.7916602809706,1566,36.93113169552961,11.558598469593234,1566,Sudeste
3171303,Viçosa,MG,6236,893,1.6015073765234125,37.02694034637588,5.917254650416933,77.38935214881334,7.103912764592687,32.7132777421424,49.807568954457984,45.18922386144965,5.003207184092367,532.4207478340173,550.0479480164158,557.1888508891928,577.1042863657091,661.4591883264934,575.6442042863657,4386,29.666452854393842,14.320076972418217,4386,Sudeste
3171808,Virginópolis,MG,512,164,2.171875,64.0625,6.25,96.6796875,10.546875,39.6484375,26.953125,65.0390625,8.0078125,482.07315068493153,503.4186301369863,519.5287671232877,507.16493150684937,598.6849315068494,522.1740821917808,365,28.7109375,32.03125,365,Sudeste
3172004,Visconde do Rio Branco,MG,1033,235,1.7560503388189739,45.88576960309778,5.130687318489835,88.8673765730881,3.969022265246854,31.752178121974833,42.884801548886735,52.952565343659245,4.162633107454018,516.1502702702703,530.4866216216216,540.5555405405405,554.8013513513514,630.918918918919,554.5825405405405,740,28.36398838334947,22.749273959341725,740,Sudeste
3200102,Afonso Cláudio,ES,645,160,2.0108527131782945,51.007751937984494,6.976744186046512,97.51937984496124,4.961240310077519,40.62015503875969,35.348837209302324,59.224806201550386,5.426356589147287,502.4217294900222,517.309756097561,529.8964523281596,528.2308203991131,621.6407982261641,539.899911308204,451,30.077519379844965,24.8062015503876,451,Sudeste
3200169,Água Doce do Norte,ES,207,42,2.0966183574879227,57.00483091787439,14.975845410628018,98.55072463768117,6.763285024154589,32.367149758454104,34.29951690821256,55.55555555555556,10.144927536231885,481.66621621621624,500.6594594594595,510.5689189189189,497.12364864864867,527.5675675675676,503.5171621621621,148,28.502415458937204,20.28985507246377,148,Sudeste
3200201,Alegre,ES,1230,248,1.8577235772357723,46.422764227642276,7.723577235772358,94.0650406504065,6.4227642276422765,31.138211382113823,42.520325203252035,51.300813008130085,6.178861788617886,514.3666266506602,525.4546218487395,537.1769507803122,542.3619447779112,601.8007202881153,544.2321728691477,833,32.27642276422764,20.16260162601626,833,Sudeste
3200409,Anchieta,ES,1417,248,1.702893436838391,41.14326040931546,5.222300635144672,94.98941425546931,4.093154551870148,24.84121383203952,48.12985179957657,48.62385321100918,3.2462949894142556,508.988326446281,523.123347107438,541.9914256198347,540.6597107438016,612.5,545.452561983471,968,31.686661961891318,17.50176429075512,968,Sudeste
3200607,Aracruz,ES,2098,465,1.3979980934223069,39.418493803622496,4.575786463298379,73.21258341277407,3.5748331744518587,19.018112488083887,55.81506196377502,41.46806482364156,2.7168732125834127,518.4472902746845,529.7835189309577,547.1642167780252,550.2288789903489,617.3719376391982,552.5991685226429,1347,35.79599618684461,22.163965681601525,1347,Sudeste
3200805,Baixo Guandu,ES,528,125,1.625,43.56060606060606,2.462121212121212,89.39393939393939,6.0606060606060606,21.022727272727273,50.189393939393945,47.72727272727273,2.083333333333333,496.67594202898556,506.23999999999995,529.9263768115942,523.7797101449275,573.2173913043479,525.9678840579711,345,34.65909090909091,23.674242424242426,345,Sudeste
3200904,Barra de São Francisco,ES,1113,313,1.9460916442048517,56.424079065588494,8.265947888589398,93.89038634321653,4.31266846361186,31.716082659478882,35.93890386343217,58.490566037735846,5.570530098831986,493.7991967871486,508.97068273092367,524.3896921017403,515.1878179384204,555.2342704149933,519.5163319946453,747,32.884097035040426,28.12219227313567,747,Sudeste
3201159,Brejetuba,ES,227,40,2.3348017621145374,68.28193832599119,14.537444933920703,96.91629955947137,4.845814977973569,48.89867841409692,21.58590308370044,66.51982378854625,11.894273127753303,492.16076923076923,505.5207692307692,527.7476923076923,515.8953846153846,594.1538461538462,527.0956923076923,130,42.731277533039645,17.62114537444934,130,Sudeste
3201209,Cachoeiro de Itapemirim,ES,4542,1036,1.5259797446059005,41.34742404227213,5.019815059445178,77.71906649053281,3.963011889035667,24.54865697930427,50.660501981505945,46.323205636283575,3.0162923822104797,512.3422953964194,524.323753196931,542.2287723785166,545.5105818414322,627.9987212276214,550.4808248081841,3128,31.131660061646848,22.80933509467195,3128,Sudeste
3201308,Cariacica,ES,8079,1124,1.6498329001113998,45.11696992202005,6.015595989602673,83.89652184676322,5.062507736105953,24.8916945166481,46.1195692536205,50.105211040970424,3.7752197054090852,500.29252816762204,518.9528958292153,537.0779798379126,520.3236212690256,581.7592409567109,531.6812532120972,5059,37.38086396831291,13.912612947146924,5059,Sudeste
3201407,Castelo,ES,611,123,1.5957446808510638,38.46153846153847,4.582651391162029,83.30605564648118,2.618657937806874,30.605564648117838,50.40916530278232,46.48117839607202,3.109656301145663,520.3694623655914,529.5589247311827,544.2513978494624,570.1230107526882,621.6344086021505,557.187440860215,465,23.895253682487727,20.130932896890343,465,Sudeste
3201506,Colatina,ES,3105,773,1.578099838969404,37.90660225442834,5.056360708534621,84.63768115942028,2.7697262479871174,27.43961352657005,51.17552334943639,45.76489533011272,3.059581320450886,517.8408376963351,531.6608757734413,547.4443598286531,551.344788196097,621.2470252260828,553.9075773441219,2101,32.33494363929147,24.895330112721417,2101,Sudeste
3201605,Conceição da Barra,ES,565,71,1.952212389380531,57.69911504424778,9.026548672566372,93.6283185840708,9.026548672566372,25.840707964601773,36.46017699115045,55.75221238938053,7.787610619469026,486.22276657060513,496.8518731988473,516.1806916426514,500.45014409221903,554.985590778098,510.9382132564841,347,38.58407079646018,12.56637168141593,347,Sudeste
3201902,Domingos Martins,ES,914,233,1.8096280087527352,41.46608315098469,6.017505470459518,92.01312910284464,3.50109409190372,37.96498905908096,41.79431072210066,53.7199124726477,4.485776805251642,519.2969742813918,535.396671709531,542.9983358547655,564.6919818456884,646.3237518910742,561.7415431164901,661,27.68052516411379,25.492341356673958,661,Sudeste
3202108,Ecoporanga,ES,422,127,2.059241706161137,57.10900473933649,13.270142180094787,99.52606635071089,9.715639810426541,26.303317535545023,35.78199052132701,53.79146919431279,10.42654028436019,489.253264604811,508.9003436426117,520.0044673539519,521.8274914089346,524.6048109965636,512.9180756013745,291,31.042654028436022,30.09478672985782,291,Sudeste
3202306,Guaçuí,ES,790,202,1.910126582278481,50.37974683544304,7.974683544303797,87.72151898734177,9.367088607594937,35.56962025316456,37.9746835443038,54.177215189873415,7.848101265822785,505.10985401459857,515.5976277372263,529.0974452554744,532.9689781021898,575.4014598540145,531.6350729927008,548,30.63291139240506,25.569620253164555,548,Sudeste
3202405,Guarapari,ES,2899,474,1.650569161779924,42.35943428768541,7.519834425664023,86.27112797516385,4.829251466022766,24.077268023456362,49.120386340117285,46.36081407381856,4.51879958606416,508.4276842105263,526.7546315789474,544.6025263157895,539.0312631578947,598.6210526315789,543.4874315789474,1900,34.46015867540532,16.35046567781994,1900,Sudeste
3202801,Itapemirim,ES,729,132,1.9410150891632374,55.00685871056241,6.584362139917696,95.06172839506173,8.916323731138547,28.532235939643346,37.174211248285324,56.37860082304527,6.447187928669409,491.85072765072766,512.1282744282745,528.502079002079,516.4887733887734,599.0852390852391,529.6110187110187,481,34.01920438957477,18.106995884773664,481,Sudeste
3203007,Iúna,ES,1397,368,2.009305654974946,52.11166785969935,6.8718682891911245,95.2755905511811,5.798138869005011,40.873299928418035,36.22047244094488,57.193987115246955,6.585540443808161,506.9045353982301,522.274889380531,536.8782079646018,540.9983407079646,574.137168141593,536.2386283185841,904,35.289906943450255,26.342161775232643,904,Sudeste
3203056,Jaguaré,ES,526,88,1.9372623574144487,55.893536121673,7.604562737642586,88.97338403041825,3.2319391634980987,38.02281368821293,34.98098859315589,60.646387832699624,4.3726235741444865,494.87887788778875,499.40000000000003,522.7871287128713,507.7092409240924,606.2706270627062,526.2091749174917,303,42.39543726235742,16.730038022813687,303,Sudeste
3203130,João Neiva,ES,412,90,1.3567961165048543,34.70873786407767,2.912621359223301,75.48543689320388,2.912621359223301,19.66019417475728,58.98058252427184,38.349514563106794,2.669902912621359,524.6449477351916,536.7787456445993,552.6864111498257,566.0721254355401,635.8885017421603,563.2141463414633,287,30.339805825242717,21.844660194174757,287,Sudeste
3203205,Linhares,ES,3915,768,1.5752234993614305,42.22222222222222,6.257982120051085,81.455938697318,2.9885057471264367,24.597701149425287,50.114942528735625,46.487867177522354,3.397190293742018,511.94184715978747,526.4825500612995,543.0221087045362,542.8212913771965,620.04086636698,548.8617327339599,2447,37.49680715197956,19.616858237547895,2447,Sudeste
3203320,Marataízes,ES,1115,225,1.9668161434977578,54.43946188340807,7.623318385650224,92.73542600896862,8.340807174887892,33.54260089686099,36.771300448430495,55.964125560538115,7.26457399103139,500.1546052631579,515.9143421052632,534.1151315789474,541.2075,611.2368421052631,540.5256842105264,760,31.838565022421527,20.179372197309416,760,Sudeste
3203403,Mimoso do Sul,ES,507,109,1.9171597633136095,53.84615384615385,10.650887573964498,90.53254437869822,7.6923076923076925,28.994082840236686,40.828402366863905,49.112426035502956,10.059171597633137,501.2033707865168,516.3772471910112,529.5191011235954,516.2536516853933,620.6179775280899,536.7942696629214,356,29.783037475345164,21.499013806706113,356,Sudeste
3203502,Montanha,ES,626,109,2.0894568690095845,61.980830670926515,11.821086261980831,96.96485623003196,8.945686900958465,29.233226837060705,30.5111821086262,60.70287539936102,8.78594249201278,496.5506142506143,515.6835380835381,525.458968058968,504.2744471744472,572.4815724815725,522.889828009828,407,34.98402555910543,17.412140575079874,407,Sudeste
3203908,Nova Venécia,ES,1466,286,1.8581173260572987,47.40791268758527,7.3669849931787175,96.52114597544337,3.6834924965893587,30.832196452933154,41.40518417462483,54.229195088676676,4.365620736698499,505.9067778936392,523.1025026068821,540.7624608967675,541.8011470281543,607.0490093847758,543.7243795620437,959,34.58390177353342,19.508867667121418,959,Sudeste
3204054,Pedro Canário,ES,480,89,1.96875,56.875,12.5,95.20833333333333,7.708333333333334,24.583333333333332,36.25,55.41666666666667,8.333333333333332,488.9484641638225,499.62286689419795,523.9409556313993,513.5474402730375,569.2150170648464,519.0549488054608,293,38.95833333333333,18.541666666666668,293,Sudeste
3204104,Pinheiros,ES,583,86,1.979416809605489,55.231560891938244,10.120068610634648,98.28473413379074,6.003430531732419,28.30188679245283,36.19210977701543,57.97598627787307,5.831903945111493,490.5116809116809,501.67236467236467,524.4689458689459,504.3575498575499,561.994301994302,516.6009686609686,351,39.7941680960549,14.751286449399656,351,Sudeste
3204559,Santa Maria de Jetibá,ES,762,170,1.8858267716535433,43.044619422572175,4.8556430446194225,95.93175853018373,2.493438320209974,42.25721784776903,39.501312335958005,56.95538057742782,3.543307086614173,505.13501006036216,526.6271629778672,539.7307847082495,527.1569416498994,603.0985915492957,540.3496981891348,497,34.7769028871391,22.30971128608924,497,Sudeste
3204609,Santa Teresa,ES,850,199,1.6729411764705882,38.35294117647059,3.294117647058824,92.0,2.705882352941176,30.941176470588232,50.23529411764706,47.05882352941176,2.705882352941176,517.9041538461539,532.5132307692307,544.1526153846154,553.8313846153846,615.1692307692308,552.7141230769231,650,23.529411764705888,23.411764705882355,650,Sudeste
3204708,São Gabriel da Palha,ES,835,197,1.8479041916167664,46.82634730538922,7.3053892215568865,94.37125748502993,3.952095808383234,32.33532934131736,42.634730538922156,51.73652694610779,5.62874251497006,498.67287522603976,518.9913200723328,534.4887884267631,528.2390596745028,615.4792043399639,539.1742495479205,553,33.77245508982036,23.592814371257482,553,Sudeste
3204906,São Mateus,ES,3255,552,1.6771121351766514,46.26728110599078,6.9738863287250386,84.14746543778801,6.513056835637481,23.809523809523807,46.35944700460829,48.817204301075265,4.8233486943164365,509.5175025588536,520.3678096212897,539.5353121801433,534.1156090071648,605.9979529170931,541.9068372569088,1954,39.96927803379416,16.958525345622117,1954,Sudeste
3205002,Serra,ES,12506,1825,1.5957940188709419,42.09179593794978,5.2934591396129855,84.17559571405725,4.549816088277627,23.468735007196546,48.64864864864865,48.20086358547897,3.150487765872381,504.59939622641514,524.8566918238994,541.659962264151,529.6596477987422,585.8465408805032,537.3244477987422,7950,36.43051335359028,14.592995362226132,7950,Sudeste
3205010,Sooretama,ES,396,60,1.9292929292929293,53.78787878787878,11.363636363636363,91.91919191919192,5.05050505050505,30.808080808080806,36.11111111111111,56.56565656565656,7.3232323232323235,491.63714285714286,504.97306122448975,523.1326530612245,486.3228571428572,582.2857142857143,517.6702857142857,245,38.13131313131313,15.151515151515152,245,Sudeste
3205069,Venda Nova do Imigrante,ES,1004,247,1.7370517928286853,40.537848605577686,5.876494023904383,90.93625498007968,2.9880478087649402,33.36653386454183,44.820717131474105,51.39442231075697,3.7848605577689245,515.4027027027026,540.3948790896159,551.3327169274538,560.8775248933144,639.8008534850641,561.5617354196302,703,29.980079681274894,24.60159362549801,703,Sudeste
3205101,Viana,ES,1425,177,1.8463157894736841,51.859649122807014,6.245614035087719,93.40350877192982,4.701754385964913,28.421052631578945,37.40350877192982,59.228070175438596,3.3684210526315788,493.34559341950643,506.49753231492366,526.0755581668625,501.08354876615743,554.9001175088132,516.3804700352526,851,40.28070175438596,12.421052631578949,851,Sudeste
3205200,Vila Velha,ES,12358,2409,1.2392782003560447,33.330636025246804,4.571937206667745,64.67065868263472,3.6170901440362515,17.737497977018933,62.24308140475805,35.38598478718239,2.3709338080595566,521.9190388397246,540.5333702064896,556.7177605703048,561.3232300884955,633.6086529006883,562.8204105211406,8136,34.16410422398446,19.493445541349733,8136,Sudeste
3205309,Vitória,ES,11371,2367,1.1524052414035706,27.45580863600387,4.678568287749538,62.76492832644447,4.036584293377891,16.304634596781288,65.48236742590802,32.213525635388265,2.3041069387037196,537.0250894683027,555.0305342535788,566.644440184049,587.1031697341514,654.3507157464213,580.0307898773007,7824,31.19338668542784,20.81611115996834,7824,Sudeste
3300100,Angra dos Reis,RJ,3128,595,1.520780051150895,45.204603580562654,7.384910485933503,68.86189258312021,6.234015345268542,24.392583120204602,50.73529411764706,44.72506393861892,4.539641943734015,504.2107454017425,519.3072604065828,544.0087124878993,520.8905614714423,581.9167473378509,534.0668054211036,2066,33.95140664961637,19.021739130434785,2066,Sudeste
3300209,Araruama,RJ,2575,448,1.5110679611650486,45.32038834951456,9.747572815533982,66.05825242718446,7.650485436893203,22.330097087378643,51.80582524271845,41.8252427184466,6.368932038834951,509.77430039977156,525.3141062250143,546.0167332952599,530.4141633352369,607.3786407766991,543.7795888063964,1751,31.999999999999996,17.398058252427184,1751,Sudeste
3300308,Barra do Piraí,RJ,1161,186,1.4099913867355727,46.08096468561585,6.029285099052541,64.59948320413437,6.459948320413436,17.829457364341085,54.263565891472865,41.688199827734714,4.04823428079242,511.3014120667522,532.9061617458281,550.7322207958922,538.068164313222,653.6585365853658,557.3332991014121,779,32.90267011197244,16.020671834625322,779,Sudeste
3300407,Barra Mansa,RJ,2962,585,1.3598919648885888,39.9729912221472,5.671843349088454,65.83389601620526,3.9837947332883186,20.526671168129642,56.38082376772451,40.479405806887236,3.1397704253882512,503.40135265700485,522.1302415458938,543.643381642512,533.7038164251207,647.768115942029,550.1293816425122,2070,30.11478730587441,19.75016880486158,2070,Sudeste
3300456,Belford Roxo,RJ,6017,640,2.0162871863054677,61.409340202758855,18.44773142762174,80.12298487618415,14.342695695529335,27.305966428452717,33.75436263918897,55.758683729433265,10.486953631377762,476.57780455153954,495.65997322623826,522.310655957162,479.3510575635877,543.4698795180723,503.4738741633199,3735,37.925876682732266,10.636529832142264,3735,Sudeste
3300605,Bom Jesus do Itabapoana,RJ,1362,319,1.5991189427312775,46.035242290748904,7.342143906020558,80.02936857562408,5.580029368575625,20.92511013215859,49.926578560939795,45.37444933920705,4.698972099853157,503.2090909090909,516.5531712473572,533.4747357293869,526.1349894291754,607.6532769556026,537.4050528541226,946,30.543318649045524,23.42143906020558,946,Sudeste
3300704,Cabo Frio,RJ,5350,987,1.4641121495327103,44.242990654205606,6.5420560747663545,67.64485981308411,6.11214953271028,21.869158878504674,52.57943925233645,43.08411214953271,4.336448598130841,507.58224460431654,523.4443165467626,549.0898417266187,532.7795683453237,610.1985611510792,544.6189064748202,3475,35.046728971962615,18.44859813084112,3475,Sudeste
3300803,Cachoeiras de Macacu,RJ,961,161,1.672216441207076,51.716961498439126,7.596253902185223,76.79500520291363,7.804370447450572,23.30905306971904,44.432882414151926,49.84391259105099,5.723204994797086,500.5579029733959,515.6306729264476,538.3956181533646,519.8413145539906,610.3599374021909,536.9570892018779,639,33.50676378772113,16.75338189386056,639,Sudeste
3301009,Campos dos Goytacazes,RJ,9611,1445,1.5679950057226095,48.85027572573094,7.845177400894808,69.1811466028509,8.479866819269587,22.443034023514723,49.22484653001769,44.750806367703674,6.0243471022786395,507.8828653938713,525.4555109898926,544.9495748435745,533.1060484517889,614.4681533771859,545.1724306112627,6233,35.14722713557382,15.034855894287796,6233,Sudeste
3301306,Casimiro de Abreu,RJ,577,140,1.4714038128249567,47.83362218370884,7.625649913344887,60.831889081455806,6.759098786828423,24.090121317157713,52.512998266897746,41.94107452339688,5.545927209705372,503.6898263027295,519.5744416873449,539.7039702233251,533.4583126550868,581.786600496278,535.6426302729528,403,30.155979202772965,24.263431542461007,403,Sudeste
3301702,Duque de Caxias,RJ,17378,2024,1.7911152031303947,54.6092760962136,15.295200828633904,71.36034066060536,10.691679134537921,27.155023593048682,42.23155714121303,49.1943837035332,8.574059155253769,489.69974172124347,509.7871690803432,534.9854994926667,501.9304492205516,577.638594225625,522.8082907480859,10841,37.61652664288181,11.646909886062838,10841,Sudeste
3301850,Guapimirim,RJ,724,118,1.6947513812154695,51.38121546961326,7.734806629834254,78.03867403314916,7.18232044198895,25.13812154696133,43.646408839779006,50.552486187845304,5.801104972375691,501.24721030042923,519.2118025751073,542.2963519313305,522.7272532188841,583.4763948497854,533.7918025751073,466,35.6353591160221,16.298342541436465,466,Sudeste
3301876,Iguaba Grande,RJ,675,82,1.6,49.18518518518519,7.4074074074074066,71.85185185185186,7.111111111111111,24.444444444444443,48.888888888888886,46.22222222222222,4.888888888888889,500.40700636942677,521.3507430997877,544.6830148619957,519.7957537154989,595.2866242038217,536.3046284501062,471,30.222222222222218,12.148148148148149,471,Sudeste
3301900,Itaboraí,RJ,4354,644,1.7824988516306843,54.3178686265503,16.39871382636656,70.78548461185117,10.128617363344052,26.61920073495636,42.28295819935691,48.943500229673866,8.773541570969224,493.7841073271413,509.32160302717574,533.959649122807,503.7184726522188,594.4203646370829,527.0408393532852,2907,33.23380799265043,14.790996784565916,2907,Sudeste
3302007,Itaguaí,RJ,2558,339,1.7052384675527756,51.09460516028147,12.54886630179828,73.88584831899921,9.655981235340109,23.338545738858482,45.426114151681,47.419859265050825,7.154026583268178,496.93275030156815,511.09927623642943,533.8481302774427,502.4373944511459,567.0205066344994,522.2676115802171,1658,35.18373729476153,13.252541047693512,1658,Sudeste
3302106,Itaocara,RJ,945,265,1.6497354497354497,50.68783068783069,6.031746031746032,77.98941798941799,5.714285714285714,24.55026455026455,45.925925925925924,49.94708994708994,4.1269841269841265,502.5263157894737,519.017638691323,534.7904694167852,532.7812233285918,644.5519203413941,546.7335135135135,703,25.608465608465615,28.04232804232804,703,Sudeste
3302205,Itaperuna,RJ,2816,687,1.5550426136363635,44.70880681818182,5.5397727272727275,76.34943181818183,5.752840909090909,23.15340909090909,50.85227272727273,45.27698863636363,3.8707386363636362,504.1301627670397,514.1307731434384,537.3873346897253,531.2968463886062,621.2105798575789,541.6311393692778,1966,30.184659090909093,24.396306818181817,1966,Sudeste
3302270,Japeri,RJ,1592,166,2.121859296482412,64.07035175879398,16.771356783919597,86.30653266331659,15.201005025125628,29.836683417085425,29.396984924623116,58.731155778894475,11.871859296482413,474.9562178828366,487.14727646454264,514.9440904419322,466.57944501541624,528.7358684480987,494.47257965056525,973,38.881909547738694,10.42713567839196,973,Sudeste
3302403,Macaé,RJ,6371,1249,1.3561450321770523,38.36132475278606,6.011615131062627,67.28927954795165,6.15288023858107,17.799403547323813,57.667556113639925,38.28284413749804,4.049599748862031,515.7024963994239,527.7362698031685,551.9139462313971,546.2733797407585,629.0974555928949,554.1447095535285,4166,34.60995134201852,19.60445769894836,4166,Sudeste
3302502,Magé,RJ,4220,462,1.8739336492890994,57.41706161137441,10.37914691943128,80.73459715639811,10.355450236966824,28.507109004739334,36.824644549763036,55.35545023696683,7.819905213270142,491.1881683731513,509.3993174061433,532.6510049298445,496.7747819491847,579.0671217292378,521.8160788775123,2637,37.51184834123222,10.947867298578199,2637,Sudeste
3302601,Mangaratiba,RJ,686,125,1.4577259475218658,46.50145772594752,8.017492711370263,67.63848396501457,6.559766763848396,17.05539358600583,52.04081632653062,44.16909620991253,3.7900874635568513,495.68506493506493,505.6917748917749,537.3398268398269,504.81580086580084,567.4025974025974,522.187012987013,462,32.6530612244898,18.221574344023324,462,Sudeste
3302700,Maricá,RJ,4571,865,1.3419383067162547,39.488077007219424,6.03806606869394,66.35309560271276,5.600525049223365,16.71406694377598,58.87114416976592,38.10982279588712,3.01903303434697,502.9832340958947,526.0263867126292,548.0497336258226,522.1086806643685,595.6126606079599,538.956139141335,3191,30.190330343469697,18.923649092102384,3191,Sudeste
3302858,Mesquita,RJ,3129,368,1.7066155321188878,51.51805688718441,14.125918823905401,70.88526685842123,11.34547778843081,22.786832853946947,45.477788430808566,46.308724832214764,8.21348673697667,484.970263671875,506.225341796875,530.9345703125,494.726953125,557.1875,514.80892578125,2048,34.547778843080856,11.760945989133909,2048,Sudeste
3302908,Miguel Pereira,RJ,936,170,1.6474358974358974,44.871794871794876,7.051282051282051,78.0982905982906,7.371794871794872,27.350427350427353,46.68803418803419,49.03846153846153,4.273504273504273,500.61542207792206,525.4189935064935,542.5600649350649,523.1810064935065,614.6753246753246,541.2901623376623,616,34.18803418803419,18.162393162393162,616,Sudeste
3303005,Miracema,RJ,704,165,1.8167613636363635,56.10795454545454,6.107954545454546,81.39204545454545,9.801136363636363,28.267045454545453,39.77272727272727,53.83522727272727,6.392045454545454,493.0225609756098,506.0735772357724,530.0121951219512,510.2678861788618,638.130081300813,535.5012601626016,492,30.113636363636363,23.4375,492,Sudeste
3303203,Nilópolis,RJ,4598,500,1.5295780774249674,47.47716398434102,12.157459765115268,65.85471944323619,9.156154849934754,18.31230969986951,51.73988690735102,42.605480643758156,5.654632448890822,494.1958691341705,518.4566754791804,540.3376404494381,514.2531394580304,585.9881031064111,530.6462855254462,3026,34.18877772944759,10.874293170943888,3026,Sudeste
3303302,Niterói,RJ,16001,3324,1.080807449534404,29.298168864445973,9.655646522092368,47.47203299793763,6.093369164427223,15.561527404537218,67.77701393662896,27.62327354540341,4.599712517967627,533.8760537407798,556.4169827889006,571.339181594661,585.6600544432737,675.5444327362136,584.5673410607657,11388,28.829448159490035,20.77370164364727,11388,Sudeste
3303401,Nova Friburgo,RJ,4985,1322,1.2994984954864595,37.131394182547645,4.192577733199599,59.578736208625884,3.590772316950853,25.45636910732196,58.214643931795386,38.776328986960884,3.009027081243731,517.847110865358,541.1489908764169,557.8415814210672,564.5485208736523,681.6201271772187,572.6012662427427,3617,27.442326980942834,26.519558676028083,3617,Sudeste
3303500,Nova Iguaçu,RJ,16939,2077,1.7112580435680973,53.852057382372045,13.460062577483914,68.05596552334848,11.742133537989256,24.015585335616034,45.02036719995277,47.03937658657536,7.940256213471869,491.7132416245555,509.6783829309377,534.3089275687817,501.22860752386305,570.3499906419614,521.4558300580198,10686,36.91481197237145,12.261644725190388,10686,Sudeste
3303609,Paracambi,RJ,970,138,1.6567010309278352,49.69072164948454,5.567010309278351,82.2680412371134,7.835051546391752,20.309278350515463,45.154639175257735,50.72164948453608,4.123711340206185,502.99515859766274,518.9392320534223,539.0978297161936,517.3404006677797,602.6043405676127,536.1953923205342,599,38.24742268041237,14.22680412371134,599,Sudeste
3303708,Paraíba do Sul,RJ,849,152,1.6619552414605419,50.8833922261484,6.124852767962309,77.2673733804476,6.007067137809187,25.91283863368669,42.99175500588928,52.179034157832746,4.829210836277975,493.2798903107861,514.8442413162705,534.0694698354662,508.5780621572212,591.2979890310786,528.4139305301645,547,35.571260306242635,17.90341578327444,547,Sudeste
3303807,Paraty,RJ,845,193,1.3207100591715977,40.47337278106509,3.195266272189349,60.82840236686391,4.615384615384616,22.958579881656803,57.27810650887574,40.0,2.72189349112426,511.08584905660376,530.0179245283019,552.2841509433962,541.3075471698113,607.2830188679245,548.3956981132076,530,37.278106508875744,22.840236686390533,530,Sudeste
3303906,Petrópolis,RJ,5142,1089,1.2250097238428628,36.756126021003496,4.511863088292493,53.63671723064955,3.8506417736289387,23.745624270711787,59.89887203422792,37.281213535589266,2.8199144301828083,519.3669401148483,540.5980585179109,557.8074651353568,556.6284933005195,648.1815695925623,564.5165053322396,3657,28.879813302217038,21.17852975495916,3657,Sudeste
3304144,Queimados,RJ,3192,315,1.893796992481203,57.957393483709275,14.097744360902256,75.06265664160401,14.160401002506266,28.101503759398494,38.62781954887218,51.50375939849624,9.868421052631579,482.4331474911302,500.2618854536239,523.3708565636086,484.6971616827167,548.5048150025342,507.85357323872273,1973,38.18922305764411,9.868421052631579,1973,Sudeste
3304151,Quissamã,RJ,577,105,1.533795493934142,45.233968804159446,5.545927209705372,75.90987868284229,8.31889081455806,18.370883882149048,54.07279029462738,41.24783362218371,4.679376083188909,497.9366995073891,519.1800492610838,540.74039408867,515.8120689655173,606.9950738916256,536.1328571428571,406,29.63604852686309,18.19757365684575,406,Sudeste
3304201,Resende,RJ,3423,721,1.1992404323692667,34.09290096406661,3.7686240140227865,60.47326906222612,4.060765410458662,17.5284837861525,62.66432953549518,35.08618171194858,2.2494887525562373,520.661024121879,542.3553533643673,557.9036394413881,564.0419805332205,633.262801523487,563.6449597968684,2363,30.966988022202745,21.063394683026583,2363,Sudeste
3304300,Rio Bonito,RJ,1907,297,1.8012585212375458,53.06764551651809,9.124278972207655,84.05873099108547,7.079181961195595,26.79601468274777,40.325117986366024,53.64446775039329,6.030414263240693,494.22614173228345,513.4778740157481,535.5129133858268,504.27889763779524,603.9527559055118,530.2897165354332,1270,33.40325117986366,15.57420031463031,1270,Sudeste
3304524,Rio das Ostras,RJ,5330,956,1.3180112570356473,38.81801125703564,5.23452157598499,61.18198874296436,6.848030018761726,19.71857410881801,58.555347091932454,37.429643527204504,4.01500938086304,514.3488062187673,533.8851471404776,553.3833425874515,543.8854247640201,612.3820099944476,551.5769461410327,3602,32.4202626641651,17.936210131332082,3602,Sudeste
3304557,Rio de Janeiro,RJ,132793,22232,1.3041124155640733,37.61342841866664,10.621041771780138,55.69043548982251,6.86707883698689,19.61925703915116,59.742606914521104,35.01314075290114,5.244252332577772,516.44899300147,538.5264649744411,558.0153934753515,554.9450077883329,622.2006976591124,558.0273113797415,91162,31.35029707891229,16.74184633226149,91162,Sudeste
3304706,Santo Antônio de Pádua,RJ,1088,259,1.6415441176470589,47.33455882352941,6.4338235294117645,79.31985294117648,5.974264705882353,25.09191176470588,47.150735294117645,48.06985294117647,4.779411764705882,508.56251691474966,527.5668470906631,541.4943166441136,543.3918809201623,651.4208389715832,554.4872801082544,739,32.07720588235294,23.80514705882353,739,Sudeste
3304755,São Francisco de Itabapoana,RJ,638,105,2.122257053291536,64.89028213166145,9.561128526645767,92.47648902821317,11.755485893416928,33.5423197492163,27.429467084639498,63.00940438871473,9.561128526645767,490.04100227790434,500.8599088838269,522.2692482915718,497.98838268792707,569.1571753986333,516.0631435079727,439,31.19122257053292,16.4576802507837,439,Sudeste
3304805,São Fidélis,RJ,715,133,1.5762237762237763,47.41258741258741,4.195804195804196,79.58041958041959,5.454545454545454,20.97902097902098,47.13286713286713,50.349650349650354,2.5174825174825175,507.7254132231405,525.2004132231405,545.3338842975206,524.926652892562,632.7685950413223,547.1909917355372,484,32.30769230769231,18.601398601398603,484,Sudeste
3304904,São Gonçalo,RJ,15575,2043,1.5818298555377206,47.4991974317817,13.69502407704655,67.70465489566612,8.321027287319422,20.963081861958266,49.637239165329056,44.11556982343499,6.247191011235955,499.6750166365624,520.3102576290521,542.4433406217321,514.1729156763952,604.8502709383022,536.2903603004088,10519,32.46227929373997,13.117174959871589,10519,Sudeste
3305000,São João da Barra,RJ,344,45,1.9011627906976745,58.139534883720934,8.430232558139535,88.0813953488372,7.267441860465117,28.197674418604652,37.7906976744186,56.104651162790695,6.104651162790697,509.4895238095238,524.3671428571429,544.9638095238095,530.5909523809524,586.7619047619048,539.2346666666666,210,38.95348837209303,13.08139534883721,210,Sudeste
3305109,São João de Meriti,RJ,7950,873,1.751572327044025,54.327044025157235,16.40251572327044,69.8993710691824,10.918238993710693,23.61006289308176,44.22641509433962,47.471698113207545,8.30188679245283,485.30743914313535,507.1262901655307,533.2476923076923,498.52001947419666,572.1947419668938,519.2792366114898,5135,35.40880503144655,10.981132075471699,5135,Sudeste
3305208,São Pedro da Aldeia,RJ,1672,277,1.4072966507177034,42.58373205741627,6.4593301435406705,65.43062200956938,5.681818181818182,20.574162679425836,55.26315789473685,40.49043062200957,4.246411483253588,510.66088154269966,529.6976124885215,553.1656565656566,536.8984389348026,601.1937557392102,546.3232690541781,1089,34.86842105263158,16.566985645933013,1089,Sudeste
3305505,Saquarema,RJ,1378,250,1.4869375907111757,43.83164005805516,7.474600870827286,71.26269956458636,8.127721335268506,17.99709724238026,53.70101596516691,41.872278664731496,4.426705370101597,504.05830721003133,520.1377220480668,545.7111807732497,519.266144200627,589.4879832810867,535.7322675026123,957,30.551523947750358,18.142235123367197,957,Sudeste
3305554,Seropédica,RJ,2858,219,1.9517144856543036,54.26871938418475,15.325402379286215,84.28971308607419,14.450664800559831,26.836948915325404,37.0888733379986,53.358992302309304,9.552134359692092,490.144705882353,505.82212885154064,529.6760224089636,488.29579831932773,553.6134453781513,513.5104201680672,1785,37.543736878936315,7.662701189643108,1785,Sudeste
3305802,Teresópolis,RJ,2776,696,1.2726945244956773,36.059077809798275,3.926512968299712,58.86167146974063,4.178674351585014,24.243515850144092,58.60951008645533,38.18443804034582,3.2060518731988474,522.5767195767196,541.5239682539683,561.4193650793651,565.0473544973545,652.4656084656085,568.6066031746032,1890,31.9164265129683,25.072046109510087,1890,Sudeste
3306008,Três Rios,RJ,2249,371,1.4735437972432193,44.33081369497555,7.425522454424188,63.98399288572699,6.447309915518009,25.166740773677187,51.97865718096932,43.886171631836376,4.135171187194309,504.6148122866894,524.3659385665529,544.7344027303755,532.0310580204779,607.0307167235495,542.555385665529,1465,34.85993775011116,16.496220542463316,1465,Sudeste
3306107,Valença,RJ,1683,373,1.7142008318478907,49.494949494949495,7.2489601901366605,83.3630421865716,6.417112299465241,24.896019013666074,43.909685086155676,51.396316102198455,4.69399881164587,503.7648214285714,517.6125892857143,539.8491964285714,520.6661607142856,618.5892857142857,540.0964107142858,1120,33.45216874628639,22.162804515745695,1120,Sudeste
3306206,Vassouras,RJ,889,196,1.3982002249718786,41.732283464566926,5.511811023622047,69.96625421822273,3.937007874015748,18.672665916760405,55.34308211473565,41.84476940382452,2.81214848143982,508.2817094017094,524.8692307692307,546.9490598290598,538.922735042735,612.8205128205128,546.3686495726495,585,34.19572553430821,22.04724409448819,585,Sudeste
3306305,Volta Redonda,RJ,6214,1226,1.2623109108464756,33.76247183778565,4.441583521081429,66.2536208561313,3.8944319279047312,17.878982941744447,61.26488574187319,36.30511747666559,2.4299967814612167,516.9930469862364,536.0275984812529,554.4401518747034,554.9161604176555,638.7375415282391,560.2228998576174,4214,32.18538783392339,19.729642742195043,4214,Sudeste
3500105,Adamantina,SP,830,162,1.1746987951807228,34.57831325301205,2.5301204819277108,63.373493975903614,3.8554216867469884,13.132530120481928,64.45783132530121,34.096385542168676,1.4457831325301205,524.8903420523138,537.8549295774649,553.4122736418511,570.6513078470825,611.2273641851107,559.6072434607646,497,40.12048192771084,19.518072289156628,497,Sudeste
3500709,Agudos,SP,535,97,1.1644859813084112,34.57943925233645,2.990654205607477,61.86915887850467,1.8691588785046727,15.14018691588785,65.42056074766354,32.71028037383177,1.8691588785046727,519.6581920903955,540.0988700564972,558.2686440677966,563.7607344632768,617.4011299435028,559.8375141242938,354,33.83177570093457,18.13084112149533,354,Sudeste
3501608,Americana,SP,3757,905,0.9435719989353207,22.863987223848817,1.7301038062283738,55.17700292786798,1.9962736225712003,12.589832313015703,73.46286931062018,25.339366515837103,1.1977641735427202,533.9774741506646,553.098929098966,570.4399556868538,593.8684638109306,653.6410635155096,581.005177252585,2708,27.921213734362528,24.08836837902582,2708,Sudeste
3501905,Amparo,SP,1650,344,1.236969696969697,31.333333333333336,2.909090909090909,68.36363636363636,1.3333333333333335,19.757575757575758,61.45454545454545,37.45454545454546,1.090909090909091,533.0040280210158,550.6752189141856,566.9335376532399,585.6256567425569,636.444833625219,574.5366549912434,1142,30.787878787878785,20.84848484848485,1142,Sudeste
3502101,Andradina,SP,1389,389,1.3196544276457884,41.3966882649388,4.175665946724262,68.03455723542116,5.183585313174946,13.174946004319654,57.2354211663067,40.31677465802736,2.4478041756659468,503.5084422110553,513.9970854271356,541.6579899497488,540.4651256281408,597.5477386934673,539.4352763819095,995,28.365730741540673,28.005759539236863,995,Sudeste
3502507,Aparecida,SP,747,80,1.5970548862115128,45.38152610441767,5.8902275769745644,83.26639892904953,3.748326639892905,21.4190093708166,48.32663989290496,49.129852744310575,2.5435073627844713,501.3469135802469,524.4738271604938,545.4486419753086,539.8083950617283,588.6913580246913,539.9538271604938,405,45.78313253012048,10.7095046854083,405,Sudeste
3502705,Apiaí,SP,851,133,2.125734430082256,63.689776733255,15.393654524089307,96.23971797884842,8.343125734430082,28.90716803760282,29.37720329024677,60.98707403055229,9.63572267920094,477.4670378619154,502.7746102449888,523.1665924276169,494.31982182628064,537.728285077951,507.0912694877506,449,47.23854289071681,15.62867215041128,449,Sudeste
3502804,Araçatuba,SP,4389,1317,1.053315105946685,31.647300068352703,2.3239917976760083,56.14035087719298,1.8910913647755754,13.328776486671224,67.19070403280931,31.510594668489407,1.2987012987012987,526.8322049984182,539.5107244542866,559.7042708003796,575.5074976273331,633.2679531793736,566.9645302119583,3161,27.979038505354293,30.006835269993164,3161,Sudeste
3502903,Araçoiaba da Serra,SP,636,70,1.6022012578616351,44.0251572327044,5.660377358490567,81.91823899371069,4.559748427672956,24.056603773584907,49.528301886792455,45.911949685534594,4.559748427672956,501.2424068767908,518.6704871060172,542.652435530086,531.1999999999999,570.3151862464183,532.8161031518625,349,45.12578616352201,11.0062893081761,349,Sudeste
3503208,Araraquara,SP,5006,1105,1.1332401118657611,30.403515781062723,3.4358769476628046,61.10667199360768,2.696763883339992,15.681182580902917,65.02197363164203,33.10027966440271,1.8777467039552538,530.3479787547949,543.9153142519917,565.7127471230451,573.833844791974,645.5945706698141,571.880891118324,3389,32.30123851378346,22.073511785856972,3389,Sudeste
3503307,Araras,SP,1910,423,1.155497382198953,32.35602094240838,1.5183246073298429,63.403141361256544,2.984293193717278,15.287958115183246,63.455497382198956,35.497382198952884,1.0471204188481675,530.6390513833992,544.6655335968379,562.7154940711463,582.9790513833992,629.6442687747035,570.1286798418972,1265,33.7696335078534,22.14659685863874,1265,Sudeste
3503802,Artur Nogueira,SP,1235,240,1.3562753036437247,34.81781376518219,5.748987854251012,69.39271255060729,3.2388663967611335,22.42914979757085,57.40890688259109,39.51417004048583,3.076923076923077,508.5531486146096,527.2976070528968,553.2687657430731,545.4453400503778,598.1612090680101,546.5452141057934,794,35.7085020242915,19.4331983805668,794,Sudeste
3503901,Arujá,SP,2128,332,1.5004699248120301,40.6015037593985,5.592105263157895,79.93421052631578,4.041353383458646,19.877819548872182,52.255639097744364,45.0187969924812,2.725563909774436,504.50663373323925,525.0263232180664,550.0429781227947,535.3141143260409,590.5434015525759,541.0866901905433,1417,33.411654135338345,15.601503759398497,1417,Sudeste
3504008,Assis,SP,2356,589,1.2096774193548387,33.31918505942275,2.5891341256366727,69.35483870967742,2.7589134125636674,12.945670628183361,63.794567062818345,34.38030560271647,1.825127334465195,512.4156591824985,529.4831318364996,554.4913068508923,549.4879101899827,621.1629245826138,553.4081865284974,1737,26.273344651952456,25.0,1737,Sudeste
3504107,Atibaia,SP,3513,753,1.2849416453173925,34.67122117847993,4.412183319100484,66.09735269000853,2.704241389126103,20.609165955024196,59.80643324793624,37.40392826643894,2.789638485624822,522.1948125544899,544.5560592850916,563.8543591979076,573.4539232781168,619.6076721883173,564.7333653007847,2294,34.69968687731284,21.43467122117848,2294,Sudeste
3504206,Auriflama,SP,478,148,1.5167364016736402,51.88284518828452,2.7196652719665275,77.82426778242679,1.0460251046025104,18.200836820083683,49.37238493723849,49.58158995815899,1.0460251046025104,500.6146341463415,513.8091463414634,541.7021341463415,547.4283536585366,622.560975609756,545.2230487804878,328,31.380753138075313,30.962343096234306,328,Sudeste
3504503,Avaré,SP,2046,479,1.367546432062561,39.8338220918866,3.8611925708699903,67.35092864125122,3.1280547409579667,22.58064516129032,55.180840664711624,42.717497556207235,2.101661779081134,521.070486397362,537.5409727947238,555.4534212695795,568.2619950535861,620.9068425391591,560.6467436108821,1213,40.713587487781034,23.41153470185728,1213,Sudeste
3505302,Barra Bonita,SP,937,202,1.400213447171825,36.60618996798292,2.774813233724653,76.62753468516541,1.7075773745997866,22.305229455709714,56.563500533617926,41.94236926360726,1.4941302027748131,510.1682692307692,528.4193910256411,555.4245192307693,552.3714743589743,616.5705128205128,552.5908333333333,624,33.40448239060832,21.558164354322304,624,Sudeste
3505401,Barra do Turvo,SP,118,19,2.2457627118644066,61.016949152542374,22.88135593220339,97.45762711864407,9.322033898305085,33.89830508474576,25.423728813559322,63.559322033898304,11.016949152542372,480.93188405797105,490.5159420289855,515.3840579710145,470.6376811594203,449.5652173913044,481.4069565217392,69,41.52542372881356,16.101694915254235,69,Sudeste
3505500,Barretos,SP,2439,602,1.2927429274292743,37.72037720377204,2.911029110291103,68.63468634686348,2.6240262402624026,17.384173841738416,58.99958999589996,39.606396063960645,1.3940139401394014,521.9803050397878,535.9841511936339,555.0647877984085,569.596949602122,618.0636604774536,560.1379708222812,1508,38.17138171381714,24.682246822468223,1508,Sudeste
3505609,Barrinha,SP,575,104,1.7982608695652174,51.13043478260869,4.869565217391305,90.08695652173913,4.3478260869565215,29.391304347826086,38.43478260869565,57.7391304347826,3.826086956521739,494.0239361702128,506.48590425531916,534.3954787234043,514.2946808510638,554.7872340425532,520.7974468085106,376,34.608695652173914,18.086956521739133,376,Sudeste
3505708,Barueri,SP,7974,1447,1.4389265111612741,32.6812139453223,5.216955104088287,84.24880862804113,3.975420115374969,17.77025332330073,58.52771507399047,38.96413343365939,2.508151492350138,509.4649219467401,531.6535904499541,555.7882828282828,543.236694214876,603.6657483930211,548.7618475665748,5445,31.71557562076749,18.14647604715325,5445,Sudeste
3505906,Batatais,SP,1537,416,1.346779440468445,38.061158100195186,3.708523096942095,66.94860117111256,2.4072869225764477,23.552374756018217,56.0832791151594,41.96486662329213,1.951854261548471,509.3918918918919,525.8676576576577,547.9459459459459,550.9205405405406,614.6486486486486,549.7549369369369,1110,27.781392322706566,27.065712426805465,1110,Sudeste
3506003,Bauru,SP,7324,1441,1.1286182413981432,30.24303659202622,3.4953577280174764,62.42490442381212,2.170944838885855,14.527580557072639,66.94429273620972,31.33533588203168,1.720371381758602,531.2409523809524,547.0041593780369,564.6768901846453,576.3518950437318,638.4450923226433,571.543797862002,5145,29.75150191152376,19.675040961223374,5145,Sudeste
3506102,Bebedouro,SP,1841,497,1.1982618142313959,35.904399782726784,2.715915263443781,62.031504617055944,2.2270505160239003,16.94731124388919,61.27104834329169,37.04508419337317,1.6838674633351438,523.0402646502836,533.7933837429111,558.9958412098298,569.0175803402647,642.4385633270322,565.4571266540643,1058,42.5312330255296,26.996197718631176,1058,Sudeste
3506359,Bertioga,SP,1137,223,1.7044854881266491,52.5065963060686,8.53122251539138,77.13280562884785,5.804749340369393,26.47317502198769,43.18381706244503,51.627088830255055,5.189094107299912,489.2786421499293,502.93748231966055,536.6231966053748,500.1835926449788,552.6166902404526,516.3279207920792,707,37.81882145998241,19.61301671064204,707,Sudeste
3506508,Birigui,SP,2149,628,1.3485342019543973,36.668217775709635,3.6761284318287575,71.56817124243834,2.6989297347603536,20.24197301070265,57.747789669613766,40.62354583527222,1.6286644951140066,514.5506024096385,531.5086345381526,557.4890227576974,566.8646586345382,621.0843373493976,558.2994511378848,1494,30.479292694276406,29.222894369474172,1494,Sudeste
3507001,Boituva,SP,1208,220,1.2466887417218544,31.456953642384107,3.2284768211920527,68.62582781456953,3.145695364238411,18.211920529801322,62.996688741721854,35.099337748344375,1.903973509933775,517.4685782556751,530.9400238948626,556.1945041816009,568.9978494623656,610.0119474313022,556.7225806451613,837,30.71192052980133,18.211920529801322,837,Sudeste
3507506,Botucatu,SP,3067,652,1.0661884577763288,31.52918161069449,3.1953048581675905,54.41799804369091,2.2497554613628954,15.226605803716986,67.00358656667753,31.431366155852626,1.56504727746984,533.9044174757282,554.792572815534,569.8486893203884,584.2166019417475,635.7864077669902,575.7097378640777,2060,32.83338767525269,21.258558852298663,2060,Sudeste
3507605,Bragança Paulista,SP,3723,815,1.2839108246038142,34.81063658340048,3.8947085683588503,67.63362879398335,2.3368251410153102,19.71528337362342,60.05909213000269,37.92640343808756,2.0145044319097503,517.701024765158,538.4813407344151,558.1532023911187,567.7561058923997,618.7788215200683,560.174099060632,2342,37.09374160623153,21.89094816008595,2342,Sudeste
3508405,Cabreúva,SP,701,147,1.4507845934379457,37.660485021398,3.7089871611982885,81.16975748930099,2.1398002853067046,20.399429386590583,54.350927246790306,43.93723252496434,1.7118402282453637,500.58340707964607,521.9174778761062,547.3696902654867,537.9391592920354,598.4513274336283,541.2522123893805,452,35.520684736091305,20.970042796005707,452,Sudeste
3508504,Caçapava,SP,1511,270,1.1336863004632693,30.57577763070814,3.7723362011912642,61.283917935142284,3.044341495698213,14.692256783587029,65.25479814692257,32.49503639973527,2.2501654533421576,519.1405783582089,540.8797574626866,560.5849813432835,559.7638059701493,617.3320895522388,559.5402425373135,1072,29.05360688285903,17.86896095301125,1072,Sudeste
3508603,Cachoeira Paulista,SP,632,104,1.3180379746835442,40.348101265822784,4.746835443037975,66.61392405063292,4.430379746835443,15.664556962025317,57.27848101265823,39.71518987341772,3.0063291139240507,508.81878172588836,527.0167512690356,545.6129441624365,548.4139593908629,606.3451776649746,547.2415228426396,394,37.65822784810127,16.455696202531644,394,Sudeste
3509007,Caieiras,SP,2396,388,1.4085976627712855,35.68447412353923,4.841402337228715,77.67111853088481,3.7562604340567614,18.906510851419032,56.969949916527554,40.48414023372287,2.5459098497495827,506.71648768161714,528.0746683512318,553.3845862286797,537.8512950094756,600.3916614024005,545.283739734681,1583,33.931552587646074,16.193656093489146,1583,Sudeste
3509205,Cajamar,SP,1659,215,1.515370705244123,38.27606992163955,5.244122965641953,84.87040385774563,4.219409282700422,18.92706449668475,54.06871609403255,43.037974683544306,2.8933092224231465,494.5412371134021,519.1192127460168,547.3686035613871,522.366916588566,586.2605435801312,533.9313027179006,1067,35.684147076552144,12.959614225437011,1067,Sudeste
3509254,Cajati,SP,478,94,1.7196652719665273,48.11715481171548,5.648535564853557,84.93723849372385,4.811715481171548,28.451882845188287,46.44351464435147,49.37238493723849,4.184100418410042,497.04429065743943,513.6681660899654,543.3297577854671,530.5176470588235,550.0346020761245,526.918892733564,289,39.53974895397489,19.665271966527197,289,Sudeste
3509403,Cajuru,SP,495,104,1.6626262626262627,47.878787878787875,5.656565656565657,83.63636363636363,3.6363636363636362,25.454545454545453,45.05050505050505,51.515151515151516,3.4343434343434343,485.6105105105105,500.8147147147147,523.9000000000001,515.6054054054055,582.042042042042,521.5945345345345,333,32.72727272727273,21.01010101010101,333,Sudeste
3509502,Campinas,SP,19548,3743,1.1006752608962553,26.330059341109063,3.790669122160835,61.32596685082873,2.8391651319828117,15.781665643544097,67.72048291385308,30.52486187845304,1.7546552076938817,535.5442925395075,551.6109812568909,569.3464682102168,584.4976405733187,627.4134509371554,573.6825667034179,13605,30.402087170042968,19.147738899120114,13605,Sudeste
3509601,Campo Limpo Paulista,SP,1805,207,1.5074792243767312,41.05263157894737,4.376731301939058,81.21883656509695,3.7673130193905813,20.33240997229917,51.357340720221615,46.038781163434905,2.6038781163434903,504.51311787072245,526.2039923954372,550.8277566539924,540.6802281368821,584.296577946768,541.3043346007605,1052,41.7174515235457,11.46814404432133,1052,Sudeste
3509700,Campos do Jordão,SP,1019,214,1.4553483807654564,41.02060843964671,5.397448478900883,68.20412168792934,2.747791952894995,28.164867517173697,52.99313052011776,43.57212953876349,3.434739941118744,503.89113924050633,523.6643987341772,547.4006329113924,543.276424050633,593.6392405063291,542.3743670886075,632,37.9784102060844,21.00098135426889,632,Sudeste
3510005,Cândido Mota,SP,385,85,1.4025974025974026,37.4025974025974,3.896103896103896,79.22077922077922,2.5974025974025974,17.142857142857142,57.92207792207792,40.25974025974026,1.8181818181818181,504.18120300751883,537.9195488721805,556.5357142857143,548.8984962406015,611.4285714285714,551.7927067669173,266,30.909090909090907,22.07792207792208,266,Sudeste
3510203,Capão Bonito,SP,1243,193,1.919549477071601,55.34995977473854,14.07884151246983,90.7481898632341,4.746580852775542,27.031375703942075,37.892196299275945,54.86725663716814,7.240547063555914,495.0487771739131,511.859375,539.6627717391304,523.4955163043478,553.7228260869565,524.7578532608696,736,40.788415124698304,15.526950925181012,736,Sudeste
3510401,Capivari,SP,976,189,1.4323770491803278,34.73360655737705,2.459016393442623,79.71311475409836,1.7418032786885245,24.59016393442623,55.020491803278695,43.44262295081967,1.5368852459016393,510.26163723916534,536.3878009630819,551.770304975923,543.6614767255217,601.7014446227929,548.7565329052969,623,36.16803278688525,19.364754098360656,623,Sudeste
3510500,Caraguatatuba,SP,2610,472,1.4517241379310344,38.81226053639847,4.942528735632184,77.20306513409962,5.134099616858237,19.080459770114942,54.406130268199234,42.68199233716475,2.9118773946360155,511.4731435643564,529.3207301980199,554.0475247524753,550.0722772277228,584.5173267326733,545.8862004950495,1616,38.08429118773946,18.084291187739463,1616,Sudeste
3510609,Carapicuíba,SP,5942,727,1.6708179064288118,43.7899697071693,7.842477280376977,86.88993604846853,5.284416021541569,23.274991585324805,46.85291147761696,48.73779872096937,4.409289801413665,491.9841773812648,518.2843610600892,544.3654421411703,515.4262923117292,568.9057990028864,527.7932143794279,3811,35.86334567485695,12.234937731403567,3811,Sudeste
3510807,Casa Branca,SP,504,83,1.3115079365079365,39.682539682539684,2.976190476190476,62.89682539682539,3.571428571428571,22.023809523809522,56.547619047619044,41.86507936507937,1.5873015873015872,516.2105263157895,533.9082236842105,552.1092105263158,551.1486842105263,630.7894736842105,556.8332236842105,304,39.682539682539684,16.46825396825397,304,Sudeste
3511102,Catanduva,SP,3181,851,1.2486639421565546,36.372209996856334,3.049355548569632,66.2055957246149,1.8547626532536938,17.38447029236089,61.01854762653254,37.346746306193026,1.634706067274442,521.5144188327611,536.2482589504659,558.1482589504659,569.6407062285433,647.0917116233447,566.5286709171162,2039,35.900660169757934,26.75259352404904,2039,Sudeste
3511409,Cerqueira César,SP,421,88,1.4608076009501187,40.142517814726844,4.98812351543943,77.90973871733968,4.038004750593824,19.002375296912113,55.10688836104512,43.23040380047506,1.66270783847981,516.5547085201794,534.8255605381166,560.0349775784754,563.3165919282511,590.762331838565,553.0988340807176,223,47.03087885985748,20.902612826603324,223,Sudeste
3511508,Cerquilho,SP,731,166,1.1518467852257182,29.548563611491108,1.915184678522572,60.87551299589603,2.188782489740082,20.656634746922027,64.84268125854993,33.926128590971274,1.231190150478796,520.7534791252485,537.0465208747515,558.7838966202783,572.3045725646124,612.5646123260437,560.2906163021869,503,31.190150478796173,22.70861833105335,503,Sudeste
3512803,Cosmópolis,SP,875,135,1.3748571428571428,34.05714285714286,1.8285714285714287,79.77142857142857,1.7142857142857144,20.114285714285714,58.62857142857143,40.114285714285714,1.2571428571428571,505.23576271186437,530.3984745762712,549.4383050847457,541.8315254237287,596.2372881355932,544.6282711864407,590,32.57142857142858,15.428571428571427,590,Sudeste
3513009,Cotia,SP,5092,1018,1.2048311076197957,32.06991358994501,4.9685781618224665,63.825608798114686,3.3582089552238807,16.260801256873528,63.37391987431265,33.95522388059701,2.670856245090338,510.2836151926809,531.4556695314666,553.7588855004159,546.3396174105906,604.8350429719989,549.3345661214306,3607,29.163393558523175,19.992144540455616,3607,Sudeste
3513405,Cruzeiro,SP,1902,503,1.1540483701366981,37.27655099894848,4.837013669821241,54.10094637223975,4.048370136698212,15.141955835962145,63.56466876971609,33.33333333333333,3.1019978969505786,515.1086956521739,531.3048054919908,553.0198321891686,555.6961098398169,639.816933638444,558.9892753623188,1311,31.072555205047315,26.44584647739222,1311,Sudeste
3513504,Cubatão,SP,1882,246,1.6083953241232731,42.029755579171095,4.675876726886291,87.19447396386822,4.888416578108395,22.051009564293306,49.840595111583426,47.3432518597237,2.81615302869288,498.06126644736844,521.8791118421053,547.2059210526317,530.6583059210526,575.8388157894736,534.7286842105262,1216,35.38788522848034,13.071200850159407,1216,Sudeste
3513801,Diadema,SP,8410,1002,1.594411414982164,44.756242568370986,5.992865636147444,82.23543400713437,5.077288941736029,21.379310344827587,47.907253269916765,48.56123662306778,3.5315101070154578,496.46415362731153,522.8842105263158,549.542940967283,528.5709815078236,590.9637268847795,537.6852027027027,5624,33.127229488703925,11.914387633769321,5624,Sudeste
3514403,Dracena,SP,1592,473,1.1978643216080402,34.2964824120603,2.638190954773869,65.01256281407035,2.763819095477387,15.07537688442211,62.1859296482412,35.55276381909548,2.261306532663317,518.9955955955955,529.0966966966967,550.6121121121121,560.9374374374374,618.998998998999,555.7281681681683,999,37.24874371859297,29.71105527638191,999,Sudeste
3514809,Eldorado,SP,308,39,2.081168831168831,65.9090909090909,13.96103896103896,93.83116883116884,7.142857142857142,27.27272727272727,28.57142857142857,64.28571428571429,7.142857142857142,473.28101265822784,478.5898734177215,511.3962025316456,518.1518987341772,513.1645569620254,498.91670886075946,158,48.701298701298704,12.662337662337661,158,Sudeste
3515004,Embu das Artes,SP,4418,639,1.7034857401539159,48.50611136260751,8.940697148030784,82.82028066998642,5.4775916704391125,24.60389316432775,43.639655952919874,51.51652331371661,4.843820733363513,491.21188639551195,515.3267882187938,540.6963534361852,509.2465988779804,569.7826086956521,525.2528471248247,2852,35.44590312358533,14.463558171118155,2852,Sudeste
3515103,Embu-Guaçu,SP,1336,233,1.527694610778443,45.808383233532936,7.559880239520958,72.67964071856288,6.137724550898203,20.58383233532934,50.1497005988024,44.83532934131736,5.014970059880239,494.87587719298244,514.6377192982455,545.6407894736842,526.0438596491229,580.9429824561404,532.4282456140351,912,31.73652694610778,17.440119760479043,912,Sudeste
3515186,Espírito Santo do Pinhal,SP,638,141,1.3605015673981191,34.1692789968652,5.172413793103448,68.80877742946709,1.5673981191222568,26.332288401253916,56.896551724137936,39.6551724137931,3.4482758620689653,521.1067532467532,548.3815584415585,561.7311688311688,574.8911688311689,625.6103896103896,566.3442077922077,385,39.6551724137931,22.10031347962382,385,Sudeste
3515509,Fernandópolis,SP,2181,593,1.2966529115084824,36.9096744612563,4.447501146263182,67.67537826685007,4.585052728106373,16.047684548372306,60.47684548372306,37.27647867950481,2.246675836772123,523.9672449687718,531.416238723109,554.5188757807078,563.8072172102707,657.2102706453851,566.1839694656488,1441,33.92939018798716,27.189362677670793,1441,Sudeste
3515707,Ferraz de Vasconcelos,SP,3206,375,1.7039925140361822,46.60012476606363,7.142857142857142,86.80598877105427,6.768558951965066,23.081721771678104,46.069868995633186,49.46974422956956,4.460386774797255,493.19752306945117,515.7694026226324,544.3129188926664,515.5709567751336,575.3472559494901,528.8396114618747,2059,35.77666874610106,11.696818465377417,2059,Sudeste
3516200,Franca,SP,6833,1717,1.3308941899604858,36.718864334845605,3.878237962827455,69.7936484706571,2.2391336162739646,20.45953461144446,57.222303527001316,40.6556417386214,2.122054734377287,517.1029483484815,536.0084460208379,557.3533806251386,568.549634227444,639.8182221236976,563.7665262691199,4511,33.98214547051076,25.128055027074492,4511,Sudeste
3516309,Francisco Morato,SP,2644,302,1.9069591527987897,54.16036308623298,8.358547655068078,94.9697428139183,6.9969742813918305,26.210287443267777,36.04387291981846,58.28290468986385,5.673222390317701,487.58759221998656,511.54124748490943,537.7974513749161,502.54842387659284,550.3688799463447,517.96871898055,1491,43.608169440242065,11.422087745839637,1491,Sudeste
3516408,Franco da Rocha,SP,2466,283,1.7664233576642336,47.24249797242498,10.381184103811842,89.09164639091647,5.7177615571776155,24.20924574209246,43.63341443633414,50.081103000811034,6.285482562854826,495.3095079787234,521.0609042553191,543.0466090425532,519.0599734042553,570.7446808510638,529.844335106383,1504,39.01054339010543,11.476074614760746,1504,Sudeste
3516705,Garça,SP,846,146,1.3829787234042554,41.01654846335697,5.791962174940898,69.73995271867612,3.4278959810874707,18.321513002364064,55.7919621749409,40.78014184397163,3.4278959810874707,507.058429118774,522.3358237547892,546.3463601532567,535.6034482758621,611.6858237547892,544.6059770114942,522,38.297872340425535,17.257683215130022,522,Sudeste
3517406,Guaíra,SP,723,234,1.2461964038727524,40.11065006915629,3.872752420470263,54.910096818810516,2.2130013831258646,23.513139695712308,61.13416320885201,37.06777316735823,1.7980636237897647,525.6793991416309,539.3253218884121,557.3772532188841,573.1347639484978,641.931330472103,567.4896137339056,466,35.54633471645919,32.365145228215766,466,Sudeste
3518206,Guararapes,SP,564,206,1.202127659574468,41.312056737588655,6.914893617021277,53.36879432624113,2.304964539007092,16.312056737588655,60.815602836879435,35.638297872340424,3.546099290780142,519.9,524.1316176470589,550.9549019607844,554.5529411764707,626.1274509803922,555.1333823529412,408,27.6595744680851,36.52482269503546,408,Sudeste
3518404,Guaratinguetá,SP,2214,365,1.349141824751581,35.14001806684733,5.013550135501355,72.22222222222221,4.0650406504065035,18.47335140018067,60.298102981029814,36.088527551942185,3.6133694670280034,526.7891780821917,550.7591780821919,566.6881506849314,585.0641780821918,631.4109589041096,572.1423287671233,1460,34.05600722673894,16.485998193315265,1460,Sudeste
3518701,Guarujá,SP,4789,643,1.611192315723533,47.0870745458342,5.784088536228857,79.61996241386511,5.596157861766549,23.03194821465859,46.27270828983086,49.88515347671748,3.84213823345166,494.52690839694657,514.9737595419847,543.8384541984733,516.6545801526718,575.2798982188295,529.0547201017812,3144,34.34955105449989,13.426602631029441,3144,Sudeste
3518800,Guarulhos,SP,22168,3680,1.3871346084446048,38.2262721039336,5.728978708047636,71.8558282208589,4.59220498015157,18.310176831468784,56.20263442800433,40.684770840851684,3.112594731143991,505.8401464266523,528.3946332616872,553.7757724341752,540.8563003761418,594.7420741536808,544.7217853304675,14888,32.840129916997476,16.600505232767954,14888,Sudeste
3519071,Hortolândia,SP,3883,570,1.354880247231522,32.783929951068764,3.708472830285862,77.64614988411023,3.1161473087818696,18.233324748905485,60.08241050733969,37.93458665979912,1.9830028328611897,510.53629482071716,531.7138645418327,555.3926693227093,548.5377689243028,582.8685258964143,545.8098247011952,2510,35.35925830543394,14.679371619881534,2510,Sudeste
3519303,Ibaté,SP,581,104,1.7056798623063683,44.75043029259897,4.130808950086059,92.08261617900172,2.753872633390706,26.850258175559382,44.061962134251296,53.35628227194492,2.5817555938037864,499.72668393782385,523.0940414507771,548.9031088082902,536.5121761658031,592.6424870466321,540.1756994818653,386,33.56282271944922,17.900172117039588,386,Sudeste
3519600,Ibitinga,SP,1158,354,1.3644214162348878,35.31951640759931,3.281519861830743,70.46632124352331,2.158894645941278,25.215889464594127,56.56303972366149,41.53713298791019,1.8998272884283247,515.5115760111576,530.5397489539749,555.8804741980474,561.2263598326359,616.1785216178522,555.8673361227336,717,38.082901554404145,30.569948186528496,717,Sudeste
3519709,Ibiúna,SP,1123,185,1.622439893143366,49.42119323241318,6.144256455921639,76.40249332146037,3.1166518254674975,27.15939447907391,45.68121104185218,50.93499554764025,3.383793410507569,504.6666666666667,522.1569620253164,540.7701828410688,542.767229254571,576.4275668073136,537.3577215189874,711,36.68744434550312,16.47373107747106,711,Sudeste
3520301,Iguape,SP,797,179,1.7239648682559598,53.19949811794228,8.281053952321205,83.06148055207026,6.900878293601004,20.95357590966123,42.785445420326226,51.69385194479298,5.520702634880803,497.9588122605364,513.7672413793103,539.2005747126437,532.557662835249,530.8812260536398,522.8731034482759,522,34.50439146800501,22.45922208281054,522,Sudeste
3520400,Ilhabela,SP,657,106,1.4627092846270928,40.791476407914764,6.8493150684931505,72.90715372907154,3.1963470319634704,22.526636225266362,52.8158295281583,43.22678843226788,3.95738203957382,515.4768674698795,536.4359036144579,554.117108433735,547.3534939759037,586.5542168674699,547.9875180722892,415,36.83409436834094,16.13394216133942,415,Sudeste
3520442,Ilha Solteira,SP,659,172,1.2427921092564491,29.590288315629742,2.579666160849772,77.08649468892261,3.0349013657056148,11.987860394537178,65.70561456752657,32.47344461305007,1.8209408194233687,515.4771428571428,532.6930612244898,550.0465306122449,548.8232653061225,589.5510204081633,547.3182040816326,490,25.64491654021245,26.100151745068285,490,Sudeste
3520509,Indaiatuba,SP,4569,1069,0.9785511052746771,22.849638870650033,2.1011162179908074,57.6056029765813,1.5539505362223682,13.7448019260232,72.18209673889253,26.76734515211206,1.0505581089954037,529.9175626145388,548.7521380574221,567.280696395846,583.9223579718998,639.6395846059866,573.9024679291387,3274,28.343182315605166,23.396804552418473,3274,Sudeste
3521804,Itaí,SP,771,186,1.5745784695201037,45.39559014267186,3.631647211413749,77.431906614786,4.280155642023346,26.718547341115436,49.15693904020752,46.952010376134886,3.8910505836575875,513.8175398633257,528.0870159453303,549.5305239179954,561.8063781321184,596.492027334852,549.9466970387244,439,43.060959792477306,24.124513618677042,439,Sudeste
3522109,Itanhaém,SP,1909,269,1.7008905185961236,49.03090623363017,4.714510214772132,88.73755893137768,8.119434258774227,19.486642221058144,44.84023048716605,50.86432687270822,4.295442640125721,492.04561675717616,510.4903801396431,539.6542280837859,513.978200155159,552.2575640031032,521.6851978277734,1289,32.47773703509691,14.091147197485595,1289,Sudeste
3522208,Itapecerica da Serra,SP,3587,585,1.7014218009478672,48.48062447727906,9.283523836074714,81.82325062726512,6.244772790632841,24.310008363534987,44.46612768330081,50.12545302481182,5.408419291887371,490.3273596673597,514.7549272349273,544.5092723492724,521.2047817047817,584.8814968814969,531.1355675675676,2405,32.95232785057151,16.30889322553666,2405,Sudeste
3522307,Itapetininga,SP,3280,583,1.4012195121951219,38.53658536585366,5.7926829268292686,71.6158536585366,3.902439024390244,20.27439024390244,56.46341463414634,40.0609756097561,3.4756097560975614,514.8856403013183,535.3022128060263,556.9280602636535,562.5496233521657,586.4595103578155,551.2250094161958,2124,35.24390243902439,17.774390243902438,2124,Sudeste
3522406,Itapeva,SP,3336,537,1.8330335731414868,53.38729016786571,10.731414868105515,85.01199040767386,4.586330935251799,29.586330935251798,39.68824940047961,53.597122302158276,6.71462829736211,496.30807422266804,514.8208625877633,538.4870611835506,532.6676028084253,566.0782347041123,529.6723671013038,1994,40.227817745803364,16.097122302158272,1994,Sudeste
3522505,Itapevi,SP,3918,455,1.6949974476773864,45.89076059213885,7.248596222562533,87.82542113323125,4.594180704441041,23.940786115364983,45.227156712608476,50.86778968861664,3.9050535987748853,488.69331320103544,511.5567730802416,537.8704486626402,504.3656169111303,554.6937014667817,519.4359706643659,2318,40.8371618172537,11.61306789178152,2318,Sudeste
3522604,Itapira,SP,1098,328,1.133879781420765,29.87249544626594,1.639344262295082,61.384335154826964,1.5482695810564664,18.94353369763206,67.57741347905282,31.329690346083787,1.092896174863388,526.4312252964427,544.9745718050066,562.7077733860343,578.3168642951251,619.3412384716733,566.3543346508563,759,30.87431693989071,29.87249544626594,759,Sudeste
3522703,Itápolis,SP,611,161,1.4991816693944353,42.5531914893617,4.582651391162029,74.14075286415712,1.4729950900163666,27.168576104746318,50.90016366612111,45.99018003273322,3.109656301145663,522.6966850828729,528.8185082872927,553.4058011049724,558.6759668508288,627.8453038674033,558.2884530386741,362,40.752864157119475,26.350245499181668,362,Sudeste
3523107,Itaquaquecetuba,SP,5003,563,1.8456925844493304,53.228063162102735,7.615430741555067,90.86548071157306,7.055766540075954,25.804517289626222,37.557465520687586,57.48550869478313,4.957025784529282,487.6517896737409,509.2633829585049,536.1066835603422,505.2775419702249,556.4523281596453,518.9503452644916,3157,36.89786128323006,11.2532480511693,3157,Sudeste
3523206,Itararé,SP,1284,251,1.780373831775701,50.155763239875384,6.775700934579438,87.85046728971963,5.607476635514018,27.647975077881622,42.601246105919,52.336448598130836,5.062305295950155,491.50240096038414,513.6761104441777,538.7793517406963,530.8223289315727,574.6938775510204,529.8948139255702,833,35.12461059190031,19.54828660436137,833,Sudeste
3523404,Itatiba,SP,1808,377,1.1736725663716814,29.535398230088493,2.7101769911504423,66.03982300884957,1.8805309734513276,17.201327433628318,65.37610619469027,33.4070796460177,1.2168141592920354,529.3302382908793,545.7562037797863,567.2746096959737,588.5811010682005,633.9687756778965,572.9821857025472,1217,32.68805309734514,20.851769911504427,1217,Sudeste
3523909,Itu,SP,2485,535,1.2040241448692153,31.871227364185113,4.507042253521127,64.1851106639839,2.8973843058350104,16.941649899396378,62.857142857142854,35.2112676056338,1.93158953722334,523.0897575757575,540.0805454545455,562.2093333333333,572.5029696969697,628.2545454545455,565.2274303030304,1650,33.601609657947684,21.52917505030181,1650,Sudeste
3524006,Itupeva,SP,1007,203,1.1261171797418073,27.606752730883816,4.1708043694141015,61.668321747765646,2.4826216484607744,16.683217477656406,66.43495531281033,30.98311817279047,2.5819265143992056,519.5191522762951,536.0770800627943,560.3394034536892,564.3919937205652,618.3673469387755,559.7389952904239,637,36.74280039721947,20.158887785501488,637,Sudeste
3524105,Ituverava,SP,1693,468,1.4040165386887182,44.35912581216775,3.780271707028943,69.2262256349675,2.835203780271707,20.200826934435913,54.10513880685174,43.5912581216775,2.303603071470762,511.6624545454545,521.4642727272727,544.9910909090909,548.9708181818182,648.4545454545455,555.1086363636364,1100,35.02658003544005,27.643236857649146,1100,Sudeste
3524303,Jaboticabal,SP,1872,457,1.2430555555555556,37.873931623931625,3.0982905982905984,61.80555555555556,3.3653846153846154,18.162393162393162,58.22649572649573,39.85042735042735,1.9230769230769231,518.069887278583,528.4406602254429,550.2966183574879,554.5280998389694,611.2721417069243,552.5214814814815,1242,33.65384615384615,24.412393162393162,1242,Sudeste
3524402,Jacareí,SP,4348,970,1.1494940202391903,29.6918123275069,3.1048758049678016,64.65041398344066,2.782888684452622,14.719411223551058,66.07635694572217,32.01471941122355,1.9089236430542778,518.5530003243593,541.0608498216023,560.7900097307818,568.5790463833928,611.5342199156665,560.1034252351606,3083,29.093836246550143,22.309107635694573,3083,Sudeste
3524709,Jaguariúna,SP,1480,375,1.2,29.527027027027025,2.9729729729729732,69.1891891891892,1.9594594594594597,16.35135135135135,64.1891891891892,34.39189189189189,1.418918918918919,529.3872549019608,542.9225490196078,561.3250980392156,582.3569607843137,622.5490196078431,567.7081764705882,1020,31.081081081081084,25.33783783783784,1020,Sudeste
3524808,Jales,SP,1397,487,1.2913385826771653,38.29634931997137,4.223335719398712,68.6471009305655,2.576950608446672,15.390121689334288,59.055118110236215,38.94058697208303,2.0042949176807445,519.2788503253796,525.8332971800434,552.3734273318872,568.7648590021691,618.7852494577006,557.007136659436,922,34.00143163922692,34.860415175375806,922,Sudeste
3525003,Jandira,SP,1817,241,1.5536598789212988,38.414969730324714,5.998899284534947,85.63566318106768,4.292790313703907,21.023665382498624,51.12823335167859,46.00990643918547,2.8618602091359384,495.86039076376557,521.7712255772647,548.2000888099468,519.9427175843695,580.2309058614564,533.2010657193606,1126,38.02971931755641,13.263621353880023,1126,Sudeste
3525102,Jardinópolis,SP,619,152,1.1825525040387723,37.802907915993536,4.68497576736672,55.73505654281099,1.938610662358643,18.093699515347332,61.55088852988692,36.025848142164776,2.4232633279483036,516.5385809312638,538.6760532150776,552.4545454545455,546.1631929046563,631.7073170731708,557.1079379157428,451,27.140549273020998,24.55573505654281,451,Sudeste
3525300,Jaú,SP,4298,1065,1.2552349930200093,34.73708701721731,2.908329455560726,63.51791530944625,1.8380642159143787,22.522103303862263,60.120986505351325,37.92461610051186,1.9543973941368076,525.1679163901792,541.1638354346384,559.979197080292,580.9272063702721,650.0796284007963,571.4635567352356,3014,29.874360167519775,24.778966961377385,3014,Sudeste
3525706,José Bonifácio,SP,1176,306,1.5195578231292517,45.32312925170068,6.887755102040815,71.42857142857143,4.166666666666666,24.149659863945576,50.935374149659864,44.5578231292517,4.506802721088436,511.7867412140575,520.4201277955272,543.8691693290734,548.641373801917,631.9488817891374,551.3332587859425,626,46.7687074829932,26.02040816326531,626,Sudeste
3525904,Jundiaí,SP,7971,2048,0.8880943419897127,20.737674068498308,2.421277129594781,51.81282147785723,1.4552753732279513,12.382386149793,75.31050056454647,23.62313386024338,1.0663655752101366,537.9344554106451,555.3806661966867,572.9437786394078,597.06491011632,648.1529784984139,582.2953577722947,5674,28.816961485384518,25.693137623886592,5674,Sudeste
3526209,Juquitiba,SP,756,110,1.996031746031746,59.523809523809526,13.88888888888889,90.07936507936508,8.597883597883598,27.513227513227513,35.317460317460316,54.89417989417989,9.788359788359788,495.25082987551866,515.7290456431535,539.496265560166,523.3923236514523,543.9834024896265,523.5703734439834,482,36.24338624338625,14.550264550264549,482,Sudeste
3526704,Leme,SP,1443,246,1.410949410949411,36.52113652113652,3.9501039501039505,71.86417186417187,2.7027027027027026,26.056826056826054,53.707553707553714,43.7976437976438,2.494802494802495,523.2315569487984,542.5978056426331,558.337408568443,568.6028213166145,612.8317659352142,561.1202716823407,957,33.679833679833685,17.04781704781705,957,Sudeste
3526803,Lençóis Paulista,SP,1207,312,1.24026512013256,30.737365368682685,1.9884009942004972,73.5708367854184,1.15990057995029,16.570008285004143,63.214581607290796,36.03976801988401,0.7456503728251864,518.8264845605701,533.8908551068884,562.6351543942993,567.7070071258908,631.0926365795724,562.8304275534442,842,30.24026512013256,25.849212924606462,842,Sudeste
3526902,Limeira,SP,4689,892,1.2130518234165066,31.264661974834716,2.5591810620601407,68.24482832160376,2.3245894647046277,16.911921518447432,63.659628918746,34.954148005971426,1.3862230752825764,526.0467185069984,546.1429860031104,566.2046967340591,580.9342457231727,616.1617418351477,567.0980777604976,3215,31.435274045638728,19.023245894647044,3215,Sudeste
3527108,Lins,SP,1473,304,1.2362525458248472,35.1663272233537,3.054989816700611,65.64833672776646,2.308214528173795,17.447386286490158,60.76035302104549,37.67820773930753,1.561439239646979,508.0586032388664,526.5824898785426,549.3766194331984,542.5796558704453,605.0202429149798,546.3235222672065,988,32.92600135777325,20.63815342837746,988,Sudeste
3527207,Lorena,SP,1610,277,1.206832298136646,35.15527950310559,3.1055900621118013,65.09316770186335,3.8509316770186333,13.478260869565217,62.29813664596273,35.776397515527954,1.9254658385093166,518.1554605887939,535.967616334283,555.3492877492878,565.392497625831,621.5954415954416,559.2920607787274,1053,34.59627329192546,17.20496894409938,1053,Sudeste
3527306,Louveira,SP,612,97,1.4052287581699345,34.64052287581699,4.57516339869281,75.65359477124183,2.287581699346405,23.366013071895424,56.209150326797385,41.33986928104575,2.450980392156863,519.3612658227848,533.3313924050633,559.8637974683545,558.220253164557,609.6708860759494,556.0895189873418,395,35.45751633986928,15.849673202614378,395,Sudeste
3528403,Mairinque,SP,1042,160,1.3656429942418427,36.94817658349328,3.358925143953935,76.96737044145874,2.9750479846449136,16.314779270633398,57.965451055662186,40.30710172744721,1.727447216890595,502.58688760806916,519.9050432276657,543.6262247838616,539.0412103746397,588.6743515850144,538.7667435158502,694,33.39731285988484,15.355086372360843,694,Sudeste
3528502,Mairiporã,SP,1436,211,1.4881615598885793,40.459610027855156,5.710306406685237,75.83565459610028,4.03899721448468,22.771587743732592,53.83008356545961,43.17548746518106,2.9944289693593316,508.5997649823737,530.22044653349,551.3632197414806,543.6491186839013,581.1280846063455,542.9921269095182,851,40.738161559888574,14.69359331476323,851,Sudeste
3529005,Marília,SP,5490,1318,1.0517304189435337,32.950819672131146,3.7887067395264116,53.11475409836065,1.9489981785063755,13.36976320582878,67.21311475409836,31.220400728597447,1.5664845173041893,525.387908496732,539.9301198257081,560.0904411764706,572.2884531590414,657.0751633986928,570.954417211329,3672,33.114754098360656,24.00728597449909,3672,Sudeste
3529203,Martinópolis,SP,448,99,1.453125,48.88392857142857,4.910714285714286,70.53571428571429,3.571428571428571,17.410714285714285,51.33928571428571,46.875,1.7857142857142856,505.90957095709575,522.5181518151816,547.8818481848185,544.9204620462046,601.7161716171618,544.5892409240925,303,32.36607142857143,22.098214285714285,303,Sudeste
3529302,Matão,SP,1235,282,1.3562753036437247,33.68421052631579,2.42914979757085,80.5668016194332,3.3198380566801617,15.627530364372468,61.29554655870445,37.08502024291498,1.6194331983805668,518.1450127877238,532.2843989769822,555.157800511509,565.4011508951406,596.5217391304348,553.502020460358,782,36.68016194331983,22.83400809716599,782,Sudeste
3529401,Mauá,SP,6206,769,1.47276828875282,40.364163712536254,4.463422494360296,78.24685787947148,4.834031582339671,19.36835320657428,54.173380599419914,42.76506606509829,3.0615533354817916,503.7078660049628,527.4731017369727,553.3966501240694,539.5635732009926,589.9503722084368,542.8183126550869,4030,35.06284241057042,12.391234289397357,4030,Sudeste
3529906,Miracatu,SP,503,87,2.1013916500994037,61.23260437375746,15.705765407554672,93.83697813121272,8.151093439363818,31.21272365805169,31.21272365805169,58.8469184890656,9.940357852882704,479.1239393939394,496.21151515151513,524.3633333333333,502.21787878787876,504.0,501.18333333333334,330,34.39363817097415,17.296222664015904,330,Sudeste
3530102,Mirandópolis,SP,492,168,1.1422764227642277,36.78861788617886,3.861788617886179,56.30081300813008,2.4390243902439024,14.83739837398374,62.80487804878049,35.36585365853659,1.8292682926829267,521.6913407821229,530.1248603351955,554.5131284916201,574.8944134078213,630.8938547486033,562.4235195530727,358,27.235772357723576,34.146341463414636,358,Sudeste
3530201,Mirante do Paranapanema,SP,306,108,1.7549019607843137,52.614379084967325,12.745098039215685,82.02614379084967,7.18954248366013,20.915032679738562,44.44444444444444,47.712418300653596,7.8431372549019605,490.20442477876105,500.77477876106195,526.7809734513274,504.370796460177,567.787610619469,517.9837168141594,226,26.1437908496732,35.294117647058826,226,Sudeste
3530300,Mirassol,SP,1227,262,1.3700081499592502,40.17929910350448,4.9714751426242865,72.04563977180113,3.2599837000814995,16.544417277913613,56.234718826405874,40.831295843520785,2.93398533007335,512.2246098439375,524.8817527010805,549.1217286914766,558.9972388955582,604.249699879952,549.8950060024009,833,32.110839445802775,21.352893235533823,833,Sudeste
3530508,Mococa,SP,1282,337,1.2262090483619346,35.8814352574103,2.1840873634945397,61.23244929797191,2.9641185647425896,20.358814352574104,62.558502340093604,35.64742589703588,1.794071762870515,513.5085585585585,530.801463963964,550.6245495495496,552.7402027027027,640.2477477477478,557.5845045045045,888,30.733229329173163,26.287051482059283,888,Sudeste
3530607,Mogi das Cruzes,SP,8870,1797,1.2649379932356257,33.957158962795944,4.813979706877114,68.50056369785796,3.5851183765501693,15.636978579481397,61.668545659526494,35.682074408117245,2.6493799323562572,515.8796199213631,536.0134665792923,558.0294724770642,564.2546526867627,611.0288335517694,557.0412090432503,6104,31.183765501691095,20.259301014656145,6104,Sudeste
3530706,Mogi Guaçu,SP,2258,401,1.2865367581930913,33.21523472099203,2.4357838795394153,72.58635961027457,2.701505757307352,17.71479185119575,61.027457927369355,37.55535872453499,1.41718334809566,526.8975464684014,547.1327137546468,564.765873605948,581.6932342007435,625.0260223048327,569.1030780669145,1345,40.43401240035429,17.75907883082374,1345,Sudeste
3530805,Mogi Mirim,SP,1425,284,1.2035087719298245,30.3859649122807,2.8771929824561404,69.19298245614036,2.1052631578947367,15.789473684210526,63.368421052631575,35.1578947368421,1.4736842105263157,528.9945914844649,548.9823935558113,564.9149597238204,580.47249712313,633.9930955120828,571.4715074798619,869,39.017543859649116,19.929824561403507,869,Sudeste
3531100,Mongaguá,SP,1051,103,1.7240723120837298,50.04757373929591,5.518553758325404,88.67745004757374,7.516650808753568,20.647002854424358,44.05328258801141,51.28449096098954,4.662226450999048,493.3476190476191,514.2924963924964,543.0603174603175,515.2861471861472,556.3059163059163,524.4584992784993,693,34.0627973358706,9.800190294957185,693,Sudeste
3531308,Monte Alto,SP,880,204,1.2045454545454546,35.56818181818181,2.6136363636363633,60.0,1.8181818181818181,20.454545454545457,60.68181818181818,37.38636363636363,1.9318181818181817,520.2040441176471,531.5470588235294,556.4283088235294,559.767830882353,648.1985294117648,563.2291544117646,544,38.18181818181819,23.18181818181818,544,Sudeste
3531407,Monte Aprazível,SP,829,244,1.3799758745476478,46.562123039807,3.9806996381182147,65.50060313630881,2.2919179734620023,19.662243667068758,54.161640530759946,43.42581423401688,2.4125452352231602,514.9667826086957,521.7262608695652,542.9834782608696,550.8177391304348,602.8521739130434,546.6692869565218,575,30.63932448733414,29.43305186972256,575,Sudeste
3531803,Monte Mor,SP,945,96,1.6084656084656084,40.52910052910053,3.8095238095238098,88.04232804232804,4.761904761904762,23.703703703703706,48.67724867724868,49.1005291005291,2.2222222222222223,497.93301127214175,517.6906602254429,542.7885668276973,526.714653784219,554.4927536231884,527.9239291465378,621,34.285714285714285,10.158730158730158,621,Sudeste
3533403,Nova Odessa,SP,838,168,1.1766109785202863,24.94033412887828,2.386634844868735,73.86634844868735,2.386634844868735,14.081145584725538,69.8090692124105,28.758949880668254,1.431980906921241,519.5205831903945,540.0001715265865,563.7444253859348,568.217667238422,620.7890222984563,562.4543739279588,583,30.429594272076375,20.047732696897373,583,Sudeste
3533502,Novo Horizonte,SP,757,217,1.4464993394980186,42.53632760898283,3.963011889035667,75.69352708058125,2.509907529722589,19.947159841479525,52.70805812417437,44.38573315719947,2.906208718626156,509.87671755725194,517.3549618320611,539.8824427480916,550.9047709923664,669.1603053435115,557.4358396946565,524,30.779392338177015,28.66578599735799,524,Sudeste
3533908,Olímpia,SP,1383,309,1.4041937816341288,39.69631236442516,2.458423716558207,77.72957339117859,2.8922631959508314,17.642805495300074,56.47143890093999,41.57628344179321,1.9522776572668112,515.079202988792,532.2524283935243,556.2407222914072,567.829389788294,598.6052303860523,554.001394769614,803,41.93781634128706,22.342733188720175,803,Sudeste
3534302,Orlândia,SP,1445,307,1.46159169550173,40.55363321799308,2.768166089965398,79.65397923875432,1.8685121107266434,21.314878892733564,52.8719723183391,44.982698961937714,2.1453287197231834,506.4056256062076,518.8658583899127,543.7064985451019,537.790203685742,637.0514064015518,548.7639185257032,1031,28.65051903114186,21.24567474048443,1031,Sudeste
3534401,Osasco,SP,13803,2518,1.19430558574223,31.35550242700862,5.245236542780555,62.51539520394117,3.745562558864015,16.56886184162863,63.76150112294429,33.630370209374775,2.6081286676809388,511.1474982166514,535.7104555181902,558.0071232039132,549.6063487210843,615.9747274024254,554.0892306124529,9813,28.90675940013041,18.242411070057234,9813,Sudeste
3534609,Osvaldo Cruz,SP,629,147,1.4642289348171702,39.42766295707472,3.97456279809221,82.51192368839428,3.1796502384737675,17.329093799682035,55.80286168521462,42.289348171701114,1.9077901430842605,513.7936619718309,534.9819248826291,552.5091549295774,564.8018779342723,630.093896713615,559.236103286385,426,32.273449920508746,23.370429252782195,426,Sudeste
3534708,Ourinhos,SP,2250,523,1.3133333333333332,36.977777777777774,3.6888888888888887,70.0,3.2,17.466666666666665,58.62222222222222,38.75555555555555,2.6222222222222222,504.35627095908785,522.4378940308518,549.0832327297115,550.70697518444,608.9738430583501,547.1116431924883,1491,33.733333333333334,23.244444444444447,1491,Sudeste
3535507,Paraguaçu Paulista,SP,852,184,1.4859154929577465,46.5962441314554,3.755868544600939,74.88262910798123,3.6384976525821595,19.718309859154928,52.347417840375584,44.95305164319249,2.699530516431925,503.70195035460995,521.9386524822695,545.8725177304964,538.5182624113475,597.1276595744681,541.4318085106382,564,33.80281690140845,21.5962441314554,564,Sudeste
3536505,Paulínia,SP,2298,532,1.0422106179286337,23.585726718885986,2.3063533507397738,63.14186248912097,2.0017406440382945,13.185378590078328,72.236727589208,26.54482158398607,1.2184508268059182,535.8012673506337,547.2365117682559,567.4456849728425,582.7381412190706,627.1937235968618,572.0830657815329,1657,27.893820713664052,23.150565709312446,1657,Sudeste
3536703,Pederneiras,SP,652,107,1.2975460122699387,36.963190184049076,4.447852760736196,65.6441717791411,2.7607361963190185,19.938650306748464,59.355828220858896,38.036809815950924,2.607361963190184,519.4123762376238,535.3428217821782,562.2019801980198,577.409900990099,608.8118811881188,560.6357920792079,404,38.036809815950924,16.411042944785276,404,Sudeste
3537107,Pedreira,SP,554,105,1.444043321299639,36.64259927797834,4.1516245487364625,76.17328519855594,1.6245487364620936,25.812274368231048,55.23465703971119,42.59927797833935,2.166064981949458,509.9922619047619,528.0494047619047,553.863988095238,555.7113095238095,601.547619047619,549.8329166666666,336,39.35018050541517,18.95306859205776,336,Sudeste
3537305,Penápolis,SP,1261,442,1.126883425852498,36.241078509119745,3.6478984932593184,50.67406819984139,3.409992069785884,18.71530531324346,64.15543219666931,33.624107850911976,2.2204599524187154,520.6881057268722,529.6904185022026,553.2057268722467,560.5562775330396,649.3392070484582,562.6959471365639,908,27.993655828707375,35.051546391752574,908,Sudeste
3537404,Pereira Barreto,SP,547,134,1.4680073126142597,40.58500914076782,4.387568555758683,83.54661791590493,2.742230347349177,15.539305301645337,54.47897623400365,43.875685557586834,1.6453382084095063,502.79591280653955,516.8637602179837,541.6280653950954,545.8880108991825,563.8692098092644,534.2089918256131,367,32.90676416819013,24.49725776965265,367,Sudeste
3537602,Peruíbe,SP,1666,310,1.6572629051620649,50.42016806722689,8.94357743097239,76.23049219687876,8.343337334933974,21.788715486194477,47.118847539015604,46.398559423769505,6.482593037214886,503.27638758231427,521.7115710253998,545.4273753527752,530.8730009407337,567.695202257761,533.7967074317968,1063,36.19447779111644,18.60744297719088,1063,Sudeste
3537800,Piedade,SP,920,125,1.8467391304347827,51.19565217391304,11.08695652173913,87.5,4.021739130434782,30.869565217391305,39.34782608695652,54.78260869565217,5.869565217391305,509.0243288590604,533.8756711409396,553.9657718120804,558.199832214765,578.2214765100671,546.6574161073826,596,35.21739130434782,13.586956521739129,596,Sudeste
3537909,Pilar do Sul,SP,463,96,1.732181425485961,47.51619870410367,9.071274298056156,81.42548596112312,3.455723542116631,31.749460043196542,43.84449244060475,50.9719222462203,5.183585313174946,519.4510563380281,532.4943661971831,555.1478873239437,570.5232394366197,587.887323943662,553.1007746478873,284,38.66090712742981,20.734341252699785,284,Sudeste
3538006,Pindamonhangaba,SP,2585,448,1.2591876208897486,36.131528046421664,4.294003868471954,68.78143133462282,3.7524177949709867,12.959381044487428,61.08317214700193,36.827852998065765,2.0889748549323017,518.7345323741007,539.7326738609113,563.9414268585132,567.9975419664269,633.4412470023981,564.76948441247,1668,35.47388781431334,17.330754352030947,1668,Sudeste
3538709,Piracicaba,SP,8065,1782,1.1151890886546807,29.001859888406695,2.765034097954123,61.57470551766894,1.8598884066955983,16.317420954742715,66.47241165530068,32.07687538747675,1.4507129572225668,530.2277895855473,549.8551895147007,567.7134077222812,581.3473255402055,633.9532412327311,572.6193907190932,5646,29.993800371977684,22.095474271543708,5646,Sudeste
3538808,Piraju,SP,1276,263,1.6308777429467085,44.122257053291534,3.9968652037617556,87.6959247648903,1.489028213166144,25.783699059561126,47.64890282131661,50.15673981191222,2.19435736677116,509.80323450134773,528.2268194070081,553.3862533692723,551.1091644204852,582.1563342318059,544.9363611859839,742,41.84952978056427,20.611285266457678,742,Sudeste
3538907,Pirajuí,SP,554,117,1.4909747292418774,45.667870036101085,4.512635379061372,75.9927797833935,4.1516245487364625,18.772563176895307,51.624548736462096,44.4043321299639,3.9711191335740073,509.96751269035536,516.8340101522842,541.0571065989848,536.4710659898477,576.4467005076142,536.1552791878172,394,28.880866425992778,21.119133574007222,394,Sudeste
3539301,Pirassununga,SP,1917,422,1.1679707876890975,33.95931142410016,3.1820552947313505,57.798643714136674,2.2430881585811164,19.61398017736046,62.75430359937402,35.628586332811686,1.6171100678142931,523.2472551928784,542.1090504451039,559.2269287833828,574.4637240356083,634.9554896142433,566.8004896142434,1348,29.681794470526867,22.013562858633282,1348,Sudeste
3539509,Pitangueiras,SP,479,86,1.7536534446764092,53.23590814196242,5.845511482254697,81.21085594989562,4.3841336116910234,30.68893528183716,39.87473903966597,54.27974947807933,5.845511482254697,494.37666666666667,514.6996666666666,538.6436666666667,530.7186666666666,570.6,529.8077333333333,300,37.36951983298539,17.954070981210858,300,Sudeste
3539806,Poá,SP,2312,313,1.5363321799307958,38.667820069204154,5.839100346020762,86.85121107266436,4.887543252595155,17.387543252595155,53.2439446366782,43.81487889273357,2.941176470588235,502.5148936170213,522.3545682102629,551.2777221526909,537.0923028785983,574.7183979974968,537.591576971214,1598,30.88235294117647,13.538062283737023,1598,Sudeste
3540200,Pontal,SP,579,156,1.5699481865284974,44.38687392055268,5.699481865284974,73.74784110535406,4.145077720207254,29.015544041450774,48.35924006908463,46.97754749568221,4.66321243523316,500.1381944444445,510.7053240740741,539.2453703703703,526.7013888888889,594.3981481481482,534.2376851851851,432,25.38860103626943,26.94300518134715,432,Sudeste
3540606,Porto Feliz,SP,730,109,1.3397260273972602,34.24657534246575,3.6986301369863015,74.52054794520548,1.9178082191780823,19.589041095890412,59.45205479452055,38.21917808219178,2.328767123287671,510.46042654028435,535.6651658767772,554.8194312796209,548.8907582938389,608.957345971564,551.758625592417,422,42.19178082191781,14.931506849315069,422,Sudeste
3540705,Porto Ferreira,SP,1428,362,1.1127450980392157,29.971988795518207,2.5910364145658265,57.63305322128851,1.5406162464985995,19.537815126050422,64.84593837535014,33.753501400560225,1.400560224089636,527.9926035502958,544.7187376725839,563.4250493096647,581.7250493096647,652.938856015779,574.1600591715977,1014,28.99159663865546,25.350140056022408,1014,Sudeste
3541000,Praia Grande,SP,5834,805,1.4628042509427495,42.04662324305794,4.233801851217004,76.84264655467946,4.525197120329105,18.63215632499143,53.42817963661296,43.914981145012,2.6568392183750427,499.77357619291945,523.7523088763469,548.0099794766546,529.1688558234993,566.5418163160596,533.4493073370959,3898,33.18477888241343,13.798423037367158,3898,Sudeste
3541307,Presidente Epitácio,SP,833,223,1.3553421368547418,41.416566626650656,3.481392557022809,69.02761104441777,4.561824729891957,17.046818727490997,56.542617046818734,40.936374549819924,2.5210084033613445,499.72487223168656,512.1841567291311,541.5097103918229,537.8262350936967,581.4991482112437,534.5488245315162,587,29.531812725090035,26.770708283313326,587,Sudeste
3541406,Presidente Prudente,SP,7089,1927,1.1891663140076174,35.011990407673856,3.822824093666243,61.29214275638313,2.8353787558188746,15.954295387219636,62.745098039215684,35.23769219918183,2.0172097616024827,514.1226824854213,529.368389302232,550.332435149809,553.1025135732957,619.5334807963001,553.2919002614117,4973,29.849061926929043,27.18295951474115,4973,Sudeste
3541505,Presidente Venceslau,SP,860,265,1.3383720930232559,40.93023255813954,4.767441860465117,66.27906976744185,5.0,16.86046511627907,57.906976744186046,38.95348837209303,3.1395348837209305,504.9239682539682,519.3979365079365,545.5420634920634,552.625873015873,616.0952380952381,547.7170158730158,630,26.74418604651163,30.813953488372093,630,Sudeste
3541604,Promissão,SP,475,114,1.2294736842105263,37.26315789473684,3.578947368421052,61.05263157894737,1.8947368421052633,19.157894736842103,61.05263157894737,36.0,2.9473684210526314,510.7538011695906,515.9614035087719,541.0812865497076,533.0856725146199,598.0701754385965,539.7904678362573,342,28.000000000000004,24.0,342,Sudeste
3542206,Rancharia,SP,663,197,1.5082956259426847,44.79638009049774,4.223227752639517,77.82805429864254,3.619909502262444,20.361990950226243,51.28205128205128,45.399698340874814,3.3182503770739067,506.19690265486724,514.4499999999999,541.4980088495576,533.7294247787611,563.7168141592921,531.9182300884956,452,31.825037707390646,29.71342383107089,452,Sudeste
3542602,Registro,SP,2043,395,1.5814977973568283,46.54919236417034,7.537934410181106,77.5330396475771,4.503181595692609,22.026431718061673,50.122369065100344,45.12971120900636,4.7479197258932935,503.95451559934315,524.2195402298851,549.5824302134647,547.3781609195402,575.0410509031199,540.0351395730706,1218,40.38179148311307,19.334312285854136,1218,Sudeste
3543303,Ribeirão Pires,SP,1945,298,1.332133676092545,33.059125964010285,3.9588688946015425,76.96658097686375,4.16452442159383,15.064267352185091,61.23393316195372,36.96658097686375,1.7994858611825193,511.3171247357294,531.8845665961944,553.370260747005,547.6686398872446,606.2861169837914,550.105341789993,1419,27.043701799485863,15.32133676092545,1419,Sudeste
3543402,Ribeirão Preto,SP,15157,3663,1.0509335620505378,29.299993402388335,3.265817773965824,53.394471201425084,2.2827736359437885,16.85030019133074,67.39460315365837,30.784456026918257,1.8209408194233687,534.9306066678812,548.1417471306248,566.6842321005647,582.3871014756786,655.7478593550737,577.5783093459646,10978,27.57141914626905,24.1670515273471,10978,Sudeste
3543907,Rio Claro,SP,3485,725,1.1845050215208035,32.42467718794835,3.3859397417503585,64.90674318507891,1.8651362984218076,15.86800573888092,63.242467718794835,35.35150645624103,1.406025824964132,528.9667488697082,546.6150431565968,565.0075215782985,578.4021783806,627.4804767776408,569.2943937525688,2433,30.18651362984218,20.803443328550934,2433,Sudeste
3544103,Rio Grande da Serra,SP,561,43,1.7468805704099821,47.41532976827095,6.59536541889483,92.51336898395722,6.0606060606060606,22.103386809269164,42.780748663101605,53.475935828877006,3.7433155080213902,490.3971988795518,509.20700280112044,535.6288515406162,514.349299719888,546.7787114845938,519.2722128851541,357,36.36363636363637,7.66488413547237,357,Sudeste
3544251,Rosana,SP,405,112,1.6,48.641975308641975,5.9259259259259265,80.24691358024691,5.9259259259259265,19.25925925925926,47.40740740740741,48.641975308641975,3.950617283950617,495.55496183206105,501.21717557251907,531.2839694656489,514.263358778626,556.1832061068702,519.700534351145,262,35.30864197530864,27.65432098765432,262,Sudeste
3545209,Salto,SP,1959,429,1.169474221541603,28.841245533435426,2.7054619703930576,67.07503828483921,1.8376722817764166,16.48800408371618,66.20724859622257,32.26135783563042,1.5313935681470139,518.7324582338902,538.3027048528241,560.2132856006364,567.3052505966587,627.9713603818616,562.5050119331743,1257,35.83460949464013,21.898928024502297,1257,Sudeste
3545308,Salto de Pirapora,SP,647,67,1.536321483771252,39.56723338485317,4.636785162287481,82.53477588871716,2.3183925811437405,24.57496136012365,50.695517774343124,46.67697063369397,2.627511591962906,504.9466183574879,525.7628019323671,547.4024154589372,524.4202898550725,557.7777777777778,532.0619806763285,414,36.01236476043277,10.35548686244204,414,Sudeste
3545803,Santa Bárbara d'Oeste,SP,2053,356,1.2464685825621042,29.03068679980516,2.7277155382367266,73.69702873843156,1.753531417437896,17.437895762299075,64.44227959084266,34.19386264003897,1.3638577691183633,518.2316901408451,538.6918309859155,560.4573943661971,570.8730985915494,619.7464788732394,561.6000985915493,1420,30.832927423282996,17.340477350219192,1420,Sudeste
3546405,Santa Cruz do Rio Pardo,SP,1022,248,1.3385518590998042,38.16046966731898,3.131115459882583,67.31898238747553,1.761252446183953,23.483365949119374,57.33855185909981,40.11741682974559,2.5440313111545985,519.8655063291139,535.5395569620254,553.4591772151899,569.1602848101265,619.493670886076,559.5036392405063,632,38.160469667318985,24.26614481409002,632,Sudeste
3546603,Santa Fé do Sul,SP,617,204,1.1572123176661264,31.766612641815232,2.4311183144246353,66.28849270664506,1.6207455429497568,13.614262560777956,67.09886547811993,31.92868719611021,0.9724473257698543,515.22722513089,528.5638743455497,553.901832460733,553.7693717277486,608.3769633507853,551.9678534031414,382,38.087520259319284,33.06320907617504,382,Sudeste
3546801,Santa Isabel,SP,920,134,1.6065217391304347,42.934782608695656,5.869565217391305,84.78260869565217,4.782608695652174,22.282608695652172,48.91304347826087,47.5,3.5869565217391304,501.9001639344262,530.9159016393443,552.015737704918,540.5339344262295,588.0,542.6731475409836,610,33.69565217391305,14.565217391304348,610,Sudeste
3547304,Santana de Parnaíba,SP,3905,705,1.3072983354673495,32.01024327784891,5.4033290653008965,69.42381562099872,3.8924455825864275,20.0,59.94878361075544,36.67093469910371,3.3802816901408446,517.7488816592111,535.8587230581537,556.6945506303375,566.3845465636438,621.7405449369662,559.6854493696625,2459,37.02944942381562,18.053777208706787,2459,Sudeste
3547601,Santa Rosa de Viterbo,SP,674,166,1.4183976261127595,42.433234421364986,2.6706231454005933,71.95845697329378,1.9287833827893175,22.8486646884273,54.45103857566765,44.362017804154306,1.1869436201780417,503.9933638443936,519.8885583524027,539.4441647597254,533.0393592677345,602.1510297482838,539.703295194508,437,35.16320474777448,24.629080118694365,437,Sudeste
3547809,Santo André,SP,14371,2754,1.0560155869459327,27.200612344304503,3.5140212928814973,58.81288706422657,2.7764247442766683,13.297613248904042,69.13228028668847,29.197689791942103,1.6700299213694245,521.5825953022719,543.8041297651135,564.3511648055448,571.1776472853293,624.5340777820562,565.0899229880631,10388,27.715538236726744,19.163593347714148,10388,Sudeste
3548500,Santos,SP,7524,1618,0.9287612971823498,25.465178096757047,3.3094098883572567,49.32216905901116,2.884104199893674,11.895268474215841,72.96650717703349,25.465178096757047,1.5683147262094632,525.4724821428571,549.9710178571429,570.0976607142857,578.1753214285714,633.1357142857142,571.3704392857143,5600,25.571504518872946,21.504518872939926,5600,Sudeste
3548708,São Bernardo do Campo,SP,14729,2754,1.1310340145291602,28.94290175843574,3.57118609545794,63.52094507434314,3.0076719397107747,14.06069658496843,66.40640912485573,31.76047253717157,1.833118337972707,519.9311196693594,542.8842288183355,565.3937723088484,569.4673868119481,621.0426451249295,563.7438305466842,10646,27.720822866453933,18.69780704732161,10646,Sudeste
3548807,São Caetano do Sul,SP,5512,1268,0.9136429608127722,18.650217706821483,3.0841799709724236,55.841799709724235,2.1589259796806965,11.629172714078374,76.65094339622641,22.060957910014515,1.288098693759071,532.139368572112,554.2396555847884,573.7684046878737,594.1237502989716,653.1882324802679,581.4918823248026,4181,24.147314949201736,23.00435413642961,4181,Sudeste
3548906,São Carlos,SP,6935,1463,1.105551550108147,27.195385724585435,3.229992790194665,61.49963950973324,2.9992790194664742,15.630857966834895,67.3972602739726,31.045421773612112,1.5573179524152847,535.3051112943116,554.4313272877164,569.458965375103,594.4862943116241,656.4262159934048,582.0215828524321,4852,30.03604902667628,21.095890410958905,4852,Sudeste
3549102,São João da Boa Vista,SP,1866,386,1.07502679528403,29.635584137191856,2.6259378349410505,55.09110396570204,2.6259378349410505,17.524115755627008,67.36334405144694,30.97534833869239,1.6613076098606645,536.054575986566,548.0141897565071,565.0904282115869,590.4102434928632,669.9748110831234,581.9088497061292,1191,36.17363344051447,20.685959271168276,1191,Sudeste
3549409,São Joaquim da Barra,SP,1162,258,1.4113597246127367,40.963855421686745,3.1841652323580036,73.32185886402753,4.388984509466437,19.27710843373494,52.92598967297762,45.52495697074011,1.549053356282272,507.9642857142857,516.7855889724311,545.0109022556392,539.3339598997494,656.8421052631579,553.1873684210526,798,31.32530120481928,22.203098106712567,798,Sudeste
3549706,São José do Rio Pardo,SP,1132,303,1.2932862190812722,35.68904593639576,4.858657243816254,65.2826855123675,2.4734982332155475,21.024734982332156,60.07067137809188,37.455830388692576,2.4734982332155475,526.2451822916667,540.1401041666667,559.353125,576.741796875,644.5833333333334,569.4127083333334,768,32.155477031802114,26.76678445229682,768,Sudeste
3549805,São José do Rio Preto,SP,11067,3198,1.0387638926538356,29.65573326104635,3.0360531309297913,54.142947501581276,2.4758290412939368,14.565826330532214,68.3111954459203,30.008132285172135,1.680672268907563,533.4550933676754,545.5605408886026,564.917012234385,581.0702768834514,646.8254990341275,574.3656844816484,7765,29.836450709315987,28.896719978313907,7765,Sudeste
3549904,São José dos Campos,SP,14991,3606,1.0128076846107665,27.076245747448468,3.628843973050497,54.27923420719098,3.1352144620105395,13.16123007137616,69.54839570408912,28.757254352611568,1.6943499432993128,539.5116235645598,557.8803659789002,573.5557464289049,605.3398095415928,655.7651012977313,586.4105293623378,10711,28.55046361150023,24.054432659595758,10711,Sudeste
3550100,São Manuel,SP,771,140,1.404669260700389,40.72632944228275,4.150453955901426,73.41115434500648,2.4643320363164722,19.714656290531778,55.382619974059665,41.245136186770424,3.372243839169909,518.9256097560975,539.4459349593496,554.3619918699186,555.3378048780488,605.8130081300814,554.7768699186993,492,36.18677042801557,18.15823605706874,492,Sudeste
3550209,São Miguel Arcanjo,SP,570,105,1.8596491228070176,52.45614035087719,9.473684210526317,85.26315789473684,4.385964912280701,34.385964912280706,37.89473684210527,56.14035087719298,5.964912280701754,501.84853801169595,521.412865497076,541.8666666666667,549.7616959064327,546.3157894736842,532.2411111111111,342,40.0,18.421052631578945,342,Sudeste
3550308,São Paulo,SP,197620,36753,1.2615372937961744,33.43133286104646,6.156765509563809,63.644874000607224,4.1868231960327895,18.73393381236717,60.77623722295314,35.98370610262119,3.2400566744256656,519.5183702249846,541.0040119216371,562.2682535528659,562.1706458764947,615.5016174172209,560.0925797986406,137565,30.38913065479203,18.59781398643862,137565,Sudeste
3550605,São Roque,SP,1710,399,1.1748538011695906,31.11111111111111,4.093567251461988,63.62573099415205,3.1578947368421053,15.497076023391813,64.21052631578948,33.567251461988306,2.2222222222222223,518.8758470894874,535.3137271937445,555.0457862728063,552.5803649000869,608.1668114682884,553.9965073848826,1151,32.69005847953217,23.333333333333332,1151,Sudeste
3550704,São Sebastião,SP,1618,267,1.6860321384425216,48.51668726823238,8.034610630407911,82.13844252163165,6.180469715698393,23.73300370828183,46.04449938195303,48.88751545117429,5.067985166872682,498.14888438133875,515.9650101419878,537.5409736308317,515.8684584178499,550.2028397565923,523.5452332657201,986,39.06056860321384,16.50185414091471,986,Sudeste
3551009,São Vicente,SP,4090,416,1.6430317848410758,48.41075794621027,6.332518337408313,80.95354523227384,6.259168704156479,22.34718826405868,47.066014669926645,48.38630806845966,4.547677261613692,493.5316521048451,515.6901111993645,543.364416203336,513.4636616362192,557.8077839555202,524.771525019857,2518,38.43520782396088,10.171149144254278,2518,Sudeste
3551504,Serrana,SP,783,181,1.6398467432950192,46.23243933588761,6.513409961685824,80.71519795657727,3.1928480204342273,27.330779054916988,45.4661558109834,51.34099616858238,3.1928480204342273,500.1882142857143,517.4739285714286,539.6398214285714,523.1233928571428,600.5357142857143,536.1922142857143,560,28.480204342273307,23.116219667943806,560,Sudeste
3551702,Sertãozinho,SP,2593,546,1.395680678750482,37.90975703817971,3.779406093328191,70.49749325106055,2.661010412649441,24.72040107983031,54.95564982645584,42.73042807558812,2.3139220979560355,521.0200861604739,535.4363489499192,555.6075390414647,558.8708669897684,621.5724286483576,558.5014539579968,1857,28.384111068260697,21.056691091399923,1857,Sudeste
3552106,Socorro,SP,755,198,1.4,38.41059602649007,2.913907284768212,68.6092715231788,2.913907284768212,27.1523178807947,54.70198675496689,42.51655629139073,2.781456953642384,514.8188053097346,536.1223451327434,556.1073008849557,565.2221238938052,610.8407079646017,556.6222566371681,452,40.132450331125824,26.225165562913904,452,Sudeste
3552205,Sorocaba,SP,13112,2337,1.1598535692495424,28.950579621720564,3.287065283709579,65.44386821232459,2.4862721171446003,15.81757169005491,65.42098840756559,33.023184868822455,1.5558267236119585,521.1722335832766,543.0493865030675,563.6022154055896,567.352749375142,616.8779822767552,562.4109134287662,8802,32.87065283709579,17.823367907260522,8802,Sudeste
3552403,Sumaré,SP,3648,586,1.4295504385964912,34.868421052631575,3.5361842105263155,82.37390350877193,2.850877192982456,19.325657894736842,57.92214912280702,39.939692982456144,2.138157894736842,507.9072072072072,524.9971744471745,553.0387387387387,546.1519246519247,587.3710073710074,543.8932104832105,2442,33.05921052631579,16.063596491228072,2442,Sudeste
3552502,Suzano,SP,5510,829,1.4965517241379311,39.7459165154265,5.117967332123412,81.2885662431942,5.716878402903811,17.78584392014519,53.68421052631579,42.976406533575314,3.3393829401088926,506.5423223005969,527.3531741725448,552.2654639175257,540.4534454693435,591.215409658166,543.5659631036353,3686,33.10344827586207,15.045372050816697,3686,Sudeste
3552809,Taboão da Serra,SP,7171,1158,1.4253242225631013,38.028169014084504,6.888857899874494,73.14182122437596,3.6954399665318647,20.778134151443314,55.87784130525728,40.42671872821085,3.6954399665318647,503.4083687943262,525.972380952381,552.218358662614,533.0776697061804,597.5035460992908,542.4360648429584,4935,31.18114628364245,16.148375400920372,4935,Sudeste
3553609,Tapiratiba,SP,418,67,1.7416267942583732,49.760765550239235,5.023923444976076,83.25358851674642,5.741626794258373,30.38277511961722,41.14832535885167,55.02392344497608,3.827751196172249,496.3582644628099,512.4400826446281,536.7280991735537,516.2318181818182,565.2066115702479,525.3929752066116,242,42.10526315789473,16.028708133971293,242,Sudeste
3553708,Taquaritinga,SP,799,161,1.4493116395494368,45.8072590738423,3.879849812265332,72.090112640801,2.5031289111389237,20.650813516896118,51.18898623279099,47.18397997496871,1.6270337922403004,514.5806034482758,524.7762931034483,554.3601293103449,551.6726293103449,630.1293103448276,555.1037931034483,464,41.927409261576976,20.150187734668336,464,Sudeste
3554003,Tatuí,SP,2148,357,1.4022346368715084,39.19925512104283,4.050279329608938,71.41527001862198,2.793296089385475,22.765363128491618,54.46927374301676,43.48230912476723,2.0484171322160147,512.4520849128128,527.8898407884761,550.0929492039423,548.824033358605,589.4010614101592,545.7319939347991,1319,38.59404096834265,16.620111731843576,1319,Sudeste
3554102,Taubaté,SP,5508,1147,1.1100217864923747,30.010893246187365,4.557007988380538,59.404502541757445,3.867102396514161,13.162672476397965,66.92084241103849,30.28322440087146,2.795933188090051,526.6906092045757,546.1281723862729,562.5251396648044,576.6387071029529,637.0417664272413,569.8048789571694,3759,31.75381263616558,20.824255628177195,3759,Sudeste
3554300,Teodoro Sampaio,SP,495,166,1.6525252525252525,51.91919191919192,8.484848484848486,80.2020202020202,4.444444444444445,20.2020202020202,44.64646464646464,50.505050505050505,4.848484848484849,497.7514285714286,510.5761904761905,537.2644444444444,523.0104761904762,576.4444444444445,529.0093968253968,315,36.36363636363637,33.535353535353536,315,Sudeste
3554508,Tietê,SP,881,176,1.4108967082860386,37.457434733257664,4.767309875141884,69.12599318955732,2.9511918274687856,26.787741203178207,53.68898978433598,43.35981838819523,2.9511918274687856,522.3190311418685,537.633044982699,555.0243944636678,561.9522491349481,621.2456747404844,559.6348788927336,578,34.39273552780931,19.977298524404084,578,Sudeste
3555000,Tupã,SP,1557,400,1.3808606294155428,37.1868978805395,3.4039820166987798,77.07129094412332,2.954399486191394,17.469492614001283,57.48233782915864,40.39820166987797,2.119460500963391,515.422351797862,534.4653061224491,554.3577259475219,561.0080660835763,631.0009718172984,559.2508843537415,1029,33.911368015414254,25.690430314707775,1029,Sudeste
3555406,Ubatuba,SP,1478,271,1.4512855209742896,44.113667117726656,6.292286874154263,72.05683355886333,3.247631935047361,19.418132611637347,52.30040595399188,44.38430311231394,3.3152909336941816,507.32936078006503,525.4078006500542,547.91744312026,537.2607800650054,573.9328277356447,538.3696424702058,923,37.55074424898511,18.33558863328823,923,Sudeste
3556206,Valinhos,SP,2261,550,0.8615656789031402,18.26625386996904,2.786377708978328,51.39318885448917,1.5037593984962405,12.206988058381247,76.33790358248562,22.46793454223795,1.1941618752764263,549.9331775700934,565.8973714953271,580.1782710280373,615.4068341121496,664.9299065420561,595.2691121495327,1712,24.281291463954002,24.325519681556834,1712,Sudeste
3556404,Vargem Grande do Sul,SP,543,105,1.3683241252302025,35.17495395948435,3.683241252302026,69.79742173112339,2.0257826887661143,26.151012891344383,54.88029465930019,43.462246777163905,1.6574585635359116,531.6061538461538,549.2560000000001,559.9178461538461,583.7018461538462,653.7846153846153,575.6532923076924,325,40.147329650092075,19.337016574585636,325,Sudeste
3556453,Vargem Grande Paulista,SP,1178,229,1.1706281833616299,29.626485568760614,3.3106960950764006,64.68590831918506,2.9711375212224107,16.468590831918505,65.36502546689303,32.682512733446515,1.9524617996604414,518.7967171717172,542.4782828282828,558.3464646464647,560.9006313131313,616.8434343434343,559.473106060606,792,32.76740237691001,19.439728353140918,792,Sudeste
3556503,Várzea Paulista,SP,1218,129,1.5525451559934318,37.60262725779967,4.1871921182266005,85.4679802955665,3.4482758620689653,24.548440065681447,51.724137931034484,46.141215106732346,2.134646962233169,498.3596952908587,521.6603878116343,548.5350415512465,526.7997229916898,569.2797783933518,532.9269252077562,722,40.722495894909684,10.591133004926109,722,Sudeste
3556701,Vinhedo,SP,1410,357,0.8354609929078014,18.652482269503544,2.269503546099291,48.86524822695036,1.773049645390071,11.98581560283688,76.38297872340426,22.26950354609929,1.3475177304964538,545.1826291079813,556.6727699530517,574.6393427230047,601.3306103286385,666.6666666666666,588.8984037558686,1065,24.468085106382976,25.319148936170212,1065,Sudeste
3557006,Votorantim,SP,1568,241,1.319515306122449,33.099489795918366,3.5076530612244894,76.0204081632653,2.9974489795918364,16.3265306122449,60.14030612244898,38.45663265306122,1.403061224489796,512.4027397260273,534.6142857142858,558.4830724070449,549.4501956947162,590.3131115459882,549.0526810176125,1022,34.82142857142857,15.369897959183673,1022,Sudeste
3557105,Votuporanga,SP,2801,773,1.41163870046412,41.69939307390218,4.712602641913603,70.79614423420207,2.320599785790789,21.63513031060336,54.801856479828636,42.37772224205641,2.8204212781149587,513.9510348905973,522.8591957421644,549.6900059136606,557.1190419869899,613.4121821407451,551.4062921348315,1691,39.628704034273476,27.597286683327383,1691,Sudeste
4100400,Almirante Tamandaré,PR,1544,149,1.7221502590673574,46.567357512953365,4.145077720207254,87.62953367875647,3.6269430051813467,30.24611398963731,43.71761658031088,53.56217616580311,2.7202072538860103,490.2543915343916,509.05227513227516,532.4743915343915,502.9419047619047,547.7883597883598,516.5022645502646,945,38.79533678756477,9.650259067357512,945,Sul
4100806,Alvorada do Sul,PR,357,78,1.4873949579831933,43.13725490196079,3.9215686274509802,76.19047619047619,1.400560224089636,24.089635854341736,51.540616246498594,45.938375350140056,2.5210084033613445,502.5950943396227,515.1203773584906,536.7109433962264,520.3501886792452,557.7358490566038,526.5024905660377,265,25.770308123249297,21.84873949579832,265,Sul
4101002,Ampére,PR,483,120,1.6666666666666667,45.3416149068323,3.5196687370600417,84.05797101449275,2.484472049689441,31.262939958592135,44.3064182194617,52.38095238095239,3.3126293995859215,500.20305810397554,517.5412844036697,533.6412844036697,529.9214067278288,583.1192660550458,532.885259938838,327,32.298136645962735,24.84472049689441,327,Sul
4101408,Apucarana,PR,2527,426,1.4273842500989316,40.087059754649786,4.907004352987732,70.399683419074,3.7198258804907005,23.62485160269094,52.94815987336763,43.64859517214088,3.403244954491492,514.0749999999999,529.8590527577937,549.6715827338129,551.9979016786571,578.8729016786571,544.8952877697842,1668,33.992876929165014,16.857934309457857,1668,Sul
4101507,Arapongas,PR,1972,362,1.366632860040568,35.294117647058826,3.3468559837728193,74.29006085192698,2.535496957403651,21.196754563894523,58.21501014198783,40.06085192697768,1.7241379310344827,502.25473282442744,517.236641221374,544.576106870229,543.4753435114503,566.9465648854962,534.8978778625954,1310,33.56997971602434,18.356997971602436,1310,Sul
4101606,Arapoti,PR,381,114,1.4094488188976377,42.25721784776903,4.199475065616798,69.29133858267717,3.4120734908136483,21.784776902887142,54.85564304461942,42.25721784776903,2.8871391076115485,509.69465648854964,518.8519083969466,547.9557251908396,529.2919847328244,600.0,541.158854961832,262,31.233595800524938,29.92125984251969,262,Sul
4101804,Araucária,PR,3012,447,1.4418990703851262,37.64940239043825,4.814077025232404,78.75166002656042,2.6560424966799467,20.318725099601593,55.44488711819389,42.23107569721115,2.3240371845949537,501.29759398496236,521.8468671679198,544.5384461152883,523.0343859649123,587.9498746867168,535.7334335839598,1995,33.76494023904383,14.840637450199203,1995,Sul
4101903,Assaí,PR,671,191,1.7123695976154993,45.603576751117735,5.663189269746647,93.2935916542474,5.514157973174367,21.162444113263785,46.497764530551414,50.52160953800298,2.9806259314456036,499.5690228690229,517.1,536.4796257796258,526.8405405405405,579.3347193347194,531.8647817047816,481,28.315946348733235,28.46497764530551,481,Sul
4102000,Assis Chateaubriand,PR,939,198,1.5047923322683705,35.67625133120341,2.2364217252396164,89.45686900958466,2.768903088391906,20.340788072417464,55.80404685835995,42.598509052183175,1.5974440894568689,505.80238853503187,517.3350318471338,538.5660828025477,530.1270700636943,589.4267515923567,536.2514649681528,628,33.120340788072426,21.08626198083067,628,Sul
4102109,Astorga,PR,605,65,1.6793388429752065,45.6198347107438,4.132231404958678,89.75206611570248,2.479338842975207,25.950413223140494,44.29752066115702,53.71900826446281,1.9834710743801653,499.9930521091812,510.6617866004963,536.4277915632754,521.2250620347395,578.4615384615385,529.3538461538461,403,33.388429752066116,10.743801652892563,403,Sul
4102406,Bandeirantes,PR,1246,329,1.5393258426966292,44.46227929373997,4.49438202247191,80.97913322632424,4.735152487961477,19.26163723916533,49.67897271268058,47.03049759229535,3.2905296950240768,488.05890257558787,503.3526315789474,530.9397536394177,513.3481522956328,556.909294512878,518.5217469204927,893,28.330658105939,26.40449438202247,893,Sul
4103453,Cafelândia,PR,421,94,1.5795724465558194,38.71733966745843,3.5629453681710213,91.68646080760095,1.9002375296912115,22.090261282660332,54.156769596199524,44.180522565320665,1.66270783847981,493.97159090909093,512.1784090909091,530.7068181818182,516.7007575757576,552.5,521.2115151515152,264,37.29216152019003,22.327790973871732,264,Sul
4103701,Cambé,PR,1603,310,1.5439800374298192,40.04990642545228,3.4310667498440424,85.09045539613224,2.6200873362445414,23.206487835308796,50.53025577043044,47.411104179663134,2.0586400499064252,503.3853046594982,524.4706989247312,546.6899641577061,530.8394265232976,576.0573476702509,536.2885483870967,1116,30.380536494073606,19.33873986275733,1116,Sul
4104006,Campina Grande do Sul,PR,977,158,1.5957011258955989,43.091095189355165,5.117707267144319,83.82804503582395,3.7871033776867966,23.74616171954964,49.437052200614126,47.389969293756394,3.172978505629478,493.34691943127956,515.9860979462875,539.4571879936809,517.8625592417062,572.5434439178515,527.8392417061611,633,35.20982599795291,16.17195496417605,633,Sul
4104204,Campo Largo,PR,2260,426,1.4823008849557522,34.60176991150443,4.20353982300885,86.94690265486726,2.256637168141593,20.221238938053094,56.725663716814154,40.884955752212385,2.3893805309734515,506.9233674775929,525.6377720870678,546.3867477592829,540.5190781049936,582.6888604353393,540.4311651728553,1562,30.884955752212385,18.849557522123895,1562,Sul
4104253,Campo Magro,PR,450,56,1.7933333333333332,47.11111111111111,3.7777777777777777,93.55555555555556,3.5555555555555554,31.333333333333336,41.55555555555556,55.77777777777778,2.666666666666667,486.06045751633985,510.1045751633987,530.0980392156863,504.75620915032675,539.0196078431372,514.0077777777778,306,31.999999999999996,12.444444444444445,306,Sul
4104303,Campo Mourão,PR,3093,615,1.5001616553507922,40.866472680245714,4.429356611703848,80.60135790494665,3.1684448755253802,20.950533462657614,53.28160362107985,44.034917555771095,2.6834788231490463,502.0377176015474,519.3369439071568,542.9668762088975,532.42166344294,587.6499032882011,536.8826208897485,2068,33.13934691238279,19.88360814742968,2068,Sul
4104501,Capanema,PR,463,124,1.5356371490280778,34.34125269978402,1.7278617710583155,87.47300215982722,1.511879049676026,28.509719222462206,53.77969762419006,44.9244060475162,1.2958963282937366,505.4723032069971,528.9696793002915,542.6644314868804,544.8457725947522,602.0991253644315,544.8102623906706,343,25.917926565874726,26.78185745140389,343,Sul
4104808,Cascavel,PR,7657,1624,1.3238866396761133,33.106960950764005,3.4086456836881287,73.67115058116755,2.5597492490531537,19.64215750293849,60.06268773671151,38.1350398328327,1.802272430455792,518.5008984538237,535.0462181362307,552.4805265357292,557.3341830338487,608.9761805265357,554.4676013372335,4786,37.49510252056941,21.209350920726134,4786,Sul
4104907,Castro,PR,1405,151,1.6128113879003558,47.188612099644125,5.6939501779359425,79.7153024911032,2.9893238434163703,25.693950177935942,47.90035587188612,48.39857651245551,3.7010676156583626,502.3365466101695,525.3183262711865,542.7635593220339,533.3840042372881,556.0381355932203,531.9681144067797,944,32.81138790035587,10.747330960854093,944,Sul
4105409,Chopinzinho,PR,631,164,1.5578446909667194,38.193343898573694,2.8526148969889067,87.48019017432647,1.7432646592709984,25.51505546751189,52.6148969889065,45.800316957210775,1.5847860538827259,493.19863636363635,518.595,537.5486363636363,535.0256818181817,586.9545454545455,534.2645,440,30.26941362916006,25.990491283676704,440,Sul
4105508,Cianorte,PR,2016,387,1.529265873015873,40.27777777777778,3.4722222222222223,83.97817460317461,2.5297619047619047,22.668650793650794,52.13293650793651,45.13888888888889,2.7281746031746033,498.6003086419753,514.319212962963,535.2837962962964,524.7489197530864,571.6666666666666,528.9237808641975,1296,35.71428571428571,19.196428571428573,1296,Sul
4105706,Clevelândia,PR,232,42,1.7155172413793103,46.55172413793103,2.586206896551724,89.65517241379311,3.4482758620689653,29.310344827586203,44.827586206896555,53.01724137931034,2.1551724137931036,486.8386666666667,502.8066666666667,525.6373333333333,496.12266666666665,541.7333333333333,510.62773333333337,150,35.3448275862069,18.103448275862068,150,Sul
4105805,Colombo,PR,4174,527,1.6698610445615716,42.23766171538093,5.294681360804984,88.28461907043604,3.641590800191662,27.527551509343557,46.76569238140872,50.095831336847155,3.1384762817441305,493.8637702503682,517.4420471281296,541.5266200294551,516.3161266568484,559.8232695139911,525.7943667157584,2716,34.930522280785816,12.625778629611883,2716,Sul
4105904,Colorado,PR,787,149,1.6429479034307497,43.4561626429479,3.430749682337993,91.99491740787802,3.0495552731893265,22.36340533672173,49.555273189326556,48.284625158831,2.1601016518424396,481.6680602006689,493.51722408026757,520.0058528428094,493.42207357859536,607.3244147157191,519.1875250836121,598,24.015247776365946,18.932655654383733,598,Sul
4106407,Cornélio Procópio,PR,1607,358,1.5264467952706908,39.07902924704418,4.044803982576229,82.88736776602364,4.542626011200996,22.09085252022402,53.266957062850025,43.3105164903547,3.422526446795271,497.9581115879828,516.3586266094421,539.3752789699571,534.9915021459227,587.2618025751073,535.1890643776824,1165,27.504667081518352,22.277535780958306,1165,Sul
4106506,Coronel Vivida,PR,606,184,1.5495049504950495,38.943894389438945,2.6402640264026402,85.8085808580858,3.1353135313531353,24.422442244224424,53.63036303630363,44.224422442244226,2.145214521452145,488.89763033175353,508.51137440758293,536.3710900473934,523.8566350710901,593.3649289099526,530.2003317535546,422,30.363036303630363,30.363036303630363,422,Sul
4106902,Curitiba,PR,42955,7999,1.0744500058200441,24.695611686648817,3.559539052496799,62.47468280758933,2.481666860668141,14.233500174601327,70.03608427424048,28.315679199161913,1.6482365265976022,526.5324386705355,544.5630671326826,562.7987833025587,572.384271959905,618.0295436560274,564.8616209443418,30328,29.395879408683502,18.621813525782795,30328,Sul
4107207,Dois Vizinhos,PR,1279,321,1.4550430023455825,33.854573885848325,2.4237685691946833,81.39171227521501,1.9546520719311962,25.879593432369035,55.27756059421422,43.39327599687255,1.3291634089132134,495.8228982300885,514.5993362831858,535.4232300884955,527.5049778761062,561.7035398230089,527.010796460177,904,29.319781078967942,25.09773260359656,904,Sul
4107652,Fazenda Rio Grande,PR,2553,308,1.6231884057971016,42.107324716020365,4.308656482569527,89.50254602428515,3.0943987465726597,23.305914610262437,48.64864864864865,49.1186839012926,2.2326674500587544,491.9374272786037,513.3712346477053,536.6001292824823,509.92372333548803,549.0885585003232,520.1842146089205,1547,39.40462201331767,12.064238151194672,1547,Sul
4108304,Foz do Iguaçu,PR,8384,1364,1.4085162213740459,34.81631679389313,5.1288167938931295,72.99618320610686,5.665553435114504,22.244751908396946,57.0729961832061,39.718511450381676,3.208492366412214,511.57804689013756,527.2913195117226,549.4267002518892,540.5278821933733,585.8089517535361,542.9265801201318,5161,38.44227099236641,16.269083969465647,5161,Sul
4108403,Francisco Beltrão,PR,2637,662,1.428896473265074,36.10163064087979,2.9199848312476298,79.93932499051954,2.1615472127417523,21.767159651118696,55.631399317406135,42.77588168373151,1.5927189988623434,511.9067269643867,527.3022046353872,543.483719615602,548.115149802148,588.1514980214811,543.7918598078011,1769,32.91619264315509,25.10428517254456,1769,Sul
4108601,Goioerê,PR,548,136,1.5218978102189782,39.23357664233576,3.2846715328467155,84.67153284671532,3.102189781021898,21.897810218978105,53.64963503649635,43.24817518248175,3.102189781021898,498.65378378378375,514.3172972972973,539.0132432432432,533.7224324324324,589.4054054054054,535.0224324324324,370,32.481751824817515,24.817518248175183,370,Sul
4108809,Guaíra,PR,1277,349,1.5301487862176977,42.521534847298355,5.168363351605325,79.09162098668754,3.9937353171495693,22.239624119028974,51.996867658574786,44.00939702427565,3.9937353171495693,486.36798603026773,494.1231664726426,521.9700814901048,501.27625145518044,544.3771827706636,509.6229336437718,859,32.73296789350039,27.329678935003916,859,Sul
4109401,Guarapuava,PR,3996,625,1.567817817817818,42.01701701701702,6.431431431431431,77.05205205205206,3.553553553553553,27.72772772772773,50.47547547547547,44.769769769769766,4.754754754754755,506.62318728189217,524.5603334625824,545.0710352849942,533.6747188832882,585.4517254749903,539.0762000775494,2579,35.46046046046046,15.64064064064064,2579,Sul
4109609,Guaratuba,PR,718,134,1.5278551532033426,41.22562674094708,3.8997214484679668,78.6908077994429,4.596100278551532,24.37325905292479,50.974930362116986,46.37883008356546,2.6462395543175488,495.2573275862069,508.6575431034483,537.6913793103448,525.6211206896552,557.0258620689655,524.8506465517241,464,35.37604456824512,18.662952646239557,464,Sul
4109708,Ibaiti,PR,754,161,1.66710875331565,47.48010610079575,5.835543766578249,84.3501326259947,5.437665782493369,23.607427055702917,46.94960212201592,48.673740053050395,4.376657824933687,493.16584867075665,510.3754601226994,533.0750511247444,518.3922290388548,563.8445807770961,523.7706339468302,489,35.145888594164454,21.352785145888596,489,Sul
4109807,Ibiporã,PR,1142,238,1.3984238178633976,40.80560420315236,3.502626970227671,70.66549912434326,3.5901926444833623,21.278458844133098,54.46584938704028,43.695271453590195,1.838879159369527,511.0405405405405,528.6969287469287,546.7006142506142,536.2375921375922,569.4840294840295,538.431941031941,814,28.721541155866902,20.84063047285464,814,Sul
4110706,Irati,PR,1627,253,1.674861708666257,41.30301167793485,4.9784880147510755,88.69084204056546,3.3189920098340506,29.194837123540257,47.8180700676091,49.04732636754763,3.1346035648432697,503.7346435100548,527.163436928702,546.4854661791591,541.3581352833638,580.5850091407679,539.8653382084095,1094,32.75968039336201,15.550092194222495,1094,Sul
4111407,Ivaí,PR,244,31,2.1147540983606556,52.04918032786885,4.098360655737705,98.36065573770492,9.836065573770492,47.13114754098361,31.147540983606557,60.245901639344254,8.60655737704918,493.45031847133754,504.0808917197452,525.3273885350318,515.0624203821657,544.7133757961783,516.5268789808918,157,35.65573770491803,12.704918032786885,157,Sul
4111506,Ivaiporã,PR,1477,308,1.7725118483412323,51.794177386594455,10.42654028436019,85.17264725795532,3.9945836154366963,25.863236289776577,43.19566689234936,50.30467163168585,6.4996614759647935,490.38560606060605,503.92694805194805,529.187012987013,506.691341991342,562.2510822510823,518.4883982683983,924,37.44075829383886,20.85308056872038,924,Sul
4111803,Jacarezinho,PR,971,202,1.435633367662204,42.32749742533471,5.664263645726056,74.76828012358393,3.5015447991761075,17.301750772399586,55.09783728115345,42.01853759011328,2.883625128733265,496.6441791044776,521.6105970149254,541.9549253731343,526.25,575.4328358208955,532.3785074626866,670,30.998970133882597,20.803295571575696,670,Sul
4112009,Jaguariaíva,PR,569,103,1.5869947275922671,47.803163444639715,4.21792618629174,79.26186291739896,5.448154657293498,21.968365553602812,48.50615114235501,48.33040421792619,3.163444639718805,497.6360962566845,511.97834224598927,537.9235294117647,510.03048128342243,549.3582887700535,521.3853475935829,374,34.27065026362038,18.101933216168717,374,Sul
4112108,Jandaia do Sul,PR,914,127,1.5054704595185995,43.98249452954048,3.938730853391685,82.05689277899344,1.9693654266958425,18.599562363238512,50.43763676148797,48.03063457330416,1.5317286652078774,498.4181219110379,513.7046128500824,535.8518945634266,526.058978583196,571.499176276771,529.1065568369028,607,33.588621444201316,13.89496717724289,607,Sul
4113205,Lapa,PR,748,143,1.6163101604278074,37.83422459893048,3.7433155080213902,89.70588235294117,2.941176470588235,27.406417112299465,50.40106951871658,47.05882352941176,2.5401069518716577,506.925939849624,521.2817669172932,538.6323308270677,533.2565789473684,571.6917293233083,534.3576691729323,532,28.877005347593588,19.11764705882353,532,Sul
4113304,Laranjeiras do Sul,PR,1232,271,1.8555194805194806,45.45454545454545,8.36038961038961,91.80194805194806,5.032467532467533,34.9025974025974,43.26298701298701,50.243506493506494,6.493506493506493,504.89477303988997,519.2339752407153,535.7874828060523,536.5767537826684,565.0343878954608,532.3054745529574,727,40.99025974025974,21.996753246753247,727,Sul
4113502,Loanda,PR,1103,253,1.4841341795104261,45.965548504079784,4.895738893925658,74.61468721668177,3.1731640979147784,19.764279238440615,52.22121486854034,44.152311876699905,3.626473254759746,489.2475574712644,500.7774425287356,530.2285919540229,503.77686781609196,547.3275862068965,514.2716091954022,696,36.899365367180415,22.937443336355397,696,Sul
4113700,Londrina,PR,11747,2468,1.2012428705201328,30.40776368434494,3.5328168894185747,66.16157316761726,3.0560994296416104,16.966033880990892,64.35685706989018,33.557504043585595,2.0856388865242192,528.1150409441233,548.6694484585742,564.0895472061657,572.7366811175337,610.0746628131021,564.7370761078997,8304,29.309610964501577,21.009619477313358,8304,Sul
4114302,Mandirituba,PR,555,103,1.8144144144144143,51.891891891891895,4.864864864864865,91.17117117117117,5.7657657657657655,27.74774774774775,39.0990990990991,57.65765765765766,3.2432432432432434,487.7937823834197,516.7290155440414,534.7373056994819,520.0424870466321,553.4715025906736,522.5548186528498,386,30.45045045045045,18.55855855855856,386,Sul
4114609,Marechal Cândido Rondon,PR,1362,374,1.2709251101321586,26.57856093979442,1.908957415565345,75.1101321585903,1.4684287812041115,22.026431718061673,61.820851688693104,37.44493392070485,0.7342143906020557,510.9435051546392,532.4305154639175,546.9415463917526,560.2883505154639,608.4742268041238,551.8156288659794,970,28.781204111600587,27.45961820851689,970,Sul
4114807,Marialva,PR,479,34,1.4592901878914406,41.962421711899786,3.1315240083507305,77.45302713987473,1.6701461377870561,21.711899791231733,52.19206680584551,46.764091858037574,1.0438413361169103,508.2393548387097,525.1941935483871,543.5712903225807,524.9829032258065,597.9354838709677,539.9846451612902,310,35.281837160751564,7.09812108559499,310,Sul
4115200,Maringá,PR,8427,1090,1.11937818915391,28.669751987658714,2.515723270440252,62.72694909220363,2.195324552035125,15.830070013053282,66.50053399786401,32.087338317313396,1.412127684822594,525.3032444756226,540.6391616976499,559.3558926692389,559.6748333917924,633.546124166959,563.7038512802525,5702,32.33653732051739,12.934614928206953,5702,Sul
4115705,Matinhos,PR,1063,125,1.6509877704609595,45.90780809031044,5.079962370649106,86.3593603010348,5.456255879586077,22.295390404515523,46.4722483537159,49.858889934148635,3.6688617121354654,495.38019943019947,510.8650997150997,535.0541310541311,511.1219373219373,530.3133903133903,516.5469515669516,702,33.96048918156161,11.759172154280337,702,Sul
4115754,Mauá da Serra,PR,495,112,1.7595959595959596,52.323232323232325,7.6767676767676765,83.83838383838383,4.040404040404041,28.08080808080808,41.81818181818181,53.333333333333336,4.848484848484849,498.03146417445487,506.72429906542055,527.5034267912773,512.5040498442368,533.8317757009346,515.7190031152647,321,35.151515151515156,22.626262626262626,321,Sul
4115804,Medianeira,PR,1535,323,1.4899022801302932,33.09446254071661,2.996742671009772,86.71009771986971,2.214983713355049,23.973941368078176,55.57003257328991,42.99674267100978,1.4332247557003257,507.9846715328467,525.6339937434828,542.6474452554745,537.1087591240876,572.6173096976016,537.1984358706986,959,37.52442996742671,21.042345276872965,959,Sul
4116901,Nova Esperança,PR,470,41,1.602127659574468,44.46808510638298,5.106382978723404,81.48936170212767,4.042553191489362,25.106382978723403,47.02127659574468,49.148936170212764,3.829787234042553,498.5480263157895,507.2450657894737,533.4006578947368,509.6875,560.2631578947369,521.8288815789474,304,35.31914893617021,8.72340425531915,304,Sul
4117503,Paiçandu,PR,318,10,1.7169811320754718,47.16981132075472,4.716981132075472,89.62264150943396,1.5723270440251573,28.61635220125786,44.0251572327044,53.459119496855344,2.515723270440252,497.41875,510.27760416666666,533.9348958333334,508.6432291666667,570.9375,524.2423958333334,192,39.62264150943396,3.1446540880503147,192,Sul
4117602,Palmas,PR,865,165,1.778034682080925,53.179190751445084,2.0809248554913293,81.96531791907515,4.277456647398844,36.30057803468208,40.346820809248555,57.10982658959538,2.5433526011560694,478.447628458498,495.0167984189723,522.08814229249,485.09387351778656,538.9328063241106,503.91584980237155,506,41.5028901734104,19.07514450867052,506,Sul
4117701,Palmeira,PR,598,102,1.5351170568561874,37.79264214046823,4.3478260869565215,81.77257525083613,4.682274247491638,24.91638795986622,51.50501672240802,45.819397993311036,2.6755852842809364,502.6657289002557,516.183631713555,541.2189258312021,528.7329923273658,548.7468030690537,527.5096163682865,391,34.61538461538461,17.05685618729097,391,Sul
4117909,Palotina,PR,755,189,1.3178807947019868,28.874172185430464,2.6490066225165565,78.67549668874172,2.5165562913907285,19.072847682119207,63.17880794701986,35.2317880794702,1.5894039735099337,510.74567669172933,520.0488721804511,543.0922932330826,547.4406015037595,577.6315789473684,539.7918045112782,532,29.5364238410596,25.03311258278146,532,Sul
4118204,Paranaguá,PR,3026,502,1.5611368142762723,44.216787838730994,6.245869134170523,78.51949768671514,4.857898215465962,22.273628552544615,50.56179775280899,45.40647719762062,4.03172504957039,493.7060847880299,508.36179551122194,534.7034413965087,509.20448877805484,549.1172069825436,519.0186034912718,2005,33.74091209517515,16.58955717118308,2005,Sul
4118402,Paranavaí,PR,2255,444,1.3600886917960089,40.31042128603104,3.5476718403547673,69.7560975609756,3.458980044345898,18.93569844789357,56.718403547671834,40.886917960088695,2.394678492239468,503.3468960863698,516.6871794871795,541.2578947368421,531.6060728744939,593.1443994601889,537.2084885290149,1482,34.27937915742794,19.68957871396896,1482,Sul
4118501,Pato Branco,PR,2313,619,1.2200605274535237,28.102031993082576,2.204928664072633,69.43363597060095,2.1616947686986596,20.103761348897535,63.597060095114564,35.365326415910076,1.0376134889753565,518.6121982210927,539.6349428208387,556.6698221092757,575.3451715374841,636.2388818297331,565.3002033036848,1574,31.949848681366188,26.76178123648941,1574,Sul
4119152,Pinhais,PR,2958,416,1.4367816091954022,34.17849898580121,5.476673427991886,80.3921568627451,3.6511156186612577,19.97971602434077,57.30223123732252,40.027045300878974,2.6707234617985125,504.4095404595405,524.8156843156843,548.0231768231768,528.2242257742257,565.994005994006,534.2933266733266,2002,32.31913455037188,14.063556457065584,2002,Sul
4119301,Pinhão,PR,556,53,2.197841726618705,65.82733812949641,11.33093525179856,93.5251798561151,7.7338129496402885,41.36690647482014,27.15827338129496,62.589928057553955,10.251798561151078,476.4267955801105,501.11574585635356,515.7256906077348,477.1872928176795,547.4585635359116,503.58281767955805,362,34.89208633093526,9.532374100719425,362,Sul
4119509,Piraquara,PR,1537,144,1.6987638256343527,46.25894599869876,5.595315549772284,87.8334417696812,4.033832140533507,26.154847104749514,44.307091737150294,52.63500325309044,3.057905009759271,487.77132275132277,507.88074074074075,532.0391534391534,496.0580952380953,541.6296296296297,513.0757883597884,945,38.516590761223156,9.36890045543266,945,Sul
4119608,Pitanga,PR,1235,276,1.9781376518218623,60.16194331983805,12.388663967611336,91.01214574898785,3.8866396761133606,30.364372469635626,34.81781376518219,57.89473684210527,7.28744939271255,489.6036842105263,502.7178947368421,524.9318421052632,500.56671052631583,551.1578947368421,513.7956052631579,760,38.46153846153846,22.34817813765182,760,Sul
4119905,Ponta Grossa,PR,6959,668,1.3989078890645208,38.13766345739331,4.224744934617043,70.34056617330077,3.218853283517747,23.968961057623222,54.90731426929156,42.59232648369019,2.50035924701825,517.2783093053736,532.5482088248144,549.1811271297511,541.5892092616863,570.353866317169,542.1901441677588,4578,34.21468601810606,9.599080327633281,4578,Sul
4120002,Porecatu,PR,506,133,1.6383399209486167,48.22134387351779,4.3478260869565215,85.7707509881423,4.3478260869565215,21.14624505928854,45.65217391304348,51.976284584980235,2.371541501976284,491.4093833780161,511.2621983914209,532.7171581769437,511.9584450402145,541.9839142091153,517.8662198391421,373,26.284584980237156,26.284584980237153,373,Sul
4120606,Prudentópolis,PR,770,106,1.8428571428571427,51.81818181818182,4.805194805194805,84.54545454545455,5.974025974025974,37.142857142857146,38.311688311688314,56.23376623376623,5.454545454545454,497.8241252302026,516.7640883977901,530.9661141804788,524.2825046040516,566.5193370165746,527.2712338858196,543,29.480519480519483,13.766233766233766,543,Sul
4120804,Quatro Barras,PR,438,56,1.3310502283105023,33.10502283105023,2.5114155251141552,78.31050228310502,2.054794520547945,17.123287671232877,59.817351598173516,38.81278538812785,1.36986301369863,503.9483076923077,523.8270769230769,542.7006153846154,536.3144615384616,577.5384615384615,536.8657846153847,325,25.799086757990864,12.785388127853881,325,Sul
4120903,Quedas do Iguaçu,PR,593,149,1.930860033726813,50.92748735244519,3.709949409780776,97.80775716694772,4.8903878583473865,35.750421585160204,39.29173693086003,55.4806070826307,5.227655986509275,495.7862842892768,513.9957605985037,534.3653366583541,529.3835411471322,567.3316708229427,528.1725187032418,401,32.377740303541316,25.126475548060707,401,Sul
4121406,Realeza,PR,806,227,1.682382133995037,43.79652605459057,3.225806451612903,91.3151364764268,3.598014888337469,26.302729528535977,47.022332506203476,50.992555831265506,1.9851116625310175,496.8487889273356,512.8629757785467,529.6960207612457,522.8430795847751,562.4567474048442,524.9415224913495,578,28.287841191067,28.16377171215881,578,Sul
4122206,Rio Branco do Sul,PR,798,108,1.9774436090225564,59.27318295739349,8.395989974937343,90.85213032581454,4.385964912280701,34.83709273182957,33.20802005012531,60.6516290726817,6.140350877192982,485.18128772635816,500.45030181086514,522.7724346076459,499.5953722334004,547.0422535211268,511.0083299798793,497,37.71929824561403,13.533834586466165,497,Sul
4122305,Rio Negro,PR,458,97,1.3908296943231442,39.737991266375545,3.711790393013101,69.21397379912663,3.056768558951965,23.362445414847162,56.33187772925764,41.48471615720524,2.1834061135371177,514.3565836298933,536.25871886121,549.1256227758007,556.926334519573,578.5053380782919,547.0345195729537,281,38.64628820960698,21.17903930131004,281,Sul
4122404,Rolândia,PR,1177,289,1.4842820730671198,40.35683942225998,4.4180118946474085,78.50467289719626,2.9736618521665252,22.1750212404418,53.271028037383175,43.840271877655056,2.888700084961767,510.91217494089835,527.5712765957446,545.4144208037825,543.9263593380615,612.3167848699763,548.0282033096927,846,28.122344944774845,24.55395072217502,846,Sul
4123501,Santa Helena,PR,499,147,1.5731462925851702,34.86973947895792,2.2044088176352705,89.97995991983969,3.2064128256513023,27.054108216432866,52.705410821643284,45.29058116232465,2.004008016032064,504.76468842729975,512.2169139465875,534.2415430267063,538.5756676557863,540.7715133531158,526.1140652818991,337,32.46492985971944,29.458917835671343,337,Sul
4124053,Santa Terezinha de Itaipu,PR,473,88,1.5539112050739958,42.49471458773784,3.171247357293869,82.8752642706131,2.9598308668076108,23.890063424947147,49.68287526427061,47.56871035940804,2.748414376321353,495.66272189349115,513.6428994082839,540.1263313609468,517.1023668639053,576.0355029585799,528.5139644970415,338,28.541226215644823,18.6046511627907,338,Sul
4124103,Santo Antônio da Platina,PR,1287,334,1.6200466200466201,45.84304584304584,5.827505827505827,84.84848484848484,3.9627039627039626,21.52292152292152,48.01864801864802,48.174048174048174,3.807303807303807,493.0838607594937,517.0602320675105,538.6387130801688,525.1506329113924,551.1181434599156,525.0103164556963,948,26.340326340326335,25.951825951825953,948,Sul
4125506,São José dos Pinhais,PR,6717,962,1.39213934792318,35.84933750186095,3.9452136370403457,76.95399732023225,2.6797677534613666,19.785618579723092,57.19815393776984,40.88134583891618,1.9205002233139794,506.11440400958816,528.2204401830464,547.8958814556548,536.6750926127696,574.8049684027021,538.7421573327523,4589,31.68080988536549,14.321869882387972,4589,Sul
4125605,São Mateus do Sul,PR,970,228,1.7422680412371134,45.4639175257732,6.185567010309279,89.89690721649485,2.7835051546391756,29.896907216494846,44.02061855670103,51.958762886597945,4.020618556701031,503.07985401459854,521.0964963503649,538.2791240875913,533.3122627737226,578.7737226277372,534.9082919708029,685,29.381443298969067,23.505154639175256,685,Sul
4125704,São Miguel do Iguaçu,PR,484,138,1.5433884297520661,39.46280991735537,2.479338842975207,79.13223140495867,3.3057851239669422,29.958677685950413,53.30578512396694,44.83471074380165,1.859504132231405,509.89207317073175,525.6682926829269,547.5314024390243,559.5905487804879,589.390243902439,546.4145121951219,328,32.231404958677686,28.512396694214875,328,Sul
4126256,Sarandi,PR,962,40,1.7349272349272349,45.21829521829522,3.6382536382536386,93.65904365904366,2.7027027027027026,28.274428274428274,42.0997920997921,55.50935550935551,2.390852390852391,489.81690647482014,506.16061151079134,536.1059352517987,499.28435251798555,556.5467625899281,517.5829136690647,556,42.2037422037422,4.158004158004158,556,Sul
4127106,Telêmaco Borba,PR,1842,314,1.6416938110749186,46.525515743756785,5.157437567861021,82.51900108577634,4.071661237785016,25.895765472312704,47.50271444082519,48.9685124864278,3.5287730727470143,496.7361261261261,510.0930630630631,534.1928828828828,505.0745045045045,551.3513513513514,519.4895855855856,1110,39.73941368078175,17.046688382193267,1110,Sul
4127700,Toledo,PR,3363,757,1.303895331549212,30.06244424620874,2.230151650312221,76.03330359797799,1.9922688076122508,20.071364852809992,61.52245019327981,37.228664882545345,1.2488849241748439,516.9114070128717,531.6790057700844,550.1285397248114,553.565912117177,597.62982689747,549.9829383044829,2253,33.00624442462088,22.509663990484686,2253,Sul
4128005,Ubiratã,PR,677,175,1.7548005908419497,48.44903988183161,5.612998522895126,96.15952732644017,2.363367799113737,22.895125553914326,44.608567208271786,53.17577548005909,2.2156573116691285,492.1802127659575,503.9527659574468,533.4829787234042,517.2763829787234,574.3829787234042,524.2550638297872,470,30.57607090103397,25.849335302806498,470,Sul
4128104,Umuarama,PR,3841,979,1.3540744597761,37.33402759697995,3.7229888049986983,73.67872949752669,2.7076282218172354,17.964071856287426,58.21400676907056,39.88544649830773,1.9005467326217131,507.80518460329927,520.1825608798115,542.7041633935586,544.1054202670856,608.8373919874313,544.7269442262373,2546,33.715178338974226,25.48815412652955,2546,Sul
4128203,União da Vitória,PR,1691,322,1.6510940272028385,43.465405085748074,4.671791839148433,86.69426374926078,2.54287403903016,27.73506800709639,48.255470136014196,48.72856298048492,3.0159668835008873,498.5516795865633,521.7480620155038,540.1202411714039,526.7478897502153,586.8906115417743,534.8116968130921,1161,31.342400946185688,19.04198698994678,1161,Sul
4128500,Wenceslau Braz,PR,729,197,1.5390946502057614,44.718792866941016,5.6241426611796985,76.40603566529492,3.840877914951989,23.319615912208505,51.16598079561042,44.307270233196164,4.526748971193416,503.1858283433134,528.5626746506987,547.6612774451097,544.5479041916168,582.2754491017964,541.246626746507,501,31.275720164609055,27.023319615912207,501,Sul
4201406,Araranguá,SC,1978,487,1.4175935288169867,35.28816986855409,2.679474216380182,78.56420626895854,2.62891809908999,22.598584428715874,56.52173913043478,42.01213346814965,1.4661274014155714,514.4984246061515,530.9665416354088,551.8099024756189,534.0120780195049,600.1950487621906,546.2963990997749,1333,32.608695652173914,24.62082912032356,1333,Sul
4202008,Balneário Camboriú,SC,2480,540,1.1536290322580645,30.967741935483872,4.637096774193548,59.596774193548384,2.056451612903226,18.10483870967742,64.11290322580645,33.79032258064516,2.0967741935483875,523.1279843444227,545.2026092628832,562.4880626223091,563.1780821917808,624.7619047619048,563.7517286366601,1533,38.185483870967744,21.774193548387096,1533,Sul
4202305,Biguaçu,SC,1924,387,1.4324324324324325,36.434511434511435,3.6902286902286905,76.24740124740124,2.9625779625779627,23.90852390852391,54.57380457380457,43.555093555093556,1.8711018711018712,510.4873699851412,527.7326894502229,546.3176077265973,534.5400445765231,592.1545319465082,542.2464487369984,1346,30.04158004158004,20.114345114345113,1346,Sul
4202404,Blumenau,SC,5247,1056,1.2199352010672766,28.797408042691064,3.9451114922813035,67.71488469601678,2.0773775490756625,19.458738326662857,63.59824661711454,34.81989708404803,1.5818562988374312,526.7995320855615,547.1733957219252,564.4523061497326,567.1347259358289,628.0213903743315,566.7162700534759,2992,42.976939203354306,20.125786163522015,2992,Sul
4202800,Braço do Norte,SC,819,233,1.4456654456654456,35.775335775335776,3.0525030525030523,77.53357753357754,2.564102564102564,25.64102564102564,53.6019536019536,45.05494505494506,1.3431013431013432,507.71732142857144,526.1844642857143,546.37375,538.7967857142858,620.0714285714286,547.82875,560,31.62393162393162,28.449328449328448,560,Sul
4202909,Brusque,SC,2110,445,1.4412322274881517,35.45023696682465,4.1232227488151665,77.48815165876776,2.085308056872038,24.976303317535546,55.165876777251185,42.74881516587678,2.085308056872038,522.1264681555004,538.4102564102565,557.6087675765095,557.4355665839537,600.1654259718775,555.1492969396195,1209,42.70142180094787,21.09004739336493,1209,Sul
4203006,Caçador,SC,872,184,1.4461009174311927,39.22018348623853,3.096330275229358,77.63761467889908,3.325688073394496,21.3302752293578,55.38990825688074,41.62844036697248,2.981651376146789,503.0464594127807,524.1442141623489,545.8305699481866,518.6395509499137,565.2158894645942,531.3753367875648,579,33.600917431192656,21.100917431192663,579,Sul
4203204,Camboriú,SC,1176,207,1.5153061224489797,39.54081632653062,4.421768707482993,80.27210884353741,2.7210884353741496,24.57482993197279,51.44557823129252,46.42857142857143,2.1258503401360542,500.71142061281336,527.7371866295265,545.9474930362117,526.7217270194986,560.6406685236769,532.3516991643454,718,38.94557823129252,17.602040816326532,718,Sul
4203600,Campos Novos,SC,540,152,1.5166666666666666,37.22222222222222,4.074074074074074,83.51851851851852,2.5925925925925926,24.25925925925926,52.407407407407405,44.62962962962963,2.9629629629629632,496.9773255813954,522.9665697674419,542.2404069767442,521.0968023255814,584.4767441860465,533.5515697674418,344,36.29629629629629,28.14814814814815,344,Sul
4203808,Canoinhas,SC,1408,309,1.5724431818181819,38.35227272727273,4.048295454545454,88.99147727272727,2.6988636363636362,23.15340909090909,52.76988636363637,44.17613636363637,3.053977272727273,503.7723640399556,522.3750277469478,540.7173140954495,526.9492785793562,581.6870144284129,535.1001997780245,901,36.00852272727273,21.946022727272727,901,Sul
4204202,Chapecó,SC,4774,1425,1.2498952660242983,28.9694176790951,3.0372852953498115,71.8056137410976,1.8433179723502304,19.333891914537077,63.510682865521574,34.7926267281106,1.6966904063678259,517.9996065573771,541.2886885245902,557.1540327868853,554.3277704918032,622.1114754098361,558.5763147540983,3050,36.11227482195224,29.849183074989526,3050,Sul
4204301,Concórdia,SC,1554,477,1.270913770913771,23.552123552123554,2.574002574002574,80.5019305019305,1.5444015444015444,18.91891891891892,66.66666666666666,31.467181467181465,1.8661518661518661,516.9535590277778,533.8682291666667,553.0800347222222,559.627951388889,640.625,560.8309548611111,1152,25.86872586872587,30.694980694980696,1152,Sul
4204608,Criciúma,SC,4947,1142,1.1795027289266222,30.563978168587024,3.13321204770568,62.21952698605215,1.758641600970285,20.274914089347078,63.91752577319587,34.606832423691124,1.4756418031129976,519.4496287128712,538.8144801980197,558.010922029703,564.1373143564357,652.6980198019802,566.622073019802,3232,34.667475237517685,23.08469779664443,3232,Sul
4204806,Curitibanos,SC,960,186,1.5625,40.3125,4.375,82.1875,3.6458333333333335,25.729166666666664,50.83333333333333,45.83333333333333,3.3333333333333335,494.83720565149133,516.7133437990581,538.4995290423863,518.2601255886971,596.7660910518053,533.0152590266875,637,33.64583333333333,19.375,637,Sul
4205001,Dionísio Cerqueira,SC,522,144,1.739463601532567,38.31417624521073,4.406130268199234,98.27586206896551,2.8735632183908044,30.07662835249042,49.042145593869726,47.701149425287355,3.256704980842912,496.82445652173914,517.4728260869565,538.5505434782609,522.6839673913043,585.8695652173913,532.2802717391305,368,29.501915708812266,27.586206896551722,368,Sul
4205407,Florianópolis,SC,13453,2814,1.0318887980376124,25.65970415520702,4.720136772467107,54.03255779380064,3.3524121013900245,15.424068980896454,69.35256076711515,28.44718650115216,2.200252731732699,538.2131703037614,558.0666630112952,572.3209562452023,585.0745147494242,633.3479548196074,577.4046518258581,9119,32.21586263287,20.91726752397235,9119,Sul
4205506,Fraiburgo,SC,501,120,1.4750499001996007,34.930139720558884,2.3952095808383236,78.44311377245509,2.7944111776447107,28.942115768463072,54.091816367265466,43.31337325349301,2.5948103792415167,517.0627906976744,539.8106312292359,550.7601328903654,560.5996677740864,651.6279069767442,563.9722259136213,301,39.920159680638726,23.952095808383234,301,Sul
4205704,Garopaba,SC,752,163,1.398936170212766,26.595744680851062,2.393617021276596,84.04255319148936,1.5957446808510638,25.265957446808514,59.70744680851063,39.361702127659576,0.9308510638297872,508.4573964497041,536.7307692307693,560.4889546351085,550.1856015779092,586.2721893491124,548.4269822485206,507,32.579787234042556,21.675531914893618,507,Sul
4206504,Guaramirim,SC,551,93,1.47005444646098,36.29764065335753,2.35934664246824,85.11796733212341,1.4519056261343013,21.77858439201452,54.99092558983666,43.55716878402904,1.4519056261343013,513.140652818991,536.086646884273,552.1359050445103,548.8166172106826,593.1157270029673,548.6591097922849,337,38.83847549909256,16.878402903811253,337,Sul
4207007,Içara,SC,813,108,1.6174661746617467,41.20541205412054,2.214022140221402,91.14391143911439,2.214022140221402,24.969249692496927,48.21648216482165,50.92250922509225,0.8610086100861009,503.3253863134658,523.6644591611479,544.0015452538631,521.2167770419426,579.8675496688742,534.4151434878587,453,44.28044280442804,13.284132841328415,453,Sul
4207304,Imbituba,SC,997,177,1.4844533600802408,38.71614844533601,3.009027081243731,80.34102306920762,2.206619859578736,24.172517552657975,52.858575727181545,45.336008024072214,1.8054162487462388,509.02291021671823,525.7261609907121,549.0461300309597,536.6588235294117,609.907120743034,546.0722291021672,646,35.20561685055166,17.753259779338016,646,Sul
4207502,Indaial,SC,757,157,1.3540290620871862,30.250990752972257,2.642007926023778,78.73183619550859,1.321003963011889,22.457067371202115,59.577278731836195,38.837516512549534,1.5852047556142668,511.1019565217391,532.7784782608696,551.4197826086956,546.3554347826087,608.4782608695652,550.0267826086956,460,39.2338177014531,20.739762219286657,460,Sul
4208203,Itajaí,SC,4621,931,1.3395368967755896,37.63254706773426,4.97727764553127,68.55658948279593,2.0774724085695735,20.709803072927937,57.671499675394934,39.88314217701796,2.4453581475871027,510.2718980797637,530.9245568685376,552.7587887740029,540.2738552437223,600.7607090103397,546.9979615952733,2708,41.39796580826661,20.147154295607013,2708,Sul
4208302,Itapema,SC,1942,407,1.276519052523172,34.860968074150364,3.2955715756951593,67.610710607621,2.883625128733265,19.001029866117406,60.81359423274974,36.8692070030896,2.317198764160659,512.0110729613734,534.4972532188841,555.2089270386266,545.549356223176,604.9957081545065,550.4524635193133,1165,40.01029866117405,20.957775489186407,1165,Sul
4208401,Itapiranga,SC,547,212,1.29981718464351,18.82998171846435,0.5484460694698354,84.82632541133455,2.010968921389397,23.76599634369287,66.54478976234005,33.089579524680076,0.3656307129798903,511.8159817351598,528.9095890410958,545.8429223744292,545.6655251141552,617.6255707762557,549.9719178082192,438,19.926873857404026,38.75685557586837,438,Sul
4208500,Ituporanga,SC,856,247,1.6635514018691588,38.55140186915888,2.9205607476635516,87.5,1.7523364485981308,35.63084112149533,47.19626168224299,51.28504672897196,1.5186915887850467,494.0678391959799,507.7108877721943,531.4871021775544,513.4249581239532,600.2010050251256,529.3783584589614,597,30.257009345794394,28.85514018691589,597,Sul
4208906,Jaraguá do Sul,SC,2890,633,1.12560553633218,24.290657439446367,2.249134948096886,68.75432525951557,1.5570934256055362,15.709342560553633,69.13494809688582,29.58477508650519,1.2802768166089966,532.3331325301205,549.1261226725082,567.5588718510405,586.2696604600219,630.8871851040526,573.2349945235487,1826,36.81660899653979,21.903114186851212,1826,Sul
4209003,Joaçaba,SC,1525,477,1.2072131147540983,23.475409836065573,2.2295081967213117,74.81967213114754,1.377049180327869,18.81967213114754,66.95081967213115,31.60655737704918,1.4426229508196722,512.7106519742883,534.7287419651055,554.1492194674013,553.6966023875115,617.2635445362719,554.5097520661157,1089,28.590163934426226,31.278688524590166,1089,Sul
4209102,Joinville,SC,10621,2259,1.1625082383956313,30.94812164579606,3.6531400056491856,64.8149891723943,2.08078335373317,14.753789661990396,65.73768948309952,32.51106298841917,1.7512475284813107,522.2089482612383,540.9515973989256,560.3739468476109,565.8931721798134,629.7229290359062,563.8301187446989,7074,33.39610206195274,21.269183692684305,7074,Sul
4209300,Lages,SC,2991,667,1.3610832497492478,36.97759946506185,4.312938816449348,70.87930458040789,4.145770645269141,19.79271146773654,58.04078903376797,39.05048478769642,2.908726178535607,504.83527918781726,527.3592385786802,544.3059390862944,528.0179695431473,596.9035532994924,540.2843959390863,1970,34.13574055499833,22.300234035439654,1970,Sul
4209409,Laguna,SC,829,241,1.278648974668275,35.826296743063935,2.2919179734620023,66.22436670687576,2.8950542822677927,20.62726176115802,60.43425814234017,38.72135102533172,0.8443908323281062,507.68589743589746,531.6669871794873,551.998717948718,541.2862179487179,606.1217948717949,547.751923076923,624,24.7285886610374,29.071170084439085,624,Sul
4210100,Mafra,SC,1330,366,1.4218045112781954,35.86466165413534,3.082706766917293,75.78947368421053,2.481203007518797,24.962406015037594,55.413533834586474,42.40601503759399,2.180451127819549,516.1637472283813,533.7856984478935,547.4406873614191,555.5951219512195,598.3592017738359,550.2688913525499,902,32.18045112781955,27.518796992481203,902,Sul
4210506,Maravilha,SC,1226,480,1.4429037520391517,27.732463295269167,2.202283849918434,89.31484502446982,1.1419249592169658,23.89885807504078,60.52202283849919,38.25448613376835,1.2234910277324633,511.29708846584543,526.5998880179171,546.0704367301232,540.5593505039194,620.3807390817469,548.9815005599104,893,27.161500815660688,39.151712887438826,893,Sul
4211306,Navegantes,SC,1967,354,1.4758515505846466,41.07778342653787,4.8296898830706665,78.0884595831215,2.6436197254702596,20.945602440264363,52.61820030503305,45.29740721911541,2.084392475851551,498.2926279271466,522.9557675628795,546.5540329575022,521.0284475281874,575.906331309627,532.9474414570685,1153,41.382816471784444,17.996949669547536,1153,Sul
4211702,Orleans,SC,555,114,1.3891891891891892,34.95495495495496,1.2612612612612613,77.11711711711712,2.1621621621621623,23.423423423423422,57.47747747747748,41.62162162162162,0.9009009009009009,504.5261455525607,514.8865229110512,541.799730458221,518.0425876010781,614.8247978436658,538.8159568733154,371,33.153153153153156,20.54054054054054,371,Sul
4211900,Palhoça,SC,5039,1074,1.3732883508632665,33.39948402460806,4.187338757690018,74.67751538003571,2.758483826155983,22.30601309783687,58.02738638618774,39.888866838658465,2.0837467751538004,510.4261836027714,533.0942263279445,552.5300230946882,539.9694284064666,596.1951501154734,546.4430023094689,3464,31.256201627307,21.313752728716015,3464,Sul
4212106,Palmitos,SC,683,270,1.5797950219619326,29.721815519765737,1.3177159590043925,96.48609077598829,1.903367496339678,28.550512445095166,52.85505124450952,46.120058565153734,1.0248901903367496,498.17726358148894,513.2074446680081,534.4112676056338,529.2543259557344,571.1066398390342,529.2313883299798,497,27.23279648609077,39.53147877013177,497,Sul
4213609,Porto União,SC,584,133,1.4674657534246576,35.78767123287671,3.0821917808219177,77.56849315068493,2.5684931506849313,27.73972602739726,54.28082191780822,43.66438356164384,2.054794520547945,504.46715328467155,525.8652068126521,543.5391727493917,539.1630170316301,623.0170316301703,547.2103163017032,411,29.62328767123288,22.773972602739725,411,Sul
4214201,Quilombo,SC,248,95,1.6653225806451613,35.483870967741936,1.2096774193548387,95.96774193548387,1.6129032258064515,32.25806451612903,48.79032258064516,50.403225806451616,0.8064516129032258,485.1151041666667,497.3041666666666,520.7078124999999,496.29270833333334,550.8333333333334,510.050625,192,22.580645161290324,38.306451612903224,192,Sul
4214805,Rio do Sul,SC,2082,508,1.2896253602305476,27.761767531219984,1.9692603266090298,71.2295869356388,1.8731988472622478,26.12872238232469,61.33525456292027,37.17579250720461,1.48895292987512,518.0286656891495,537.5075513196481,552.8393695014663,567.6116568914956,633.9296187683284,561.9833724340176,1364,34.48607108549472,24.399615754082614,1364,Sul
4215000,Rio Negrinho,SC,523,143,1.4550669216061185,35.37284894837477,2.8680688336520075,81.83556405353728,1.7208413001912046,23.709369024856596,57.55258126195029,40.72657743785851,1.7208413001912046,515.3361979166667,534.321875,545.9643229166667,545.9393229166667,601.40625,548.59359375,384,26.577437858508603,27.342256214149142,384,Sul
4215802,São Bento do Sul,SC,1505,434,1.241860465116279,27.57475083056478,1.4617940199335548,77.80730897009967,1.7275747508305648,15.614617940199334,65.51495016611297,33.754152823920265,0.7308970099667774,517.081628959276,546.5108597285068,556.6086877828054,565.654479638009,641.9547511312218,565.5620814479638,1105,26.578073089700993,28.837209302325583,1105,Sul
4216206,São Francisco do Sul,SC,820,167,1.2646341463414634,32.6829268292683,1.5853658536585367,70.60975609756098,2.4390243902439024,19.146341463414636,62.80487804878049,35.853658536585364,1.3414634146341464,500.12467771639047,524.5990791896869,543.9758747697974,525.2027624309392,571.7495395948434,533.1303867403315,543,33.78048780487804,20.365853658536583,543,Sul
4216503,São Joaquim,SC,370,90,1.545945945945946,44.5945945945946,3.783783783783784,71.62162162162163,4.054054054054054,30.54054054054054,48.91891891891892,49.18918918918919,1.891891891891892,494.72586872586874,512.8401544401545,534.9590733590734,507.3756756756756,573.3590733590734,524.6519691119692,259,30.000000000000004,24.324324324324326,259,Sul
4216602,São José,SC,5444,1005,1.2116091109478324,31.631153563556207,4.6105804555473915,62.85819250551066,2.847171197648788,19.213813372520207,62.601028655400434,35.194709772226304,2.2042615723732553,523.7193902112865,545.3802621021664,562.8676651511099,560.8158063653383,613.4367477935277,561.2439743246858,3739,31.31888317413667,18.460690668626007,3739,Sul
4216909,São Lourenço do Oeste,SC,646,182,1.6068111455108358,38.080495356037154,2.941176470588235,89.3188854489164,1.393188854489164,28.947368421052634,51.23839009287926,46.13003095975232,2.631578947368421,492.31067538126365,515.5152505446623,534.1788671023966,519.2433551198258,589.3246187363834,530.1145533769063,459,28.947368421052634,28.173374613003094,459,Sul
4217204,São Miguel do Oeste,SC,1484,538,1.3045822102425877,22.84366576819407,2.0889487870619945,80.92991913746631,1.4150943396226416,23.180592991913745,64.01617250673854,34.63611859838275,1.3477088948787064,514.4833483348335,532.7787578757875,548.7370837083708,549.007200720072,609.7209720972097,550.9454725472548,1111,25.134770889487868,36.253369272237194,1111,Sul
4217501,Seara,SC,367,126,1.3978201634877385,23.978201634877383,1.6348773841961852,95.36784741144415,0.8174386920980926,17.983651226158038,65.39509536784742,34.05994550408719,0.544959128065395,501.21978798586576,518.803886925795,539.4515901060071,530.5795053003534,587.7031802120141,535.5515901060071,283,22.8882833787466,34.332425068119896,283,Sul
4217709,Sombrio,SC,1070,206,1.6186915887850468,35.88785046728972,2.4299065420560746,92.05607476635514,1.4018691588785046,30.093457943925234,51.308411214953274,47.28971962616823,1.4018691588785046,509.9756643356643,531.6160839160839,551.259020979021,532.9804195804196,600.3356643356643,545.2333706293706,715,33.177570093457945,19.252336448598133,715,Sul
4217808,Taió,SC,543,143,1.6906077348066297,34.99079189686925,2.9465930018416207,93.55432780847146,2.394106813996317,35.17495395948435,49.72375690607735,48.80294659300184,1.4732965009208103,491.06856368563683,508.0357723577236,527.0840108401084,515.0189701897019,554.579945799458,519.1574525745258,369,32.04419889502762,26.335174953959484,369,Sul
4218004,Tijucas,SC,986,201,1.436105476673428,37.0182555780933,3.4482758620689653,75.7606490872211,2.839756592292089,24.543610547667345,55.070993914807296,42.59634888438134,2.332657200811359,505.3777403035413,530.2517706576729,550.2153456998313,538.5136593591906,594.1315345699832,543.6980101180438,593,39.85801217038539,20.385395537525355,593,Sul
4218202,Timbó,SC,870,188,1.2758620689655173,23.79310344827586,1.7241379310344827,79.3103448275862,1.9540229885057472,20.804597701149426,65.86206896551724,32.98850574712643,1.1494252873563218,523.4850187265918,546.5604868913857,560.4320224719102,561.9074906367041,608.876404494382,560.2522846441947,534,38.62068965517241,21.60919540229885,534,Sul
4218707,Tubarão,SC,3151,800,1.2240558552840368,30.91082196128213,2.475404633449698,68.10536337670581,1.2694382735639478,19.644557283402094,61.980323706759755,36.90891780387179,1.1107584893684546,516.0615419296664,534.1462128043282,554.5579801623085,550.3820559062218,614.6979260595131,553.9691433724076,2218,29.609647730879086,25.38876547127896,2218,Sul
4219309,Videira,SC,983,260,1.3692777212614446,28.585961342828075,2.136317395727365,81.68870803662259,1.8311291963377416,22.68565615462869,60.32553407934893,38.555442522889116,1.119023397761953,512.8648967551622,533.4233038348083,554.0725663716814,550.0085545722714,624.3362831858407,554.9411209439528,678,31.02746693794507,26.44964394710071,678,Sul
4219507,Xanxerê,SC,1571,522,1.4436664544875875,35.39147040101846,2.9917250159134308,78.16677275620624,2.546148949713558,25.270528325907065,56.71546785486951,40.929344366645445,2.3551877784850412,505.9616007194245,523.670143884892,539.5464928057554,530.1804856115108,601.2589928057554,540.1235431654676,1112,29.21705919796308,33.227243793761936,1112,Sul
4219705,Xaxim,SC,455,129,1.4395604395604396,29.89010989010989,2.197802197802198,84.83516483516483,1.5384615384615385,25.494505494505493,58.24175824175825,39.56043956043956,2.197802197802198,507.8557003257329,527.6348534201954,547.2625407166124,543.613029315961,614.9185667752442,548.2569381107492,307,32.527472527472526,28.35164835164835,307,Sul
4300406,Alegrete,RS,1539,344,1.6848602988953867,44.57439896036387,7.472384665367121,85.51007147498375,5.523066926575698,25.406107862248213,47.303443794671864,47.758284600389864,4.938271604938271,497.40106796116504,514.897572815534,539.2465048543689,520.6847572815534,586.3495145631068,531.7158834951456,1030,33.073424301494484,22.35217673814165,1030,Sul
4300604,Alvorada,RS,3091,355,1.732772565512779,48.333872533160786,6.34098997088321,84.98867680362342,5.888062115820123,27.72565512779036,43.481074086056296,51.79553542542866,4.723390488515044,487.0235038084875,512.5064200217628,542.9534276387378,500.0763329706203,553.7431991294886,519.2605767138194,1838,40.537043028146236,11.484956324813975,1838,Sul
4301008,Arroio do Meio,RS,200,64,1.095,20.5,1.0,66.5,2.0,19.5,67.0,32.5,0.5,538.0583333333333,567.7423611111111,568.1423611111111,594.9861111111111,695.8333333333334,592.9525,144,28.000000000000004,32.0,144,Sul
4301305,Arroio Grande,RS,399,39,1.994987468671679,53.88471177944862,7.769423558897243,94.48621553884712,6.516290726817042,36.84210526315789,34.08521303258145,59.899749373433586,6.015037593984962,488.351320754717,506.96566037735846,528.0437735849057,491.46830188679246,537.5849056603773,510.4827924528302,265,33.583959899749374,9.774436090225564,265,Sul
4301602,Bagé,RS,2686,414,1.740878629932986,49.218168279970214,9.865971705137751,79.89575577066269,6.924795234549516,28.183172002978406,43.78257632166791,49.40431868950112,6.813104988830975,489.53064320388347,514.5967233009709,540.4722694174758,518.5901092233009,562.6213592233009,525.1622208737864,1648,38.64482501861504,15.4132539091586,1648,Sul
4302105,Bento Gonçalves,RS,1537,388,1.2309694209499025,23.552374756018217,2.797657774886142,75.86206896551724,1.5614834092387768,19.32335718932986,65.97267404033832,32.53090435914118,1.4964216005204944,530.0376344086021,559.2962854349951,575.1718475073314,595.1468230694037,666.5298142717497,585.2364809384164,1023,33.441769681197144,25.24398178269356,1023,Sul
4302709,Butiá,RS,354,52,1.9519774011299436,49.152542372881356,8.757062146892656,94.35028248587571,7.627118644067797,35.31073446327684,38.4180790960452,53.954802259887,7.627118644067797,482.70360824742266,501.58608247422677,529.4061855670103,499.6067010309278,550.3092783505155,512.7223711340206,194,45.19774011299435,14.689265536723164,194,Sul
4302808,Caçapava do Sul,RS,789,161,1.8783269961977187,47.90874524714829,11.153358681875792,91.50823827629911,8.111533586818757,29.150823827629914,42.839036755386566,46.7680608365019,10.392902408111533,486.0387568555759,509.4058500914077,533.1405850091409,516.9043875685558,556.9287020109689,520.4836563071298,547,30.67173637515843,20.405576679340935,547,Sul
4303004,Cachoeira do Sul,RS,1665,371,1.4558558558558559,36.21621621621622,5.405405405405405,70.57057057057057,6.366366366366366,27.027027027027028,53.873873873873876,41.8018018018018,4.324324324324325,507.65089369708375,531.7914393226717,550.0139228598307,538.7094073377234,608.1655691439323,547.2662464722483,1063,36.15615615615616,22.28228228228228,1063,Sul
4303103,Cachoeirinha,RS,2537,402,1.4548679542767047,35.63263697280252,4.8088293259755615,78.87268427276311,4.454079621600315,21.71856523452897,56.050453291288925,41.30863224280647,2.6409144659046118,502.11324736225083,528.1908558030481,554.5743845252051,531.8543962485346,585.1465416178195,540.3758851113716,1706,32.755222703981076,15.845486795427671,1706,Sul
4303509,Camaquã,RS,2013,340,1.9085941381023348,48.73323397913562,10.18380526577248,90.1639344262295,6.0109289617486334,35.767511177347245,39.94038748137109,53.055141579731746,7.004470938897168,492.7143939393939,514.9815151515152,537.1923484848485,515.8741666666667,580.3181818181819,528.2161212121213,1320,34.42622950819673,16.890213611525088,1320,Sul
4303905,Campo Bom,RS,874,116,1.4851258581235698,32.608695652173914,3.5469107551487413,80.20594965675058,2.8604118993135015,29.290617848970253,54.46224256292906,42.90617848970252,2.631578947368421,501.347212543554,530.93606271777,553.1435540069687,550.5245644599303,599.0592334494773,547.00212543554,574,34.32494279176201,13.272311212814644,574,Sul
4304408,Canela,RS,1270,225,1.3708661417322834,32.91338582677165,3.858267716535433,72.99212598425197,3.858267716535433,23.46456692913386,56.92913385826772,40.70866141732283,2.3622047244094486,506.34656160458456,537.7727793696275,558.421776504298,546.9929799426934,617.8223495702006,553.4712893982809,698,45.03937007874016,17.716535433070867,698,Sul
4304507,Canguçu,RS,866,121,1.9526558891454966,40.64665127020785,6.1200923787528865,92.60969976905312,7.274826789838337,48.61431870669746,34.98845265588915,59.353348729792145,5.658198614318707,502.14975288303134,520.9945634266886,538.2184514003294,523.541021416804,602.8665568369028,537.5540691927513,607,29.90762124711316,13.97228637413395,607,Sul
4304606,Canoas,RS,7166,1052,1.4076193134245045,36.01730393524979,4.549260396315937,73.34635780072564,4.646943901758303,22.20206530840078,56.586659224113866,40.482835612615126,2.9305051632710017,510.28026167381006,533.3188811188811,557.7561921949019,546.4787502819761,604.4349199187909,550.4538010376721,4433,38.138431481998325,14.680435389338541,4433,Sul
4304630,Capão da Canoa,RS,1392,295,1.4942528735632183,42.025862068965516,3.4482758620689653,75.43103448275862,3.3764367816091956,25.143678160919542,51.79597701149425,45.40229885057471,2.8017241379310347,498.74458281444583,528.0849315068493,553.7743462017435,532.2230386052304,590.5105853051059,540.6674968866749,803,42.31321839080459,21.192528735632184,803,Sul
4304663,Capão do Leão,RS,490,25,2.0795918367346937,57.3469387755102,6.938775510204081,90.81632653061224,8.979591836734693,43.87755102040816,28.97959183673469,64.6938775510204,6.326530612244897,481.62132867132874,502.33636363636367,528.7986013986014,481.87902097902094,511.04895104895104,501.1368531468532,286,41.63265306122449,5.1020408163265305,286,Sul
4304705,Carazinho,RS,1439,358,1.3780403057678943,30.92425295343989,2.36275191104934,77.20639332870049,2.7102154273801253,24.600416956219597,59.902710215427376,38.15149409312023,1.9457956914523975,509.3469045120671,535.3898216159496,556.9346274921301,550.0454354669465,630.8289611752361,556.5091500524659,953,33.773453787352324,24.878387769284224,953,Sul
4304804,Carlos Barbosa,RS,603,150,1.3532338308457712,20.066334991708125,1.4925373134328357,86.89883913764511,0.6633499170812603,26.202321724709783,61.69154228855721,37.64510779436153,0.6633499170812603,524.6569553805774,549.5081364829397,567.4060367454068,593.2322834645669,645.3543307086615,576.0315485564304,381,36.81592039800995,24.875621890547265,381,Sul
4305108,Caxias do Sul,RS,7181,1426,1.2702966160701852,28.74251497005988,3.4257067260827183,72.41331290906558,2.0888455646845845,20.35928143712575,62.69321821473333,35.6914078819106,1.6153739033560786,519.256065284517,544.6598588442876,564.723224525805,568.081451257168,643.1760035288928,567.9793206881342,4534,36.861161398133966,19.85795850160145,4534,Sul
4305207,Cerro Largo,RS,980,345,1.6448979591836734,36.734693877551024,3.1632653061224487,86.73469387755102,3.9795918367346936,33.87755102040816,47.95918367346938,49.183673469387756,2.857142857142857,504.89106382978724,522.629219858156,537.9283687943263,536.6407092198582,623.2624113475177,545.070354609929,705,28.061224489795922,35.204081632653065,705,Sul
4305355,Charqueadas,RS,699,96,1.5937052932761087,37.911301859799714,5.579399141630901,90.41487839771102,5.436337625178827,20.028612303290416,55.07868383404863,41.3447782546495,3.5765379113018603,503.68041474654376,517.7529953917051,546.928801843318,527.855069124424,594.5622119815669,538.1558986175115,434,37.91130185979972,13.733905579399142,434,Sul
4306106,Cruz Alta,RS,1269,257,1.4570527974783294,34.2789598108747,3.7825059101654848,80.69345941686367,3.230890464933018,23.71946414499606,56.34357762017337,41.52876280535855,2.127659574468085,505.9004884004884,529.2046398046398,548.2650793650794,537.9269841269842,591.4041514041514,542.5402686202686,819,35.46099290780141,20.2521670606777,819,Sul
4306403,Dois Irmãos,RS,553,98,1.426763110307414,22.24231464737794,1.2658227848101267,89.1500904159132,1.62748643761302,28.390596745027125,61.66365280289331,37.613019891500905,0.7233273056057866,515.0224,542.0594666666666,564.4269333333333,578.3618666666667,613.28,562.6301333333333,375,32.18806509945751,17.72151898734177,375,Sul
4306601,Dom Pedrito,RS,502,82,1.7828685258964143,50.99601593625498,12.94820717131474,81.47410358565737,5.577689243027888,27.290836653386453,42.430278884462155,50.199203187250994,7.370517928286853,476.71645962732924,497.6872670807453,525.0605590062112,482.6152173913044,546.0248447204968,505.62086956521745,322,35.85657370517929,16.334661354581673,322,Sul
4306767,Eldorado do Sul,RS,527,53,1.8595825426944972,53.13092979127134,6.83111954459203,87.4762808349146,7.020872865275142,31.499051233396585,38.1404174573055,57.1157495256167,4.743833017077799,482.67680250783695,506.14012539184955,533.0755485893417,494.06959247648905,531.1598746081505,509.42438871473354,319,39.46869070208729,10.056925996204933,319,Sul
4306809,Encantado,RS,616,174,1.2987012987012987,26.461038961038962,1.7857142857142856,68.9935064935065,2.4350649350649354,30.1948051948052,58.603896103896105,39.935064935064936,1.461038961038961,517.040350877193,545.6980263157894,565.1668859649122,581.5642543859649,669.6929824561404,575.8325,456,25.97402597402597,28.246753246753247,456,Sul
4306908,Encruzilhada do Sul,RS,352,55,2.085227272727273,52.55681818181818,10.227272727272728,98.57954545454545,9.659090909090908,37.5,33.52272727272727,56.25,10.227272727272728,484.2454128440367,495.97110091743116,523.8642201834862,506.83119266055047,562.0183486238532,514.5860550458715,218,38.06818181818182,15.625,218,Sul
4307005,Erechim,RS,2666,761,1.4714928732183046,33.12078019504876,3.4133533383345833,81.73293323330833,2.4381095273818456,26.44411102775694,55.21380345086272,42.460615153788446,2.3255813953488373,508.5550375133976,532.4216505894963,551.7478027867096,550.4209539121115,629.0996784565916,554.4490246516613,1866,30.00750187546887,28.54463615903976,1866,Sul
4307500,Espumoso,RS,803,267,1.3711083437110834,27.023661270236616,1.4943960149439601,84.68244084682442,1.9925280199252802,21.91780821917808,60.77210460772105,38.605230386052305,0.62266500622665,503.03238731218704,522.7921535893155,547.5567612687813,544.1409015025042,650.6510851419032,553.6346577629382,599,25.404732254047325,33.25031133250312,599,Sul
4307609,Estância Velha,RS,810,99,1.4209876543209876,27.77777777777778,2.7160493827160495,80.98765432098766,1.9753086419753085,28.641975308641975,58.51851851851851,39.876543209876544,1.6049382716049383,514.8167857142857,539.7973214285714,563.0849999999999,568.4287499999999,614.1428571428571,560.0541428571429,560,30.864197530864203,12.222222222222221,560,Sul
4307708,Esteio,RS,1471,168,1.4561522773623385,35.961930659415366,4.622705642420122,79.74167233174711,3.9428959891230457,21.34602311352821,55.67641060503059,41.67233174711081,2.6512576478586,504.39731934731935,536.5195804195804,558.2289044289045,538.6812354312355,574.8251748251748,542.5304428904429,858,41.67233174711081,11.42080217539089,858,Sul
4307807,Estrela,RS,441,116,1.2698412698412698,25.396825396825395,1.5873015873015872,74.14965986394559,1.1337868480725624,24.71655328798186,63.038548752834465,36.054421768707485,0.9070294784580499,537.5972508591065,552.6024054982818,569.0529209621993,602.827147766323,628.1786941580756,578.0516838487973,291,34.013605442176875,26.303854875283445,291,Sul
4307906,Farroupilha,RS,986,231,1.3427991886409736,21.50101419878296,2.129817444219067,86.40973630831643,1.2170385395537524,23.02231237322515,65.11156186612575,33.77281947261663,1.1156186612576064,513.8950481430537,538.2935350756534,561.6495185694636,576.35969738652,637.799174690509,565.5993947730399,727,26.267748478701826,23.427991886409735,727,Sul
4308508,Frederico Westphalen,RS,2142,691,1.7408963585434174,39.91596638655462,4.621848739495799,91.83006535947712,4.3884220354808585,33.33333333333333,47.10550887021475,48.41269841269841,4.481792717086835,502.6237032173342,518.1355219960604,537.821667760998,530.2967170059094,620.1969796454366,541.8149179251477,1523,28.898225957049483,32.25957049486461,1523,Sul
4308607,Garibaldi,RS,470,125,1.2468085106382978,20.0,1.0638297872340425,79.7872340425532,0.851063829787234,22.97872340425532,67.87234042553192,31.914893617021278,0.2127659574468085,516.9565789473684,548.5934210526316,565.2526315789473,581.3970394736842,670.3947368421053,576.5188815789473,304,35.31914893617021,26.595744680851062,304,Sul
4308904,Getúlio Vargas,RS,451,116,1.580931263858093,34.811529933481154,3.5476718403547673,86.91796008869179,1.5521064301552108,31.263858093126384,52.54988913525499,45.01108647450111,2.4390243902439024,497.12237288135594,516.8525423728813,539.6030508474576,512.964406779661,608.1355932203389,534.935593220339,295,34.589800443458984,25.72062084257206,295,Sul
4309001,Giruá,RS,373,168,1.8552278820375334,50.402144772117964,6.970509383378016,84.98659517426273,6.434316353887399,36.72922252010724,40.48257372654155,52.81501340482574,6.702412868632708,490.25699481865286,505.02694300518135,530.7088082901555,500.378756476684,575.3367875647668,520.3416580310881,193,48.257372654155496,45.0402144772118,193,Sul
4309209,Gravataí,RS,4126,626,1.3691226369365002,37.493940862821134,5.186621425109064,68.97721764420747,4.386815317498788,20.867668444013574,58.02229762481823,38.99660688317984,2.9810954920019386,506.32038798022063,532.1996196272347,554.9321034613922,537.1891213389121,603.195131228604,546.7672727272727,2629,36.28211342704799,15.172079495879787,2629,Sul
4309308,Guaíba,RS,1937,274,1.7403200826019618,44.29530201342282,7.589055240061951,89.82963345379453,5.627258647392876,26.690758905524003,46.05059370160041,48.73515745998967,5.214248838409912,494.38319935691317,519.2182475884244,541.358038585209,511.05546623794214,581.9614147909967,529.5952733118971,1244,35.7769747031492,14.145585957666496,1244,Sul
4309407,Guaporé,RS,646,182,1.3498452012383901,24.148606811145513,1.393188854489164,75.85139318885449,1.8575851393188854,31.73374613003096,57.73993808049536,41.3312693498452,0.9287925696594427,511.434,532.80525,551.227,558.677,632.15,557.25865,400,38.08049535603715,28.173374613003094,400,Sul
4309605,Horizontina,RS,359,120,1.064066852367688,18.105849582172702,1.6713091922005572,68.24512534818942,1.392757660167131,16.991643454038996,73.25905292479109,25.348189415041784,1.392757660167131,523.8553571428571,541.5092857142857,561.9239285714286,588.5525,625.9285714285714,568.3539285714286,280,22.00557103064067,33.42618384401114,280,Sul
4310108,Igrejinha,RS,728,113,1.5631868131868132,34.2032967032967,2.7472527472527473,84.2032967032967,1.9230769230769231,33.24175824175824,52.33516483516484,45.879120879120876,1.7857142857142856,507.8170403587444,541.1517937219731,556.4020179372197,563.2679372197309,619.5964125560538,557.6470403587444,446,38.73626373626373,15.521978021978022,446,Sul
4310207,Ijuí,RS,2286,664,1.3643919510061242,26.42169728783902,2.974628171478565,80.66491688538933,2.1872265966754156,24.190726159230096,62.20472440944882,35.73928258967629,2.0559930008748903,526.564089456869,543.2304792332268,559.6784664536741,572.3551437699681,641.3801916932907,568.6416741214057,1565,31.539807524059494,29.04636920384952,1565,Sul
4310330,Imbé,RS,472,55,1.74364406779661,45.55084745762712,6.3559322033898304,90.2542372881356,4.025423728813559,28.177966101694917,44.27966101694915,50.847457627118644,4.872881355932203,508.86142857142863,532.2896428571429,555.0675,531.1585714285715,603.5714285714286,546.1897142857142,280,40.67796610169492,11.652542372881355,280,Sul
4310603,Itaqui,RS,634,114,1.9400630914826498,48.42271293375394,8.04416403785489,95.74132492113566,10.410094637223976,31.38801261829653,40.536277602523654,52.36593059936908,7.097791798107256,479.3573891625616,504.25541871921183,530.7320197044336,485.973645320197,541.0344827586207,508.270591133005,406,35.96214511041009,17.981072555205046,406,Sul
4310801,Ivoti,RS,434,61,1.2211981566820276,23.04147465437788,2.5345622119815667,72.58064516129032,0.9216589861751152,23.04147465437788,65.89861751152074,32.48847926267281,1.6129032258064515,537.2660714285714,557.3489285714286,573.6589285714285,607.5278571428571,653.1428571428571,585.7889285714285,280,35.483870967741936,14.055299539170507,280,Sul
4311007,Jaguarão,RS,439,58,1.674259681093394,42.59681093394077,4.783599088838269,89.52164009111617,5.466970387243736,25.05694760820046,48.063781321184514,48.51936218678816,3.416856492027335,494.57837837837843,514.4780405405405,542.3577702702703,517.4114864864864,557.2297297297297,525.2110810810811,296,32.57403189066059,13.211845102505695,296,Sul
4311205,Júlio de Castilhos,RS,835,200,1.7604790419161678,39.40119760479042,4.550898203592815,95.08982035928145,4.550898203592815,32.455089820359284,45.628742514970064,50.65868263473053,3.7125748502994016,499.8463865546218,518.2203361344538,539.5947899159664,520.1544537815126,571.7310924369748,529.9094117647059,595,28.742514970059887,23.952095808383234,595,Sul
4311304,Lagoa Vermelha,RS,711,226,1.628691983122363,43.319268635724335,4.50070323488045,81.43459915611815,3.375527426160337,30.239099859353026,47.9606188466948,46.976090014064695,5.063291139240507,496.35323886639674,516.2386639676113,541.4805668016195,524.0445344129555,651.336032388664,545.8906072874495,494,30.520393811533054,31.78621659634318,494,Sul
4311403,Lajeado,RS,1521,425,1.1617357001972386,26.232741617357004,2.366863905325444,62.721893491124256,1.9066403681788298,22.94543063773833,65.08875739644971,33.33333333333333,1.5779092702169626,541.060703517588,560.8658291457286,576.7472361809046,615.1661306532664,680.7839195979899,594.9247638190955,995,34.58251150558843,27.94214332675871,995,Sul
4311700,Machadinho,RS,446,134,1.8251121076233183,45.73991031390135,6.053811659192825,97.98206278026906,2.690582959641256,30.04484304932735,42.600896860986545,53.81165919282511,3.587443946188341,493.32443729903537,514.7649517684887,539.0099678456592,529.8324758842443,630.225080385852,541.4313826366559,311,30.269058295964125,30.04484304932735,311,Sul
4311809,Marau,RS,1093,343,1.4071363220494053,32.296431838975295,2.2872827081427265,80.87831655992682,1.463860933211345,23.787740164684354,56.26715462031107,42.360475754803296,1.3723696248856359,504.593654822335,522.4279187817259,546.2477157360406,549.9565989847715,642.6142131979695,553.1680203045686,788,27.90484903934126,31.381518755718208,788,Sul
4312401,Montenegro,RS,1500,307,1.3646666666666667,30.8,3.4000000000000004,76.53333333333333,2.666666666666667,23.066666666666666,60.4,37.733333333333334,1.866666666666667,517.2414271555996,539.3778989098117,559.1720515361744,561.8394449950446,615.5401387512388,558.6341922695739,1009,32.733333333333334,20.466666666666665,1009,Sul
4312500,Mostardas,RS,251,50,2.091633466135458,52.589641434262944,10.358565737051793,98.00796812749005,8.366533864541832,39.8406374501992,33.86454183266932,58.16733067729084,7.968127490039841,470.27625,497.77625,514.505625,468.02937499999996,512.5,492.6175,160,36.254980079681275,19.9203187250996,160,Sul
4313201,Nova Petrópolis,RS,479,115,1.150313152400835,15.24008350730689,1.4613778705636742,73.2776617954071,0.8350730688935281,24.21711899791232,70.77244258872652,28.18371607515658,1.0438413361169103,522.8543956043956,552.5486263736265,570.285989010989,583.4722527472527,639.8351648351648,573.7992857142857,364,24.00835073068893,24.008350730688935,364,Sul
4313300,Nova Prata,RS,736,235,1.3546195652173914,26.08695652173913,1.6304347826086956,81.92934782608695,1.4945652173913044,24.320652173913043,61.41304347826087,37.36413043478261,1.2228260869565217,504.9718867924528,530.5388679245283,548.4149056603774,558.2692452830189,650.4528301886793,558.5295471698113,530,27.989130434782606,31.929347826086957,530,Sul
4313409,Novo Hamburgo,RS,3026,394,1.3853271645736946,31.097157964309318,3.7012557832121615,73.89292795769994,2.3793787177792467,27.461996034368802,58.5261070720423,39.1606080634501,2.313284864507601,522.7828125,545.60890625,567.51734375,573.9802083333333,621.4583333333334,566.2695208333333,1920,36.549900859220095,13.02048909451421,1920,Sul
4313508,Osório,RS,1148,225,1.6184668989547037,38.153310104529616,5.139372822299651,90.50522648083623,3.484320557491289,24.56445993031359,52.35191637630662,44.77351916376306,2.8745644599303137,511.29539641943734,527.4603580562659,554.3411764705883,556.125831202046,634.2199488491049,556.6885421994884,782,31.8815331010453,19.5993031358885,782,Sul
4313706,Palmeira das Missões,RS,1014,262,1.772189349112426,42.209072978303745,4.930966469428008,93.68836291913215,4.536489151873767,31.854043392504934,45.16765285996055,50.4930966469428,4.339250493096647,491.0247813411079,508.1510204081632,533.6177842565597,503.2800291545189,590.5247813411079,525.3196793002916,686,32.34714003944773,25.83826429980276,686,Sul
4313904,Panambi,RS,940,257,1.3053191489361702,23.829787234042556,1.702127659574468,78.40425531914894,2.2340425531914896,24.361702127659573,64.36170212765957,34.57446808510639,1.0638297872340425,512.907055214724,532.3217791411042,550.1087423312883,557.6519938650306,604.9693251533743,551.5917791411043,652,30.638297872340424,27.340425531914892,652,Sul
4314050,Parobé,RS,762,96,1.858267716535433,45.53805774278215,3.2808398950131235,93.04461942257218,3.0183727034120733,40.94488188976378,38.4514435695538,58.661417322834644,2.8871391076115485,498.27246049661403,521.6295711060948,544.0196388261851,532.3291196388261,600.0451467268623,539.2591873589165,443,41.86351706036745,12.598425196850393,443,Sul
4314100,Passo Fundo,RS,4106,901,1.2747199220652703,30.370189965903556,3.2635168046760836,73.55090112031174,2.264978080857282,18.022406234778373,62.29907452508524,36.41013151485631,1.290793960058451,517.4588565022422,541.1391255605381,562.5886771300449,563.2810538116593,647.8849028400598,566.4705231689088,2676,34.82708231855821,21.943497320993668,2676,Sul
4314407,Pelotas,RS,10281,1024,1.5659955257270695,39.645948837661706,5.71928800700321,77.16175469312324,6.662775994553059,27.409785040365726,50.7635444022955,45.07343643614434,4.163019161560159,508.06121849389206,529.7258852636462,552.1002937992887,537.8724137931034,592.5931653007577,544.0705953301376,6467,37.097558603248714,9.960120610835522,6467,Sul
4314506,Pinheiro Machado,RS,199,23,1.9949748743718594,51.256281407035175,9.547738693467336,98.99497487437185,11.055276381909549,28.643216080402013,35.175879396984925,59.2964824120603,5.527638190954774,473.221768707483,496.6965986394557,521.3163265306123,492.90000000000003,522.0408163265306,501.2351020408163,147,26.13065326633166,11.557788944723619,147,Sul
4314605,Piratini,RS,273,42,2.0952380952380953,54.94505494505495,9.89010989010989,94.87179487179486,12.454212454212454,37.362637362637365,32.6007326007326,57.509157509157504,9.89010989010989,488.7476439790576,495.38010471204194,526.2188481675392,494.50628272251305,535.3926701570681,508.049109947644,191,30.03663003663004,15.384615384615385,191,Sul
4314902,Porto Alegre,RS,29143,5142,1.1552002196067666,30.47730158185499,5.363209003877432,58.329616031293966,4.320076862368322,17.029818481281957,64.7496825995951,32.515526884672134,2.734790515732766,528.4771195149522,555.9320573425135,574.1903195971637,579.8202754084883,642.1303052101531,576.1100154146542,19462,33.21895480904505,17.644031156710017,19462,Sul
4315305,Quaraí,RS,314,90,1.7261146496815287,44.5859872611465,4.140127388535031,94.26751592356688,5.414012738853503,24.203821656050955,44.26751592356688,52.22929936305732,3.5031847133757963,489.62075471698114,507.1320754716981,540.125,526.738679245283,527.4528301886793,518.2138679245282,212,32.484076433121025,28.662420382165603,212,Sul
4315602,Rio Grande,RS,6459,629,1.6264127573927853,42.45239201114724,6.239355937451617,79.31568354234402,6.641895030190432,27.991949218145223,48.59885431181297,46.80291066728596,4.598235020901068,497.4785678642715,515.6917165668663,541.2434131736527,520.9781187624751,575.9281437125749,530.263992015968,4008,37.947050627032056,9.738349589719771,4008,Sul
4315701,Rio Pardo,RS,570,105,1.7771929824561403,47.01754385964912,5.7894736842105265,87.71929824561403,4.736842105263158,32.45614035087719,44.03508771929825,52.28070175438596,3.684210526315789,491.14224137931035,514.2350574712643,538.5839080459771,512.5594827586207,593.1034482758621,529.9248275862069,348,38.94736842105263,18.421052631578945,348,Sul
4316402,Rosário do Sul,RS,470,83,1.7361702127659575,47.23404255319149,7.659574468085106,85.53191489361703,6.382978723404255,26.80851063829787,43.40425531914894,51.48936170212765,5.106382978723404,488.73104575163404,504.14575163398695,530.2264705882352,499.79346405228756,576.6666666666666,519.9126797385621,306,34.89361702127659,17.659574468085108,306,Sul
4316808,Santa Cruz do Sul,RS,3053,686,1.329184408778251,30.822142155257126,2.8496560759908287,69.83295119554536,2.685882738290206,26.727808712741563,58.95840157222404,38.945299705207994,2.096298722567966,523.7155903128154,547.5873864783047,564.3291624621594,580.3307769929364,661.029263370333,575.3984359233098,1982,35.0802489354733,22.469701932525386,1982,Sul
4316907,Santa Maria,RS,9759,1613,1.3690951941797316,30.945793626396146,5.246439184342658,72.81483758581821,4.354954401065683,23.547494620350445,59.944666461727635,37.052976739420025,3.0023567988523414,528.3293233082707,551.7858063526163,565.0047874789013,571.1696025778732,633.4724566518337,569.952395273899,6517,33.220616866482224,16.528332820985757,6517,Sul
4317103,Sant'Ana do Livramento,RS,1420,275,1.6795774647887325,47.88732394366197,7.323943661971831,78.52112676056338,7.042253521126761,27.1830985915493,45.985915492957744,47.95774647887324,6.056338028169014,495.4446808510638,519.3232922732363,545.0154535274356,518.2068309070548,589.9216125419932,533.5823740201567,893,37.112676056338024,19.366197183098592,893,Sul
4317202,Santa Rosa,RS,2170,634,1.32073732718894,27.373271889400925,2.0276497695852536,76.72811059907833,1.935483870967742,24.00921658986175,61.29032258064516,37.327188940092164,1.3824884792626728,519.0637150466044,536.7709054593874,555.0157123834887,567.4314913448735,659.7603195739015,567.6084287616511,1502,30.783410138248847,29.216589861751153,1502,Sul
4317301,Santa Vitória do Palmar,RS,570,104,1.668421052631579,52.10526315789473,4.736842105263158,81.05263157894737,6.491228070175438,22.45614035087719,44.3859649122807,51.75438596491229,3.8596491228070176,484.6002702702703,505.38405405405405,533.3632432432432,507.97459459459463,549.9459459459459,516.2536216216216,370,35.08771929824561,18.24561403508772,370,Sul
4317400,Santiago,RS,1414,341,1.5728429985855727,40.099009900990104,4.526166902404526,82.24893917963226,4.455445544554455,25.954738330975957,50.56577086280056,45.82743988684583,3.606789250353607,504.041908713693,522.1489626556016,545.6733402489626,532.9830912863071,578.1742738589212,536.6043153526971,964,31.824611032531823,24.115983026874115,964,Sul
4317509,Santo Ângelo,RS,1851,444,1.5262020529443543,36.6288492706645,4.376012965964344,81.30740140464614,2.755267423014587,27.55267423014587,52.94435440302539,44.35440302539168,2.7012425715829282,509.8019169329074,530.925159744409,551.9075079872204,546.052875399361,622.444089456869,552.2263099041534,1252,32.36088600756348,23.9870340356564,1252,Sul
4317608,Santo Antônio da Patrulha,RS,568,99,1.6690140845070423,42.42957746478873,5.105633802816902,82.3943661971831,3.697183098591549,33.274647887323944,46.83098591549296,49.471830985915496,3.697183098591549,490.6675213675213,518.9866096866097,541.688603988604,522.997150997151,591.1680911680912,533.1015954415955,351,38.20422535211267,17.429577464788732,351,Sul
4318002,São Borja,RS,1254,215,1.7312599681020733,43.46092503987241,7.655502392344498,88.99521531100478,5.502392344497608,27.51196172248804,46.49122807017544,48.963317384370015,4.545454545454546,483.98728923476006,508.6369649805447,534.5783398184177,490.3479896238651,555.2788586251621,514.5658884565499,771,38.51674641148325,17.145135566188195,771,Sul
4318309,São Gabriel,RS,906,197,1.7130242825607065,41.16997792494481,8.940397350993377,90.50772626931567,6.070640176600441,24.613686534216335,49.77924944812362,44.150110375275936,6.070640176600441,506.6884422110553,521.7887772194305,548.1978224455611,541.7281407035176,567.5376884422111,537.1881742043552,597,34.10596026490066,21.7439293598234,597,Sul
4318408,São Jerônimo,RS,660,87,1.790909090909091,47.57575757575758,6.363636363636363,91.06060606060606,4.696969696969696,29.393939393939394,42.57575757575758,53.939393939393945,3.4848484848484853,496.2107894736842,513.9271052631578,537.9423684210526,519.8573684210526,559.7368421052631,525.5348947368421,380,42.42424242424242,13.18181818181818,380,Sul
4318507,São José do Norte,RS,443,37,2.0225733634311513,51.24153498871332,7.900677200902935,94.5823927765237,9.255079006772009,39.27765237020316,33.86004514672686,59.81941309255079,6.320541760722348,482.8607407407407,504.6411111111111,530.8403703703704,507.58185185185187,548.3703703703703,514.8588888888888,270,39.05191873589165,8.35214446952596,270,Sul
4318705,São Leopoldo,RS,3479,437,1.4331704512791033,35.182523713710836,3.6217303822937628,76.54498419085944,3.8229376257545273,24.14486921529175,56.45300373670595,41.04627766599598,2.500718597298074,515.7837454212454,541.8947802197802,561.9149267399267,558.4261904761905,613.1043956043956,558.2248076923076,2184,37.223340040241446,12.561080770336302,2184,Sul
4318804,São Lourenço do Sul,RS,710,71,1.8535211267605634,41.12676056338028,5.352112676056338,93.52112676056338,5.774647887323944,39.57746478873239,41.690140845070424,52.95774647887323,5.352112676056338,496.5233684210526,516.7178947368421,537.2442105263158,523.8972631578947,588.7578947368421,532.6281263157895,475,33.098591549295776,10.0,475,Sul
4318903,São Luiz Gonzaga,RS,1078,279,1.8042671614100185,46.01113172541744,7.328385899814471,89.6103896103896,5.75139146567718,31.72541743970315,43.41372912801484,50.649350649350644,5.936920222634509,492.7963737796374,511.00320781032076,533.2541143654114,518.0288702928871,578.3821478382148,526.6929428172944,717,33.48794063079777,25.88126159554731,717,Sul
4319000,São Marcos,RS,292,64,1.4006849315068493,23.972602739726025,2.3972602739726026,83.56164383561644,1.0273972602739725,29.10958904109589,60.95890410958904,37.67123287671233,1.36986301369863,506.1802139037433,540.5727272727273,557.5358288770053,556.6754010695188,659.2513368983957,564.043101604278,187,35.95890410958904,21.91780821917808,187,Sul
4319604,São Sepé,RS,481,76,1.7796257796257797,44.28274428274428,7.0686070686070686,90.22869022869024,4.781704781704782,31.600831600831604,45.94594594594595,49.272349272349274,4.781704781704782,500.7937293729373,524.7808580858086,539.8732673267327,524.9389438943895,588.1848184818482,535.7143234323432,303,37.00623700623701,15.800415800415802,303,Sul
4319802,São Vicente do Sul,RS,827,209,1.7750906892382103,41.83796856106409,5.199516324062878,97.94437726723095,3.143893591293833,29.383313180169285,45.46553808948005,51.511487303506655,3.0229746070133015,504.14596273291926,525.451552795031,540.9164596273292,531.9403726708074,580.776397515528,536.646149068323,644,22.128174123337363,25.2720677146312,644,Sul
4319901,Sapiranga,RS,1497,180,1.83500334001336,43.55377421509686,5.143620574482298,89.17835671342685,2.6052104208416833,43.01937207748831,39.67935871743487,56.84702738810955,3.473613894455578,496.68805166846073,524.3890204520991,548.2533907427342,538.3291711517761,592.6157158234661,540.0550699677071,929,37.942551770207075,12.024048096192384,929,Sul
4320008,Sapucaia do Sul,RS,2059,193,1.5458960660514813,37.49392909179213,4.079650315687227,82.75862068965517,4.322486644001942,25.934919864011658,53.666828557552215,43.66197183098591,2.6711996114618746,499.6756389776358,524.0844249201277,549.675,525.4156549520767,569.2651757188498,533.623178913738,1252,39.19378338999514,9.373482272948033,1252,Sul
4320107,Sarandi,RS,1207,412,1.676056338028169,39.68516984258492,3.645401822700911,90.72079536039767,2.236951118475559,31.31731565865783,46.72742336371169,50.621375310687654,2.651201325600663,497.4048,520.5481142857143,543.3092571428571,522.2582857142858,615.0857142857143,539.7212342857143,875,27.506213753106877,34.13421706710854,875,Sul
4320701,Sobradinho,RS,918,303,1.8496732026143792,41.72113289760348,4.030501089324619,94.0087145969499,5.446623093681917,39.760348583878,42.37472766884531,52.94117647058824,4.684095860566448,496.0569321533923,519.8646017699115,539.7910029498524,538.0525073746312,618.6135693215339,542.4757227138642,678,26.1437908496732,33.006535947712415,678,Sul
4320800,Soledade,RS,960,255,1.80625,46.979166666666664,7.604166666666666,89.79166666666667,3.75,32.5,42.604166666666664,52.083333333333336,5.3125,491.96537842190014,509.9402576489533,534.0760064412239,518.6080515297906,606.8276972624799,532.2834782608695,621,35.3125,26.5625,621,Sul
4320909,Tapejara,RS,685,247,1.5372262773722627,29.635036496350363,2.0437956204379564,90.07299270072993,1.0218978102189782,30.94890510948905,54.598540145985396,44.08759124087591,1.313868613138686,491.2959401709402,514.6371794871795,543.1938034188034,529.6155982905983,644.9145299145299,544.7314102564102,468,31.678832116788325,36.05839416058394,468,Sul
4321204,Taquara,RS,1234,257,1.4092382495948137,32.739059967585085,3.079416531604538,73.17666126418152,2.4311183144246353,29.497568881685577,55.42949756888168,42.78768233387358,1.7828200972447326,511.3829457364341,535.0081395348838,556.7237726098191,561.5811369509044,618.9405684754522,556.7273126614987,774,37.27714748784441,20.826580226904376,774,Sul
4321303,Taquari,RS,384,93,1.515625,35.15625,5.208333333333334,86.45833333333334,3.90625,20.833333333333336,56.25,38.80208333333333,4.947916666666666,498.81954022988504,523.6088122605364,549.7800766283525,537.0977011494252,604.3678160919541,542.7347892720306,261,32.03125,24.21875,261,Sul
4321451,Teutônia,RS,545,159,1.273394495412844,23.486238532110093,2.0183486238532113,73.57798165137615,0.7339449541284404,27.522935779816514,62.56880733944954,36.51376146788991,0.9174311926605505,519.2055118110236,549.7425196850394,565.6601049868766,578.0220472440944,655.1181102362204,573.5496587926509,381,30.091743119266056,29.174311926605505,381,Sul
4321501,Torres,RS,1477,252,1.6228842247799593,41.70616113744076,2.775897088693297,88.490182802979,2.9790115098171968,26.337169939065674,47.93500338524036,50.440081245768454,1.6249153689911984,504.6867599569429,525.6365984930032,549.5189451022604,540.519052744887,604.97308934338,545.0668891280948,929,37.10223425863236,17.061611374407583,929,Sul
4321600,Tramandaí,RS,1167,153,1.860325621251071,51.24250214224507,7.540702656383891,90.48843187660668,6.8551842330762645,29.9057412167952,40.01713796058269,54.67009425878321,5.312767780634105,495.02227342549924,521.3674347158218,549.2695852534562,522.5513056835638,580.6144393241167,533.7650076804916,651,44.21593830334191,13.110539845758353,651,Sul
4321808,Três de Maio,RS,719,232,1.2906815020862308,22.67037552155772,1.808066759388039,79.13769123783032,1.808066759388039,23.64394993045897,64.95132127955495,33.65785813630042,1.3908205841446455,515.7860420650095,539.3261950286807,553.9525812619503,568.2657743785851,617.9732313575525,559.0607648183557,523,27.26008344923505,32.26703755215577,523,Sul
4321907,Três Passos,RS,1336,396,1.6032934131736527,33.83233532934132,4.715568862275449,90.41916167664671,2.844311377245509,28.517964071856287,54.041916167664674,42.51497005988024,3.44311377245509,505.0392051557465,525.1200859291084,541.3397422126745,537.4794844253491,615.875402792696,544.970784103115,931,30.31437125748503,29.64071856287425,931,Sul
4322400,Uruguaiana,RS,2842,535,1.6963406052076002,48.416608022519355,7.670654468684026,80.19000703729768,6.33356790992259,27.023223082336383,45.00351864883885,49.43701618578466,5.559465165376495,490.50154952960713,515.9389042612064,538.0656336469286,515.6505257332595,579.2030990592142,527.8719424460431,1807,36.41801548205489,18.824771287825477,1807,Sul
4322509,Vacaria,RS,1096,226,1.6605839416058394,41.97080291970803,5.200729927007299,85.12773722627736,3.010948905109489,30.748175182481752,47.17153284671533,48.722627737226276,4.105839416058394,501.3327559055118,526.5592125984251,546.5025196850394,532.6466141732283,606.6141732283464,542.7310551181102,635,42.06204379562044,20.62043795620438,635,Sul
4322608,Venâncio Aires,RS,938,184,1.549040511727079,34.7547974413646,3.731343283582089,80.38379530916845,2.9850746268656714,33.04904051172708,51.91897654584222,45.41577825159915,2.6652452025586353,511.7258620689655,537.8331034482759,555.8453448275861,568.275,677.6896551724138,570.2737931034483,580,38.166311300639656,19.616204690831555,580,Sul
4322806,Veranópolis,RS,451,162,0.9068736141906873,16.851441241685144,1.1086474501108647,50.77605321507761,0.6651884700665188,21.286031042128602,76.27494456762749,22.838137472283815,0.8869179600886918,543.3156626506023,558.3831325301205,571.3527108433735,618.0846385542169,737.9518072289156,605.8175903614458,332,26.385809312638585,35.92017738359202,332,Sul
4323002,Viamão,RS,3513,528,1.6484486194136065,46.000569313976655,7.913464275547964,77.85368630799886,7.998861372046684,25.07828067179049,46.029035012809565,48.8756048961002,5.095360091090236,499.681872693727,522.891282287823,546.9310424354244,514.9559963099631,576.5313653136532,532.1983118081181,2168,38.28636493025904,15.02988898377455,2168,Sul
5000203,Água Clara,MS,239,49,1.6276150627615062,45.60669456066946,4.602510460251046,80.75313807531381,7.531380753138076,24.267782426778243,43.93305439330544,53.55648535564853,2.510460251046025,491.4755102040816,500.2360544217687,524.7585034013606,488.3741496598639,523.6734693877551,505.703537414966,147,38.49372384937239,20.502092050209207,147,Centro-Oeste
5000609,Amambai,MS,956,198,2.3389121338912133,65.27196652719665,16.527196652719663,95.0836820083682,20.188284518828453,36.82008368200837,27.510460251046027,55.64853556485355,16.84100418410042,470.3224168126094,490.69807355516633,505.40840630472854,473.7991243432574,510.507880910683,490.14718038528895,571,40.27196652719665,20.711297071129707,571,Centro-Oeste
5000708,Anastácio,MS,484,88,2.090909090909091,61.98347107438017,10.12396694214876,94.42148760330579,8.884297520661157,33.67768595041322,28.92561983471074,61.77685950413223,9.297520661157025,474.29591194968555,485.2625786163522,505.3578616352201,461.7437106918239,515.1572327044025,488.36345911949684,318,34.29752066115702,18.181818181818183,318,Centro-Oeste
5001003,Aparecida do Taboado,MS,452,173,1.6261061946902655,58.62831858407079,1.991150442477876,74.77876106194691,2.8761061946902653,24.336283185840706,41.150442477876105,57.52212389380531,1.3274336283185841,500.2222614840989,508.7003533568905,524.2720848056537,506.0219081272085,549.3286219081272,517.7090459363958,283,37.38938053097345,38.27433628318584,283,Centro-Oeste
5001102,Aquidauana,MS,1381,186,2.063721940622737,59.015206372194065,11.513396089790007,88.9210716871832,12.454742939898624,34.46777697320782,35.77118030412744,51.48443157132513,12.744388124547429,472.8198237885463,488.8680616740088,508.7022026431718,470.08722466960353,538.7224669603524,495.83995594713656,908,34.250543084721215,13.468501086169443,908,Centro-Oeste
5001904,Bataguassu,MS,566,170,1.6590106007067138,44.69964664310954,6.36042402826855,86.92579505300353,4.770318021201414,23.14487632508834,50.17667844522968,45.936395759717314,3.8869257950530036,480.5609947643979,494.81335078534033,520.6976439790576,491.7350785340314,554.9738219895288,508.55617801047117,382,32.50883392226148,30.03533568904594,382,Centro-Oeste
5002100,Bela Vista,MS,461,132,1.878524945770065,60.30368763557483,6.073752711496746,82.21258134490239,8.24295010845987,31.019522776572668,34.924078091106296,59.65292841648589,5.42299349240781,476.50567375886527,491.159219858156,509.57695035460995,478.5904255319149,536.5957446808511,498.4856028368794,282,38.82863340563991,28.633405639913235,282,Centro-Oeste
5002159,Bodoquena,MS,177,28,1.9774011299435028,51.9774011299435,7.344632768361582,96.045197740113,9.03954802259887,33.33333333333333,36.72316384180791,55.932203389830505,7.344632768361582,489.15267857142857,494.6375,513.2223214285715,473.95803571428576,494.82142857142856,493.1583928571428,112,36.7231638418079,15.819209039548024,112,Centro-Oeste
5002209,Bonito,MS,331,66,1.5861027190332326,48.6404833836858,3.927492447129909,74.62235649546828,3.3232628398791544,28.09667673716012,46.82779456193353,49.546827794561935,3.625377643504532,497.5834123222749,509.5914691943128,530.5165876777252,504.1175355450237,558.0094786729858,519.9636966824644,211,36.25377643504532,19.939577039274926,211,Centro-Oeste
5002407,Caarapó,MS,512,88,1.9765625,60.7421875,6.4453125,94.3359375,7.03125,29.1015625,32.8125,61.1328125,6.0546875,479.95631067961165,500.331715210356,514.0964401294498,486.48025889967636,538.5760517799353,503.88815533980585,309,39.6484375,17.1875,309,Centro-Oeste
5002605,Camapuã,MS,227,66,1.9295154185022025,60.792951541850215,7.048458149779736,91.62995594713657,7.929515418502203,25.55066079295154,35.24229074889868,61.23348017621145,3.524229074889868,481.7328767123288,488.6856164383562,503.722602739726,485.2821917808219,489.45205479452056,489.7750684931507,146,35.68281938325991,29.074889867841406,146,Centro-Oeste
5002704,Campo Grande,MS,24379,4899,1.4717174617498667,42.74170392550966,6.923991960293694,72.82907420320768,4.696665162639977,19.980310923335658,52.848763279872024,43.32417244349645,3.827064276631527,511.0442236712599,524.4671505905512,543.0465489665354,533.7989788385827,597.6021161417323,541.9918036417323,16256,33.31966036342754,20.095163870544322,16256,Centro-Oeste
5002902,Cassilândia,MS,667,206,1.752623688155922,53.973013493253376,6.5967016491754125,81.10944527736132,4.94752623688156,28.635682158920538,42.87856071964018,51.424287856071956,5.697151424287856,475.62851239669425,485.3989669421488,507.4167355371901,479.2177685950413,550.7438016528926,499.6811570247934,484,27.436281859070466,30.884557721139434,484,Centro-Oeste
5002951,Chapadão do Sul,MS,719,259,1.4798331015299027,41.863699582753824,5.285118219749652,74.54798331015299,3.05980528511822,23.226703755215578,52.43393602225312,44.22809457579972,3.3379694019471486,490.2764940239044,495.9332669322709,520.7750996015936,495.54900398406375,562.1115537848606,512.9290836653387,502,30.18080667593881,36.02225312934632,502,Centro-Oeste
5003207,Corumbá,MS,2565,367,1.9235867446393762,58.98635477582847,18.167641325536064,77.50487329434698,11.578947368421053,26.120857699805068,37.62183235867446,51.42300194931774,10.955165692007798,481.41483715319663,495.53088057901084,518.1485524728589,476.0623642943305,527.6477683956574,499.76088057901086,1658,35.360623781676416,14.307992202729045,1658,Centro-Oeste
5003256,Costa Rica,MS,501,140,1.844311377245509,54.29141716566866,2.9940119760479043,96.8063872255489,3.1936127744510974,27.14570858283433,38.12375249500998,59.2814371257485,2.5948103792415167,478.2810810810811,495.8402402402402,519.4063063063063,487.0579579579579,529.6696696696697,502.05105105105105,333,33.532934131736525,27.944111776447105,333,Centro-Oeste
5003306,Coxim,MS,1035,229,1.863768115942029,52.27053140096618,7.922705314009662,88.69565217391305,6.956521739130435,30.531400966183575,39.03381642512077,55.072463768115945,5.8937198067632846,485.51794871794874,491.81900452488685,515.598491704374,477.98657616892905,506.6968325791855,495.52377073906484,663,35.94202898550725,22.125603864734302,663,Centro-Oeste
5003488,Dois Irmãos do Buriti,MS,242,59,2.169421487603306,66.11570247933885,9.917355371900827,95.86776859504133,12.8099173553719,32.231404958677686,26.446280991735538,64.0495867768595,9.50413223140496,463.1408284023669,470.42071005917165,486.4662721893491,446.3562130177515,484.3786982248521,470.1525443786982,169,30.165289256198346,24.380165289256198,169,Centro-Oeste
5003702,Dourados,MS,5548,1072,1.5063085796683489,39.99639509733237,6.398702235039654,76.92862292718097,4.704397981254506,22.602739726027394,53.388608507570304,42.12328767123288,4.488103821196828,512.5067071487717,524.1946177201215,543.0322384764008,531.4822798785538,591.841015732818,540.6113717913331,3623,34.697188175919244,19.32227829848594,3623,Centro-Oeste
5003801,Fátima do Sul,MS,496,110,1.7358870967741935,49.79838709677419,4.838709677419355,90.12096774193549,5.040322580645161,23.790322580645164,42.54032258064516,54.03225806451613,3.4274193548387095,489.24424778761056,500.7976401179941,525.3194690265486,504.2846607669617,551.7994100294985,514.2890855457227,339,31.653225806451612,22.177419354838708,339,Centro-Oeste
5004502,Itaporã,MS,246,47,1.6910569105691058,47.15447154471545,4.878048780487805,84.95934959349594,5.691056910569105,26.422764227642276,47.96747967479675,46.7479674796748,5.284552845528456,503.02285714285716,516.7851428571428,539.9222857142856,514.7668571428571,573.7142857142857,529.6422857142857,175,28.861788617886177,19.10569105691057,175,Centro-Oeste
5004601,Itaquiraí,MS,482,148,1.879668049792531,53.941908713692946,4.979253112033195,92.73858921161826,4.771784232365145,31.535269709543567,37.551867219917014,58.50622406639005,3.941908713692946,486.85729166666664,504.26284722222226,522.6791666666667,490.4225694444445,542.0138888888889,509.2471527777777,288,40.24896265560166,30.70539419087137,288,Centro-Oeste
5004700,Ivinhema,MS,779,249,1.7586649550706033,49.55070603337612,7.188703465982028,94.86521181001284,3.3376123234916557,20.92426187419769,43.64569961489089,52.24646983311938,4.10783055198973,491.58267148014437,498.99711191335746,521.9909747292419,494.04783393501805,548.8086642599278,511.08545126353795,554,28.883183568677794,31.964056482670088,554,Centro-Oeste
5005004,Jardim,MS,763,157,1.7929226736566186,51.63826998689384,5.6356487549148095,86.36959370904324,4.980340760157274,30.668414154652684,42.070773263433814,53.473132372214934,4.456094364351245,491.07909836065573,505.1407786885246,526.4098360655738,494.7831967213115,538.8934426229508,511.26127049180326,488,36.04193971166448,20.57667103538663,488,Centro-Oeste
5005103,Jateí,MS,218,80,1.7110091743119267,46.330275229357795,5.963302752293578,94.4954128440367,2.7522935779816518,21.55963302752294,44.4954128440367,52.752293577981646,2.7522935779816518,491.35341614906827,495.5006211180125,517.8310559006211,481.38385093167705,553.664596273292,507.9467080745342,161,26.146788990825687,36.69724770642202,161,Centro-Oeste
5005202,Ladário,MS,403,50,2.076923076923077,60.545905707196034,21.339950372208435,86.10421836228288,12.40694789081886,27.29528535980149,33.49875930521092,55.08684863523573,11.41439205955335,474.680078125,489.654296875,506.6296875,472.889453125,514.296875,491.630078125,256,36.47642679900744,12.40694789081886,256,Centro-Oeste
5005400,Maracaju,MS,600,156,1.42,40.5,3.833333333333333,69.66666666666667,3.0,25.0,51.5,45.83333333333333,2.666666666666667,488.65157068062825,500.7549738219895,521.6793193717277,497.4510471204188,531.4659685863875,508.0005759162304,382,36.33333333333333,26.0,382,Centro-Oeste
5005608,Miranda,MS,519,82,2.0597302504816954,62.042389210019266,13.872832369942195,78.9980732177264,15.992292870905588,35.067437379576106,36.41618497109826,49.71098265895954,13.872832369942195,470.37642045454544,485.94204545454545,502.15340909090907,459.1076704545454,518.0681818181819,487.12954545454545,352,32.17726396917149,15.79961464354528,352,Centro-Oeste
5005707,Naviraí,MS,1127,228,1.6291038154392192,46.14019520851819,5.767524401064774,77.55102040816327,5.678793256433008,27.772848269742678,47.82608695652174,47.55989352262644,4.614019520851819,493.98312056737586,510.9512056737588,534.1550354609928,515.0513475177305,561.2765957446809,523.0834609929078,705,37.44454303460515,20.23070097604259,705,Centro-Oeste
5005806,Nioaque,MS,307,71,2.1205211726384365,63.84364820846905,7.491856677524431,91.53094462540716,11.400651465798045,37.785016286644954,29.64169381107492,61.563517915309454,8.794788273615636,473.8504807692307,475.51634615384614,495.6557692307692,462.21634615384613,493.46153846153845,480.1400961538462,208,32.247557003257334,23.12703583061889,208,Centro-Oeste
5006200,Nova Andradina,MS,1156,298,1.694636678200692,45.069204152249135,4.930795847750865,89.27335640138409,3.7197231833910034,26.47058823529412,46.88581314878893,49.567474048442904,3.5467128027681665,496.8493556701031,506.0286082474227,528.3314432989691,504.8667525773196,533.7886597938144,513.9729639175258,776,32.871972318339104,25.77854671280277,776,Centro-Oeste
5006309,Paranaíba,MS,850,248,1.5811764705882352,46.11764705882353,6.235294117647059,75.41176470588236,3.4117647058823533,26.941176470588236,47.529411764705884,48.35294117647059,4.117647058823529,493.2635379061372,503.0328519855596,526.0777978339349,494.92563176895305,568.0144404332129,517.0628519855596,554,34.82352941176471,29.176470588235293,554,Centro-Oeste
5006606,Ponta Porã,MS,2444,456,1.8150572831423895,50.49099836333879,9.36988543371522,82.56955810147299,10.229132569558102,28.846153846153843,42.51227495908347,49.38625204582651,8.101472995090015,495.9343293954135,508.99527449617784,527.7608061153579,503.44607366226546,540.5003474635163,515.3273662265461,1439,41.12111292962357,18.657937806873978,1439,Centro-Oeste
5006903,Porto Murtinho,MS,152,23,2.1447368421052633,64.47368421052632,13.815789473684212,94.73684210526315,9.868421052631579,31.57894736842105,26.973684210526315,63.81578947368421,9.210526315789473,465.86516853932585,484.4820224719101,509.8921348314607,443.08876404494384,463.14606741573033,473.2948314606741,89,41.44736842105263,15.131578947368421,89,Centro-Oeste
5007109,Ribas do Rio Pardo,MS,342,73,1.719298245614035,48.53801169590643,7.894736842105263,88.59649122807018,2.631578947368421,24.269005847953213,43.567251461988306,54.67836257309941,1.7543859649122806,483.3530612244898,490.27346938775514,511.4974489795918,472.87448979591835,523.0612244897959,496.2119387755102,196,42.69005847953217,21.34502923976608,196,Centro-Oeste
5007208,Rio Brilhante,MS,840,163,1.8726190476190476,52.85714285714286,7.380952380952381,90.35714285714286,6.071428571428571,30.5952380952381,38.69047619047619,55.35714285714286,5.952380952380952,481.10357815442563,493.0593220338983,520.4864406779661,475.3286252354049,554.5009416195857,504.89578154425607,531,36.78571428571429,19.404761904761905,531,Centro-Oeste
5007406,Rio Verde de Mato Grosso,MS,190,36,1.8789473684210527,55.78947368421052,7.894736842105263,94.73684210526315,4.736842105263158,24.736842105263158,38.421052631578945,56.84210526315789,4.736842105263158,475.175,497.440625,506.753125,468.603125,496.40625,488.875625,128,32.631578947368425,18.947368421052634,128,Centro-Oeste
5007695,São Gabriel do Oeste,MS,550,166,1.4727272727272727,40.18181818181818,4.909090909090909,80.9090909090909,4.0,17.272727272727273,54.0,43.27272727272727,2.727272727272727,506.4967479674796,514.2981029810298,534.6162601626016,528.6189701897018,623.5230352303523,541.5106233062331,369,32.90909090909091,30.181818181818183,369,Centro-Oeste
5007703,Sete Quedas,MS,324,51,2.3919753086419755,69.1358024691358,13.271604938271606,96.60493827160494,19.1358024691358,41.04938271604938,23.456790123456788,59.25925925925925,17.28395061728395,453.90628272251314,466.43507853403145,478.7523560209424,463.244502617801,454.13612565445027,463.2948691099477,191,41.04938271604939,15.74074074074074,191,Centro-Oeste
5007901,Sidrolândia,MS,697,118,1.8708751793400287,52.94117647058824,7.030129124820659,87.2309899569584,7.890961262553802,31.99426111908178,37.589670014347206,56.241032998565274,6.169296987087518,485.6753056234719,502.7826405867971,518.4039119804402,480.8501222493888,547.7750611246944,507.0974083129584,409,41.31994261119082,16.929698708751793,409,Centro-Oeste
5008305,Três Lagoas,MS,3005,670,1.448585690515807,40.83194675540766,3.8602329450915143,75.87354409317804,4.392678868552412,19.90016638935108,53.87687188019967,43.460898502495844,2.6622296173044924,509.54584210526315,523.3155789473684,542.8140526315789,528.6845789473684,599.8210526315789,540.8362210526316,1900,36.7720465890183,22.296173044925123,1900,Centro-Oeste
5100201,Água Boa,MT,539,177,1.489795918367347,42.30055658627087,4.823747680890538,77.73654916512059,5.009276437847866,19.109461966604822,52.875695732838594,44.712430426716146,2.411873840445269,492.9181268882175,501.3395770392749,526.0903323262839,505.15619335347435,537.583081570997,512.6174622356496,331,38.5899814471243,32.83858998144712,331,Centro-Oeste
5100250,Alta Floresta,MT,1415,342,1.7173144876325088,48.551236749116605,7.279151943462897,86.57243816254417,3.4628975265017665,25.865724381625444,44.381625441696116,51.66077738515901,3.9575971731448765,496.64652686762776,507.2233289646134,528.2711664482307,509.69855832241154,612.2935779816514,530.826631716907,763,46.07773851590105,24.169611307420492,763,Centro-Oeste
5101258,Araputanga,MT,505,165,1.6495049504950494,43.56435643564357,6.9306930693069315,90.89108910891089,4.356435643564356,19.207920792079207,48.71287128712871,47.32673267326732,3.9603960396039604,475.15754985754984,484.16923076923075,505.14501424501424,475.34615384615387,567.977207977208,501.5590313390313,351,30.4950495049505,32.67326732673268,351,Centro-Oeste
5101308,Arenápolis,MT,473,126,1.904862579281184,56.87103594080338,11.839323467230443,95.77167019027483,6.765327695560254,19.23890063424947,36.57505285412262,58.139534883720934,5.2854122621564485,472.2996389891697,485.1953068592058,505.42888086642597,469.51660649819496,553.5740072202166,497.20288808664264,277,41.43763213530656,26.6384778012685,277,Centro-Oeste
5101407,Aripuanã,MT,314,62,1.8375796178343948,51.910828025477706,7.961783439490445,87.89808917197452,8.280254777070063,27.70700636942675,39.80891719745223,52.22929936305732,7.961783439490445,479.40536912751674,493.1181208053692,515.6577181208054,476.1536912751678,520.9395973154362,497.0548993288591,149,52.547770700636946,19.745222929936308,149,Centro-Oeste
5101704,Barra do Bugres,MT,560,81,1.9732142857142858,58.214285714285715,13.750000000000002,89.64285714285715,8.035714285714286,27.67857142857143,34.464285714285715,57.67857142857142,7.857142857142857,477.1858461538461,492.1129230769231,513.1424615384615,481.50123076923074,529.8461538461538,498.7577230769231,325,41.96428571428571,14.464285714285715,325,Centro-Oeste
5101803,Barra do Garças,MT,2220,510,1.6153153153153152,46.126126126126124,8.063063063063062,79.77477477477477,7.027027027027027,20.54054054054054,48.73873873873874,46.306306306306304,4.954954954954955,496.2136298421808,504.93687230989957,523.7845050215208,505.1008608321377,574.648493543759,520.9368723098995,1394,37.207207207207205,22.972972972972975,1394,Centro-Oeste
5101902,Brasnorte,MT,139,26,1.776978417266187,48.92086330935252,5.755395683453238,94.96402877697841,5.0359712230215825,23.021582733812952,45.32374100719424,50.35971223021583,4.316546762589928,470.57142857142856,500.42727272727274,518.9298701298701,491.3831168831169,510.12987012987014,498.28831168831164,77,44.60431654676259,18.705035971223023,77,Centro-Oeste
5102504,Cáceres,MT,2687,498,1.7752139933010793,50.353554149609224,14.663193152214365,81.65240044659473,8.001488649050986,22.85076293263863,43.13360625232601,48.976553777446966,7.889839970227019,489.6592569659442,500.5461919504644,519.6665015479877,490.5762229102167,573.3250773993808,514.7546501547988,1615,39.895794566430965,18.533680684778563,1615,Centro-Oeste
5102637,Campo Novo do Parecis,MT,746,178,1.5871313672922251,39.946380697050934,4.557640750670242,89.94638069705094,3.6193029490616624,20.64343163538874,50.80428954423593,46.64879356568365,2.546916890080429,489.3863736263736,502.6569230769231,528.2142857142857,505.57384615384615,574.8131868131868,520.1289230769231,455,39.008042895442365,23.86058981233244,455,Centro-Oeste
5102678,Campo Verde,MT,1064,266,1.5657894736842106,42.38721804511278,6.672932330827068,82.5187969924812,4.2293233082706765,20.770676691729324,50.6578947368421,46.14661654135339,3.195488721804511,502.33126934984523,509.42925696594426,529.2103715170279,511.893653250774,601.7647058823529,530.9258513931889,646,39.28571428571429,25.0,646,Centro-Oeste
5102702,Canarana,MT,440,115,1.6136363636363635,47.72727272727273,7.045454545454545,77.5,5.681818181818182,23.40909090909091,46.36363636363636,50.45454545454545,3.1818181818181817,502.9598290598291,509.30555555555554,527.9995726495727,497.6760683760684,553.2478632478633,518.2377777777778,234,46.81818181818181,26.136363636363637,234,Centro-Oeste
5102793,Carlinda,MT,118,17,2.0,61.016949152542374,9.322033898305085,97.45762711864407,4.23728813559322,27.966101694915253,33.89830508474576,61.016949152542374,5.084745762711865,483.42203389830513,484.5694915254237,511.6745762711864,493.01525423728816,512.542372881356,497.04474576271184,59,50.0,14.40677966101695,59,Centro-Oeste
5103007,Chapada dos Guimarães,MT,399,94,1.5614035087719298,52.63157894736842,6.516290726817042,72.68170426065163,5.012531328320802,19.298245614035086,45.86466165413533,50.125313283208015,4.010025062656641,470.82916666666665,486.02234848484846,511.02613636363634,467.9079545454545,548.030303030303,496.76318181818186,264,33.83458646616542,23.55889724310777,264,Centro-Oeste
5103205,Colíder,MT,721,109,1.7725381414701804,48.54368932038835,6.2413314840499305,91.67822468793344,4.0221914008321775,26.768377253814148,42.302357836338416,54.09153952843273,3.6061026352288486,493.86089552238803,512.7364179104478,527.3549253731343,503.28716417910454,579.1044776119403,523.268776119403,335,53.536754507628295,15.117891816920942,335,Centro-Oeste
5103254,Colniza,MT,384,73,2.0651041666666665,59.375,6.510416666666667,95.3125,10.15625,35.15625,32.03125,61.197916666666664,6.770833333333333,468.4224489795919,470.5311224489796,492.1505102040816,457.87551020408165,472.7551020408163,472.3469387755102,196,48.958333333333336,19.010416666666664,196,Centro-Oeste
5103304,Comodoro,MT,277,67,1.711191335740072,47.65342960288809,6.4981949458483745,83.03249097472924,5.415162454873646,28.51985559566787,43.682310469314075,51.985559566786996,4.332129963898916,487.490243902439,487.3908536585366,522.0707317073171,501.89817073170735,564.5121951219512,512.6724390243902,164,40.794223826714806,24.187725631768952,164,Centro-Oeste
5103353,Confresa,MT,1165,266,2.0240343347639485,58.798283261802574,9.27038626609442,95.62231759656652,9.6137339055794,29.098712446351932,33.047210300429185,59.742489270386265,7.210300429184549,477.48050847457625,483.89847457627116,507.9559322033898,470.1072881355932,526.0,493.0884406779661,590,49.35622317596567,22.832618025751074,590,Centro-Oeste
5103403,Cuiabá,MT,21792,4124,1.405745227606461,41.763032305433185,9.916483113069017,66.428046989721,4.7678046989721,17.699155653450806,55.46989720998532,40.22118208516887,4.308920704845815,505.4345821747402,520.7136689594614,538.5755963705546,525.9921410800526,592.7484267525246,536.6928830674667,13666,37.28891336270191,18.92437591776799,13666,Centro-Oeste
5103502,Diamantino,MT,486,105,1.6069958847736625,45.06172839506173,7.20164609053498,84.77366255144034,5.1440329218107,18.51851851851852,48.559670781893004,48.76543209876543,2.674897119341564,480.83203125,490.165234375,519.761328125,479.588671875,574.453125,508.960078125,256,47.325102880658434,21.604938271604937,256,Centro-Oeste
5103700,Feliz Natal,MT,267,53,1.8164794007490637,51.68539325842697,7.490636704119851,86.51685393258427,4.119850187265917,31.835205992509362,42.69662921348314,52.43445692883895,4.868913857677903,480.98768115942033,483.8471014492753,504.4572463768116,491.4702898550724,533.6231884057971,498.8771014492753,138,48.31460674157303,19.850187265917604,138,Centro-Oeste
5104104,Guarantã do Norte,MT,758,157,1.729551451187335,45.64643799472295,6.860158311345646,84.5646437994723,4.617414248021108,31.266490765171508,42.21635883905013,53.43007915567283,4.353562005277045,518.4997005988024,526.1796407185628,537.9853293413174,542.3149700598802,585.0299401197605,542.0019161676647,334,55.93667546174142,20.71240105540897,334,Centro-Oeste
5104203,Guiratinga,MT,247,59,2.0404858299595143,61.943319838056674,13.765182186234817,96.76113360323887,7.28744939271255,24.291497975708502,29.554655870445345,61.53846153846154,8.906882591093117,472.5825136612022,473.9306010928962,506.275956284153,467.31912568306007,560.1092896174863,496.0434972677596,183,25.910931174089068,23.88663967611336,183,Centro-Oeste
5104609,Itiquira,MT,234,44,2.08974358974359,62.39316239316239,8.974358974358974,97.43589743589743,4.700854700854701,35.47008547008547,29.48717948717949,61.53846153846154,8.974358974358974,476.4940677966102,481.3745762711864,505.9364406779661,467.0864406779661,518.8135593220339,489.9410169491525,118,49.572649572649574,18.803418803418804,118,Centro-Oeste
5104807,Jaciara,MT,1184,224,1.7905405405405406,54.391891891891895,8.783783783783784,88.51351351351352,5.574324324324325,21.79054054054054,41.72297297297297,52.78716216216216,5.489864864864865,483.917695473251,493.7355281207133,514.5632373113855,486.01728395061724,539.8628257887517,503.61931412894376,729,38.429054054054056,18.91891891891892,729,Centro-Oeste
5105101,Juara,MT,662,163,1.7220543806646527,48.036253776435046,4.682779456193353,88.82175226586104,4.229607250755287,26.435045317220546,43.957703927492446,53.32326283987915,2.719033232628399,491.4434567901235,503.19061728395064,522.3530864197531,502.300987654321,557.3333333333334,515.3242962962963,405,38.82175226586103,24.622356495468278,405,Centro-Oeste
5105150,Juína,MT,856,222,1.544392523364486,40.53738317757009,3.1542056074766354,84.11214953271028,5.14018691588785,21.49532710280374,53.62149532710281,43.80841121495327,2.570093457943925,510.4989406779661,519.4078389830509,531.2993644067797,523.4266949152542,573.5169491525423,531.6299576271186,472,44.859813084112155,25.934579439252335,472,Centro-Oeste
5105176,Juruena,MT,269,53,2.026022304832714,57.99256505576208,6.319702602230483,97.02602230483272,7.063197026022305,34.20074349442379,31.970260223048324,63.56877323420075,4.4609665427509295,470.34832214765095,471.91879194630866,497.62147651006717,460.4530201342282,500.80536912751677,480.2293959731544,149,44.60966542750929,19.702602230483272,149,Centro-Oeste
5105259,Lucas do Rio Verde,MT,2013,461,1.5861897665176354,41.132637853949326,5.762543467461501,82.96075509190264,3.8748137108792844,24.88822652757079,49.27968206656732,47.93840039741679,2.7819175360158965,506.5739090909091,517.6852727272727,538.0868181818182,527.3049090909091,569.5090909090909,531.832,1100,45.355191256830594,22.90114257327372,1100,Centro-Oeste
5105580,Marcelândia,MT,199,42,1.8040201005025125,52.76381909547738,11.557788944723619,77.88944723618091,8.542713567839195,29.64824120603015,40.20100502512563,55.27638190954774,4.522613065326634,488.9891304347826,496.7141304347826,519.8076086956522,504.30326086956524,553.2608695652174,512.615,92,53.768844221105525,21.105527638190953,92,Centro-Oeste
5105622,Mirassol d'Oeste,MT,628,142,1.855095541401274,54.14012738853503,10.509554140127388,90.28662420382165,7.802547770700636,22.770700636942674,38.853503184713375,53.98089171974523,7.165605095541401,479.2015503875969,487.4710594315245,512.0894056847545,473.4759689922481,543.204134366925,499.0884237726098,387,38.37579617834395,22.611464968152866,387,Centro-Oeste
5106109,Nossa Senhora do Livramento,MT,188,38,2.3351063829787235,72.87234042553192,28.191489361702125,95.74468085106383,9.042553191489363,27.659574468085108,23.404255319148938,60.63829787234043,15.957446808510639,456.9854961832061,468.83893129770996,485.912213740458,455.94503816793895,455.57251908396944,464.6508396946565,131,30.319148936170215,20.212765957446805,131,Centro-Oeste
5106224,Nova Mutum,MT,1175,208,1.52,36.93617021276596,5.617021276595745,83.48936170212767,3.5744680851063833,22.382978723404257,53.276595744680854,43.91489361702128,2.8085106382978724,496.13800350262693,511.84676007005254,534.2430823117338,514.853415061296,587.8458844133099,528.9854290718039,571,51.40425531914894,17.70212765957447,571,Centro-Oeste
5106232,Nova Olímpia,MT,342,45,1.8245614035087718,48.24561403508772,7.602339181286549,95.90643274853801,7.017543859649122,23.684210526315788,39.1812865497076,57.30994152046783,3.508771929824561,473.5461077844311,491.73173652694607,518.2676646706586,485.8497005988024,547.5449101796407,503.3880239520958,167,51.16959064327485,13.157894736842104,167,Centro-Oeste
5106257,Nova Xavantina,MT,566,154,1.7508833922261484,48.0565371024735,5.30035335689046,93.28621908127208,6.713780918727916,21.73144876325088,42.75618374558304,54.59363957597173,2.65017667844523,476.5428571428571,477.8204481792717,508.4047619047619,477.9137254901961,538.5994397759104,495.85624649859943,357,36.925795053003526,27.208480565371023,357,Centro-Oeste
5106307,Paranatinga,MT,463,84,1.812095032397408,53.99568034557235,6.263498920086392,90.92872570194385,6.479481641468683,23.542116630669547,38.44492440604751,56.803455723542115,4.751619870410368,471.43333333333334,484.5077922077922,512.8398268398269,480.1138528138528,514.4588744588744,492.67073593073593,231,50.10799136069115,18.142548596112313,231,Centro-Oeste
5106372,Pedra Preta,MT,366,68,1.855191256830601,51.09289617486339,7.923497267759563,92.34972677595628,6.557377049180328,27.595628415300546,39.89071038251366,54.91803278688525,5.191256830601093,484.6390134529148,501.7878923766816,521.17533632287,494.5233183856502,563.2286995515695,513.0708520179372,223,39.07103825136612,18.579234972677597,223,Centro-Oeste
5106422,Peixoto de Azevedo,MT,604,111,1.783112582781457,52.980132450331126,8.112582781456954,84.60264900662253,7.450331125827815,25.165562913907287,41.05960264900662,54.3046357615894,4.635761589403973,487.5272340425532,507.60808510638293,520.9770212765958,498.303829787234,523.6595744680851,507.6151489361702,235,61.09271523178808,18.37748344370861,235,Centro-Oeste
5106505,Poconé,MT,504,91,2.013888888888889,68.65079365079364,22.22222222222222,83.13492063492063,9.722222222222223,17.658730158730158,31.746031746031743,58.730158730158735,9.523809523809524,456.9222222222222,469.63238095238097,493.43333333333334,453.33142857142855,492.44444444444446,473.1527619047619,315,37.5,18.055555555555554,315,Centro-Oeste
5106752,Pontes e Lacerda,MT,1294,259,1.8083462132921175,49.61360123647604,8.268933539412673,90.34003091190108,5.255023183925812,27.35703245749614,42.58114374034003,51.54559505409583,5.873261205564142,481.3720694645441,490.4134587554269,512.6982633863965,473.77337192474675,525.5282199710564,496.7570767004342,691,46.599690880989186,20.015455950540957,691,Centro-Oeste
5106828,Porto Esperidião,MT,227,55,2.2334801762114536,64.31718061674009,11.45374449339207,99.55947136563876,8.81057268722467,39.20704845814978,27.312775330396477,61.23348017621145,11.45374449339207,468.33013698630134,470.5520547945206,493.0020547945206,446.7801369863014,514.7945205479452,478.6917808219178,146,35.68281938325991,24.229074889867842,146,Centro-Oeste
5107008,Poxoréu,MT,254,34,2.0393700787401574,61.023622047244096,8.661417322834646,96.8503937007874,6.299212598425196,31.10236220472441,30.314960629921263,62.99212598425197,6.692913385826772,480.06484375,490.65234375,514.51875,469.6234375,527.34375,496.440625,128,49.60629921259843,13.385826771653544,128,Centro-Oeste
5107040,Primavera do Leste,MT,1842,401,1.484799131378936,38.59934853420196,4.614549402823019,79.69598262757872,3.3659066232356136,22.204125950054287,53.80021715526602,43.702497285559176,2.49728555917481,509.2203125,524.74677734375,537.341796875,521.87998046875,596.77734375,537.9932421875,1024,44.408251900108574,21.76981541802389,1024,Centro-Oeste
5107065,Querência,MT,692,165,1.8526011560693643,52.45664739884393,7.803468208092486,93.0635838150289,4.624277456647398,27.3121387283237,40.895953757225435,54.04624277456648,5.057803468208093,478.9924205378973,488.3447432762836,507.3427872860636,472.11491442542786,534.1809290953545,496.1951589242054,409,40.895953757225435,23.843930635838152,409,Centro-Oeste
5107107,São José dos Quatro Marcos,MT,251,55,1.5737051792828685,39.8406374501992,5.179282868525896,82.47011952191235,5.9760956175298805,23.904382470119522,51.39442231075697,42.62948207171315,5.9760956175298805,497.89112426035507,511.58284023668637,526.1781065088758,521.2846153846154,610.6508875739645,533.5175147928994,169,32.66932270916335,21.91235059760956,169,Centro-Oeste
5107305,São José do Rio Claro,MT,321,58,1.9065420560747663,52.95950155763239,6.853582554517133,96.88473520249221,2.1806853582554515,31.775700934579437,35.82554517133956,59.813084112149525,4.361370716510903,478.0619631901841,488.6134969325153,512.1907975460123,501.1503067484663,547.239263803681,505.45116564417174,163,49.22118380062306,18.06853582554517,163,Centro-Oeste
5107602,Rondonópolis,MT,7188,1302,1.6204785754034503,44.43516972732331,8.333333333333332,83.01335559265442,4.47968836950473,21.786310517529213,48.60879243183083,47.259321090706734,4.131886477462437,504.5965758211041,518.9628697880271,538.2614488702538,520.1065222455159,582.2082459818309,532.8271325413464,4293,40.27545909849749,18.113522537562606,4293,Centro-Oeste
5107701,Rosário Oeste,MT,789,113,2.1102661596958177,68.06083650190115,16.983523447401776,90.74778200253485,10.646387832699618,24.58808618504436,28.39036755386565,62.61089987325729,8.99873257287706,455.4460317460318,460.840589569161,478.9,445.18163265306123,503.7641723356009,468.826485260771,441,44.106463878327,14.321926489226868,441,Centro-Oeste
5107800,Santo Antônio de Leverger,MT,363,59,2.190082644628099,66.39118457300276,26.170798898071624,90.35812672176309,12.121212121212121,23.96694214876033,31.129476584022036,55.371900826446286,13.498622589531681,465.8987124463519,489.3751072961373,500.0300429184549,466.84635193133045,506.3519313304721,485.70042918454936,233,35.81267217630854,16.2534435261708,233,Centro-Oeste
5107859,São Félix do Araguaia,MT,294,60,2.0816326530612246,65.64625850340136,17.346938775510203,94.5578231292517,11.564625850340136,19.047619047619047,30.272108843537417,62.925170068027214,6.802721088435375,466.6242774566474,465.90231213872835,489.50404624277456,432.1335260115607,515.2601156069364,473.8848554913295,173,41.156462585034014,20.408163265306122,173,Centro-Oeste
5107875,Sapezal,MT,792,240,1.523989898989899,39.52020202020202,4.671717171717172,81.18686868686868,3.2828282828282833,23.737373737373737,52.90404040404041,44.06565656565656,3.0303030303030303,483.35581395348834,499.1630021141649,518.8856236786469,490.68139534883716,568.1183932346723,512.0408456659619,473,40.27777777777778,30.303030303030305,473,Centro-Oeste
5107909,Sinop,MT,5258,1151,1.4653860783567896,39.34956257131989,6.637504754659567,73.50703689615824,4.05096995055154,22.99353366298973,53.63255990871053,42.86801065043743,3.499429440852035,511.18564737370355,523.9881565741051,540.5716962194714,537.1689193710271,608.2569421211107,544.2342723318835,2989,43.153290224419926,21.89045264359072,2989,Centro-Oeste
5107925,Sorriso,MT,2680,580,1.641417910447761,45.559701492537314,8.805970149253731,79.21641791044776,3.582089552238806,26.97761194029851,47.01492537313433,47.94776119402985,5.037313432835821,500.01961345740875,514.1017179670723,534.9685039370079,522.6615604867573,579.2555476020043,530.2013886900501,1397,47.87313432835821,21.641791044776117,1397,Centro-Oeste
5107958,Tangará da Serra,MT,2159,470,1.5655396016674386,42.982862436313106,6.716072255673923,81.00972672533581,4.214914312181565,21.630384437239464,50.02315886984715,46.919870310328854,3.0569708198239924,497.9536210680322,513.3367227505487,531.4333577176299,522.2364301389905,601.2874908558888,533.249524506218,1367,36.68364983788791,21.76933765632237,1367,Centro-Oeste
5108055,Terra Nova do Norte,MT,217,47,1.9216589861751152,51.61290322580645,11.059907834101383,97.6958525345622,5.990783410138248,25.806451612903224,37.78801843317972,56.22119815668203,5.990783410138248,482.6080357142857,492.38214285714287,513.8803571428572,474.33750000000003,548.2142857142857,502.2844642857143,112,48.38709677419355,21.658986175115206,112,Centro-Oeste
5108402,Várzea Grande,MT,7065,1048,1.818683651804671,55.55555555555556,15.003538570417552,83.35456475583865,5.392781316348196,22.561924982307147,39.660297239915074,53.503184713375795,6.83651804670913,483.05953812845803,498.7766658648064,520.7409429877316,487.14390185229735,547.9287948039452,507.5299687274477,4157,41.160651096956826,14.83368719037509,4157,Centro-Oeste
5108600,Vila Rica,MT,416,100,2.0072115384615383,60.57692307692307,9.615384615384617,89.90384615384616,8.173076923076923,32.45192307692308,32.21153846153847,60.33653846153846,7.451923076923077,470.3662100456621,472.06392694063925,501.562100456621,466.7109589041096,515.9817351598174,485.3369863013699,219,47.355769230769226,24.03846153846154,219,Centro-Oeste
5108956,Nova Monte Verde,MT,325,110,1.9815384615384615,55.69230769230769,6.153846153846154,98.15384615384616,5.538461538461538,32.61538461538461,32.92307692307692,60.92307692307693,6.153846153846154,472.9526627218935,485.512426035503,507.2278106508876,476.90650887573963,521.301775147929,492.78023668639054,169,48.0,33.84615384615385,169,Centro-Oeste
5200134,Acreúna,GO,783,225,1.8160919540229885,56.32183908045977,6.7688378033205625,84.67432950191571,5.61941251596424,28.22477650063857,38.441890166028095,56.960408684546614,4.597701149425287,476.4890243902439,485.2916666666667,511.43434959349594,487.2032520325203,569.5528455284552,505.9942276422764,492,37.16475095785441,28.735632183908045,492,Centro-Oeste
5200258,Águas Lindas de Goiás,GO,5382,967,2.074321813452248,63.82385730211817,11.334076551467856,86.80787811222594,9.959123002601263,35.507246376811594,29.48717948717949,61.87290969899666,8.639910813823857,474.5846776611694,491.0856971514243,513.950944527736,470.28044977511246,544.8935532233883,498.9590644677661,3335,38.034188034188034,17.96729840208101,3335,Centro-Oeste
5200308,Alexânia,GO,629,136,1.9077901430842608,50.39745627980922,10.01589825119237,89.34817170111288,11.287758346581876,29.72972972972973,40.69952305246423,50.39745627980922,8.90302066772655,491.8342939481268,509.2455331412104,522.2115273775216,497.7752161383285,592.8530259365995,522.7839193083573,347,44.83306836248012,21.62162162162162,347,Centro-Oeste
5200803,Alvorada do Norte,GO,422,94,2.139810426540284,66.35071090047393,17.535545023696685,96.6824644549763,9.715639810426541,23.696682464454977,29.620853080568722,60.426540284360186,9.95260663507109,480.61368821292774,484.26920152091253,505.68022813688214,486.00114068441064,561.8250950570342,503.67787072243345,263,37.67772511848341,22.274881516587676,263,Centro-Oeste
5201108,Anápolis,GO,10825,2629,1.5175057736720554,42.31870669745958,7.048498845265589,75.4919168591224,3.8429561200923787,23.048498845265588,52.10161662817552,44.055427251732105,3.8429561200923787,513.2883816254416,530.4028975265018,546.2944028268552,542.447519434629,670.8862190812721,560.6638840989399,7075,34.64203233256351,24.28637413394919,7075,Centro-Oeste
5201405,Aparecida de Goiânia,GO,12350,2609,1.6930364372469635,50.93117408906883,8.615384615384615,78.85020242914979,4.526315789473685,26.38056680161943,44.04858299595142,51.21457489878543,4.736842105263158,497.9927148979078,512.8427275018906,533.2457020418452,510.65274766826315,616.2969498361482,534.206168389211,7934,35.75708502024292,21.125506072874494,7934,Centro-Oeste
5201702,Aragarças,GO,433,68,1.8729792147806004,59.122401847575055,5.773672055427252,91.68591224018475,6.466512702078522,24.249422632794456,33.48729792147806,63.04849884526559,3.4642032332563506,481.0872727272727,493.6956363636363,514.6458181818182,483.096,534.9090909090909,501.4867636363637,275,36.48960739030023,15.704387990762125,275,Centro-Oeste
5203203,Barro Alto,GO,206,63,1.8398058252427185,54.36893203883495,3.3980582524271843,93.68932038834951,2.4271844660194173,30.097087378640776,35.43689320388349,62.13592233009708,2.4271844660194173,479.50666666666666,487.53999999999996,513.0409523809524,487.79904761904766,566.4761904761905,506.87257142857146,105,49.029126213592235,30.582524271844658,105,Centro-Oeste
5203500,Bom Jesus de Goiás,GO,403,81,1.8411910669975187,52.357320099255574,11.41439205955335,88.83374689826302,2.2332506203473943,29.280397022332505,41.19106699751861,53.349875930521094,5.459057071960298,484.2635514018691,492.0855140186916,523.9971962616822,509.4929906542056,615.3271028037383,525.0332710280373,214,46.898263027295286,20.099255583126553,214,Centro-Oeste
5204508,Caldas Novas,GO,2398,613,1.614678899082569,46.538782318598834,6.005004170141785,81.90158465387823,3.628023352793995,23.394495412844037,46.9557964970809,50.0417014178482,3.0025020850708923,495.39451713395636,509.67283489096576,530.6563239875389,516.8285358255451,616.4735202492212,533.8051464174455,1605,33.06922435362802,25.56296914095079,1605,Centro-Oeste
5204904,Campos Belos,GO,1127,294,2.314108251996451,70.45252883762201,18.81100266193434,97.33806566104703,15.882874889086068,28.926353149955634,25.110913930789707,59.36113575865129,15.527950310559005,467.54107611548557,475.83727034120733,492.9221784776903,463.7081364829396,553.0446194225722,490.610656167979,762,32.3868677905945,26.08695652173913,762,Centro-Oeste
5205109,Catalão,GO,4158,1268,1.4151034151034152,43.45839345839346,5.435305435305436,67.65271765271766,4.4492544492544495,20.514670514670517,54.42520442520442,42.11159211159211,3.463203463203463,508.8214163530619,520.400444748546,539.7930892918234,526.5313034553541,627.5812521382142,544.6255011974,2923,29.701779701779706,30.495430495430497,2923,Centro-Oeste
5205307,Cavalcante,GO,416,113,2.701923076923077,75.96153846153845,26.682692307692307,99.51923076923077,25.721153846153843,42.30769230769231,17.067307692307693,56.25,26.682692307692307,436.50031446540885,442.9100628930817,452.064465408805,423.0716981132075,436.9811320754717,438.305534591195,318,23.557692307692314,27.163461538461537,318,Centro-Oeste
5205406,Ceres,GO,1896,537,1.760548523206751,56.118143459915615,8.860759493670885,84.12447257383965,4.694092827004219,22.257383966244724,38.871308016877634,57.22573839662447,3.9029535864978904,501.683294117647,511.43819607843136,529.5759215686275,529.9498823529411,624.2509803921569,539.3796549019609,1275,32.75316455696202,28.322784810126585,1275,Centro-Oeste
5205471,Chapadão do Céu,GO,365,97,1.7342465753424658,55.06849315068493,5.47945205479452,81.91780821917808,2.4657534246575343,28.493150684931507,41.369863013698634,54.52054794520548,4.10958904109589,490.25021645021644,495.83116883116884,516.7770562770563,499.951948051948,533.1601731601731,507.19411255411256,231,36.712328767123296,26.575342465753426,231,Centro-Oeste
5205497,Cidade Ocidental,GO,1898,243,1.963645943097998,54.531085353003164,11.643835616438356,89.304531085353,10.273972602739725,30.61116965226554,35.45837723919916,55.63751317175974,8.904109589041095,480.40215053763444,494.4968637992832,522.2093189964157,485.39283154121864,560.6093189964158,508.62209677419355,1116,41.20126448893572,12.80295047418335,1116,Centro-Oeste
5206206,Cristalina,GO,1048,260,1.7643129770992367,51.43129770992366,6.965648854961833,79.58015267175573,8.206106870229007,30.248091603053435,41.12595419847328,53.62595419847328,5.248091603053435,488.99295774647885,498.31732394366196,518.9321126760564,495.2711267605634,589.7183098591549,518.2463661971831,710,32.25190839694656,24.80916030534351,710,Centro-Oeste
5207907,Flores de Goiás,GO,210,46,2.3857142857142857,78.57142857142857,12.857142857142856,97.61904761904762,15.714285714285714,33.80952380952381,15.714285714285714,74.76190476190476,9.523809523809524,445.92083333333335,454.175,475.5175,427.17249999999996,431.5,446.85716666666667,120,42.85714285714286,21.904761904761905,120,Centro-Oeste
5208004,Formosa,GO,3457,990,1.8510269019380967,52.415389065663874,15.041943881978595,84.37951981486839,8.35984958056118,24.905987850737635,41.24963841481053,50.27480474399768,8.475556841191786,491.22193292144743,500.53578993821714,524.709708737864,501.86809355692856,570.7325684024713,517.8136187113856,2266,34.451836852762504,28.63754700607463,2266,Centro-Oeste
5208608,Goianésia,GO,1898,504,1.726554267650158,52.68703898840885,5.532139093782929,86.56480505795574,4.478398314014752,23.39304531085353,42.67650158061117,53.213909378292946,4.10958904109589,502.3196506550218,510.0768558951965,529.290174672489,529.8967248908297,630.9752547307132,540.51173216885,1374,27.608008429926233,26.55426765015806,1374,Centro-Oeste
5208707,Goiânia,GO,44274,11743,1.2192483172968334,35.38193973889868,6.906988300131002,57.96404210145909,3.645480417400732,18.02638117179383,61.95961512400054,34.810498260830286,3.229886615169174,528.2841291773778,541.4540038560411,556.976118251928,561.7517062982006,670.7898457583548,571.8511606683805,31120,29.710439535619106,26.52346749785427,31120,Centro-Oeste
5208806,Goianira,GO,2012,499,2.1108349900596424,65.50695825049702,11.829025844930417,93.389662027833,7.007952286282307,33.34990059642147,26.938369781312126,65.70576540755468,7.3558648111332,481.20193861066235,492.1277867528271,516.9279483037157,485.5999192245557,587.5928917609046,512.6900969305331,1238,38.46918489065606,24.801192842942346,1238,Centro-Oeste
5208905,Goiás,GO,1668,422,1.98621103117506,57.13429256594724,10.611510791366907,87.70983213429257,10.67146282973621,32.49400479616307,34.53237410071942,56.17505995203837,9.292565947242206,497.2680645161291,509.26919354838714,529.4333870967743,503.6762903225806,624.2903225806451,532.7874516129032,620,62.829736211031175,25.29976019184652,620,Centro-Oeste
5209101,Goiatuba,GO,670,185,1.6686567164179105,50.74626865671642,5.6716417910447765,85.22388059701493,4.029850746268656,21.19402985074627,44.776119402985074,52.38805970149254,2.8358208955223883,497.5409836065574,509.58430913348946,533.7084309133489,523.9550351288055,593.4426229508197,531.6462763466042,427,36.268656716417915,27.611940298507463,427,Centro-Oeste
5210000,Inhumas,GO,1715,510,1.7807580174927113,53.87755102040816,11.370262390670554,79.12536443148687,7.521865889212828,26.18075801749271,41.457725947521865,50.78717201166181,7.755102040816326,502.86622922134734,513.4748906386702,532.9449693788276,532.2734908136483,636.0629921259842,543.5245144356956,1143,33.35276967930029,29.737609329446062,1143,Centro-Oeste
5210109,Ipameri,GO,533,140,1.900562851782364,49.15572232645403,20.45028142589118,84.9906191369606,3.564727954971857,31.894934333958723,44.652908067542214,41.83864915572232,13.50844277673546,502.641046831956,518.4462809917355,532.3088154269973,522.9787878787879,636.0330578512396,542.4815977961433,363,31.894934333958723,26.26641651031895,363,Centro-Oeste
5210208,Iporá,GO,1426,490,1.608695652173913,45.93267882187938,3.576437587657784,89.13043478260869,3.506311360448808,18.723702664796633,47.82608695652174,50.210378681626935,1.9635343618513323,491.8666349809886,499.75960076045624,521.0549429657796,507.7288973384031,615.6273764258555,527.2074904942966,1052,26.22720897615708,34.36185133239832,1052,Centro-Oeste
5210406,Itaberaí,GO,1194,321,1.8056951423785594,55.36013400335008,8.710217755443885,80.31825795644892,5.276381909547738,30.90452261306533,40.28475711892797,53.266331658291456,6.448911222780569,498.7854591836735,509.296556122449,532.0251275510204,525.6841836734694,621.3010204081633,537.4184693877551,784,34.33835845896147,26.884422110552762,784,Centro-Oeste
5210901,Itapaci,GO,1270,389,1.7566929133858267,58.18897637795276,7.716535433070866,78.50393700787401,7.559055118110236,23.700787401574804,41.338582677165356,53.07086614173229,5.590551181102362,477.71642335766427,485.82250608272506,508.93004866180047,487.34635036496354,589.1970802919708,509.8024817518248,822,35.275590551181104,30.62992125984252,822,Centro-Oeste
5211206,Itapuranga,GO,855,339,1.9391812865497076,60.35087719298245,6.1988304093567255,95.32163742690058,4.678362573099415,27.368421052631582,34.03508771929825,61.63742690058479,4.3274853801169595,495.15157232704405,501.8103773584906,520.5388364779874,517.5257861635221,634.2138364779875,533.8480817610063,636,25.6140350877193,39.64912280701755,636,Centro-Oeste
5211503,Itumbiara,GO,2849,760,1.5222885222885223,44.82274482274482,7.265707265707267,74.5173745173745,3.018603018603019,22.604422604422606,52.579852579852584,42.26044226044226,5.159705159705159,503.02434975096844,515.7886552296624,537.6294410625346,532.0048699501937,625.7443276148313,542.838328721638,1807,36.57423657423657,26.676026676026677,1807,Centro-Oeste
5211800,Jaraguá,GO,1288,456,2.017857142857143,63.66459627329193,11.490683229813664,88.27639751552795,6.444099378881988,31.90993788819876,31.211180124223603,60.9472049689441,7.841614906832298,478.5683210137276,490.3315733896515,508.5442449841605,489.313727560718,579.9366420274552,509.33890179514253,947,26.475155279503106,35.40372670807454,947,Centro-Oeste
5211909,Jataí,GO,3622,792,1.5350635008282716,42.15902816123688,6.957482054113749,75.5383765875207,4.47266703478741,24.378796245168417,50.165654334621756,45.720596355604634,4.113749309773606,505.74579217700517,517.0403002765705,535.8636507309363,527.9023706045041,627.9968391939944,542.9097905966021,2531,30.12147984538929,21.86637217007178,2531,Centro-Oeste
5212204,Jussara,GO,973,372,1.9948612538540595,61.87050359712231,7.7081192189105865,94.655704008222,6.5775950668037,28.674203494347378,32.27132579650565,61.973278520041106,5.755395683453238,480.5840667678301,489.586191198786,511.1738998482549,484.92003034901364,561.1836115326252,505.48955993930196,659,32.27132579650566,38.23227132579651,659,Centro-Oeste
5212501,Luziânia,GO,4098,765,1.9546120058565153,56.95461200585652,9.5900439238653,90.36115178135677,7.613469985358712,30.94192288921425,33.796974133723765,59.541239629087364,6.661786237188873,485.2806899453092,501.16567101388307,521.3893142616744,497.35330248212034,570.2818679007152,515.0941691207405,2377,41.996095656417765,18.667642752562223,2377,Centro-Oeste
5212709,Mambaí,GO,350,90,2.302857142857143,71.14285714285714,18.285714285714285,97.42857142857143,10.0,33.42857142857143,24.0,63.142857142857146,12.857142857142856,462.05829596412553,470.86278026905825,493.0403587443946,452.9829596412556,545.0224215246636,484.79336322869955,223,36.285714285714285,25.71428571428571,223,Centro-Oeste
5213087,Minaçu,GO,722,197,1.7506925207756232,54.57063711911358,8.587257617728532,83.65650969529086,6.3711911357340725,21.88365650969529,41.96675900277008,53.18559556786704,4.847645429362881,484.0899328859061,490.8890380313199,507.9346756152125,495.84653243847873,591.2751677852349,514.0070693512305,447,38.088642659279785,27.28531855955679,447,Centro-Oeste
5213103,Mineiros,GO,1763,542,1.7203630175836642,51.559841179807144,9.585933068633013,82.9835507657402,4.480998298355077,23.42597844583097,43.10833806012479,52.29722064662508,4.594441293250142,495.0535058430718,504.03514190317196,527.7585976627713,513.851001669449,627.6460767946578,533.6688647746245,1198,32.04764605785593,30.743051616562678,1198,Centro-Oeste
5213806,Morrinhos,GO,1362,417,1.6475770925110131,47.50367107195301,3.450807635829662,84.28781204111601,3.2305433186490458,26.284875183553595,47.28340675477239,50.66079295154186,2.0558002936857562,497.94538860103626,505.3539896373057,528.5146113989637,514.1120207253886,624.4974093264249,534.0846839378239,965,29.14831130690162,30.616740088105725,965,Centro-Oeste
5214002,Mozarlândia,GO,591,210,2.023688663282572,69.03553299492386,6.598984771573605,95.93908629441624,4.568527918781726,26.22673434856176,28.25719120135364,66.83587140439933,4.906937394247039,468.1466334164588,467.88703241895263,501.9488778054863,465.5586034912718,530.2244389027431,486.75311720698255,401,32.148900169204744,35.53299492385787,401,Centro-Oeste
5214507,Nerópolis,GO,1285,303,1.9105058365758756,57.354085603112836,9.72762645914397,89.80544747081713,5.136186770428015,29.027237354085607,35.3307392996109,58.52140077821012,6.147859922178988,487.2685534591195,503.0188679245283,526.1256603773585,504.13547169811324,592.8805031446541,522.6858113207547,795,38.13229571984436,23.57976653696498,795,Centro-Oeste
5214606,Niquelândia,GO,707,191,1.874115983026874,58.84016973125884,9.476661951909476,85.85572842998586,7.072135785007072,26.166902404526166,39.74540311173975,53.6067892503536,6.647807637906649,483.79422310756974,488.6227091633466,512.2201195219124,496.9934262948207,599.2828685258964,516.1826693227092,502,28.995756718528998,27.015558698727016,502,Centro-Oeste
5215231,Novo Gama,GO,1800,191,2.0944444444444446,60.44444444444444,10.38888888888889,93.33333333333333,8.88888888888889,36.388888888888886,29.555555555555557,62.44444444444445,8.0,474.5695952615992,488.4803553800592,514.4284304047384,476.79042448173743,569.8914116485686,504.83204343534055,1013,43.722222222222214,10.61111111111111,1013,Centro-Oeste
5215603,Padre Bernardo,GO,534,123,2.1647940074906367,64.23220973782772,12.359550561797752,95.31835205992509,9.737827715355806,34.831460674157306,27.340823970037455,63.10861423220974,9.550561797752808,461.03215258855585,469.2991825613079,493.65013623978206,466.89427792915535,545.3950953678474,487.2541689373297,367,31.273408239700373,23.03370786516854,367,Centro-Oeste
5217104,Piracanjuba,GO,1075,313,1.784186046511628,56.83720930232559,6.976744186046512,81.76744186046511,5.953488372093023,26.883720930232556,40.83720930232558,54.13953488372093,5.023255813953488,494.0147859922179,504.54345006485084,525.7845654993515,507.147859922179,617.1465629053178,529.7274448767834,771,28.279069767441854,29.116279069767444,771,Centro-Oeste
5217302,Pirenópolis,GO,861,223,2.0058072009291523,61.672473867595826,10.91753774680604,93.14750290360047,5.691056910569105,29.152148664343784,31.24274099883856,61.55632984901278,7.200929152148665,479.9172711571675,496.1350604490501,517.7613126079447,488.60673575129533,587.979274611399,514.0799309153714,579,32.752613240418114,25.900116144018583,579,Centro-Oeste
5217401,Pires do Rio,GO,1190,372,1.6436974789915966,51.344537815126046,8.319327731092436,75.29411764705883,3.865546218487395,25.546218487394956,46.38655462184874,48.403361344537814,5.2100840336134455,508.0282258064516,513.7223502304147,532.0605990783409,522.1403225806451,624.2396313364055,540.0382258064516,868,27.058823529411768,31.26050420168067,868,Centro-Oeste
5217609,Planaltina,GO,2333,412,2.0964423489069866,60.90870124303473,15.045006429489927,91.1701671667381,9.901414487783969,32.618945563651955,30.732961851693098,59.365623660522935,9.901414487783969,477.22879464285717,489.06331845238094,514.1419642857143,476.67589285714286,548.2142857142857,501.0648511904762,1344,42.39177025289327,17.65966566652379,1344,Centro-Oeste
5218003,Porangatu,GO,1622,553,1.9217016029593095,60.604192355117135,10.850801479654747,87.11467324290999,6.350184956843403,27.25030826140567,34.77188655980271,59.06288532675708,6.165228113440198,477.4379373848987,480.21418047882133,502.30000000000007,488.24125230202577,599.060773480663,509.45082872928174,1086,33.04562268803946,34.09371146732429,1086,Centro-Oeste
5218300,Posse,GO,1719,532,2.1751018033740546,67.36474694589877,17.684700407213498,92.03025014543339,11.11111111111111,29.31937172774869,27.86503781268179,59.976730657358935,12.158231529959279,468.0904109589041,476.78861301369864,498.44657534246574,473.64289383561646,535.582191780822,490.51013698630135,1168,32.053519488074464,30.948225712623618,1168,Centro-Oeste
5218508,Quirinópolis,GO,1435,438,1.675261324041812,48.43205574912892,5.853658536585367,86.34146341463415,4.181184668989547,22.717770034843205,45.43554006968641,50.452961672473876,4.111498257839721,486.7227178423237,497.3855809128631,520.0526970954356,501.9070539419087,591.161825726141,519.4459751037344,964,32.822299651567945,30.522648083623693,964,Centro-Oeste
5218805,Rio Verde,GO,5493,1580,1.6173311487347533,47.38758419807027,7.190970325869288,79.24631348989624,4.551247041689423,23.35699981795012,46.95066448206809,48.73475332241034,4.314582195521573,499.67127596439167,509.1041246290801,530.1527893175074,522.7687833827894,617.0919881305638,535.7577922848665,3370,38.64918987802658,28.763881303477152,3370,Centro-Oeste
5218904,Rubiataba,GO,661,234,1.8850226928895613,58.09379727685325,9.228441754916792,95.15885022692889,3.479576399394856,22.54160363086233,37.065052950075646,59.001512859304086,3.9334341906202726,496.21288209606985,493.61921397379916,519.6973799126638,508.89454148471617,625.240174672489,528.7328384279476,458,30.71104387291982,35.400907715582456,458,Centro-Oeste
5219308,Santa Helena de Goiás,GO,899,182,1.681868743047831,52.28031145717463,8.453837597330367,75.75083426028921,4.894327030033371,26.807563959955505,41.824249165739715,53.39265850945495,4.78309232480534,496.1370642201835,504.9401834862386,526.4034862385322,517.4139449541284,576.2935779816514,524.2376513761468,545,39.37708565072302,20.24471635150167,545,Centro-Oeste
5219753,Santo Antônio do Descoberto,GO,1229,182,2.125305126118796,62.489829129373476,13.425549227013834,93.5720097640358,7.892595606183889,35.15052888527258,27.827502034174124,62.896663954434494,9.275834011391375,475.13184713375796,492.42458598726114,514.4868789808918,479.44280254777067,551.0828025477707,502.51378343949045,785,36.12693246541904,14.808787632221318,785,Centro-Oeste
5220108,São Luís de Montes Belos,GO,2008,740,1.7808764940239044,54.73107569721115,7.5199203187251,84.9601593625498,4.9800796812749,25.89641434262948,40.58764940239043,54.93027888446215,4.482071713147411,479.92193362193365,484.6005050505051,507.3205627705628,483.9087301587302,575.4978354978355,506.2499134199134,1386,30.976095617529875,36.852589641434264,1386,Centro-Oeste
5220207,São Miguel do Araguaia,GO,870,268,2.02183908045977,65.17241379310344,7.35632183908046,96.43678160919539,5.402298850574713,27.816091954022987,29.42528735632184,64.82758620689654,5.747126436781609,478.17734082397004,489.10992509363297,509.5616104868914,478.10898876404497,573.1086142322098,505.6132958801498,534,38.62068965517241,30.804597701149426,534,Centro-Oeste
5220454,Senador Canedo,GO,3471,597,1.8931143762604437,57.67790262172284,9.392106021319504,88.64880437914145,5.502736963411121,28.08988764044944,35.09075194468453,59.26246038605589,5.646787669259579,490.7444024563061,506.011572980633,528.0603212092584,496.110108644308,595.710911667454,523.3274633915919,2117,39.0089311437626,17.199654278305964,2117,Centro-Oeste
5220603,Silvânia,GO,1236,462,1.743527508090615,53.640776699029125,7.605177993527508,77.99352750809061,5.177993527508091,29.93527508090615,41.99029126213592,52.58899676375405,5.4207119741100325,492.89770992366414,497.32540894220284,520.6599781897492,510.5149400218103,603.2497273718648,524.9295528898583,917,25.809061488673134,37.37864077669903,917,Centro-Oeste
5221403,Trindade,GO,5598,1244,1.9717756341550554,59.735619864237236,11.539835655591283,87.35262593783494,5.94855305466238,32.60092890317971,34.08360128617363,57.627724187209715,8.28867452661665,488.4236111111111,500.3882387706856,522.9019208037826,498.5242021276595,601.4243498817967,522.3324645390071,3384,39.54983922829582,22.22222222222222,3384,Centro-Oeste
5221601,Uruaçu,GO,2161,545,1.8690421101341972,59.185562239703835,11.846367422489589,84.22026839426192,4.0259139287366965,27.626099028227674,37.52892179546507,56.27024525682555,6.200832947709394,491.0088986141502,496.9601750547046,518.3498176513493,505.16892778993434,599.8395331874544,522.2654704595186,1371,36.55714946783897,25.21980564553448,1371,Centro-Oeste
5221858,Valparaíso de Goiás,GO,5021,730,1.765982871937861,49.372634933280224,9.719179446325434,84.32583150766779,6.930890260904202,26.249751045608445,42.44174467237602,52.04142601075483,5.51682931686915,488.4005058488777,507.28653177363265,531.3353461903256,495.24195384128996,578.8239013594689,520.217647802719,3163,37.004580760804615,14.538936466839274,3163,Centro-Oeste
5300108,Brasília,DF,82955,15290,1.3277921764812248,33.2397082755711,7.420890844433729,67.01223554939425,5.419805918871677,19.686577059851725,59.79265867036345,35.95684407208727,4.250497257549274,519.8594741581763,538.536641180937,557.9893842812495,548.0778945137994,619.4678014585136,556.7862391185351,56633,31.730456271472484,18.43167982641191,56633,Centro-Oeste
